XOM,BRK-B,NVDA,LMT,JPM,WMT,MSFT,AAPL,BA,GM,PGR,JNJ,VTI,QQQ,SPY,IWM,VXUS,IEF,TLT,SHY,GLD,USO,DBB,SLV,DBA
0.2675270528232884,0.17822662013819893,0.03243019501714234,0.08964185770676636,0.029058627003908176,0.0031156473106958016,0.0,0.0,0.0,0.0,0.0,0.0,0.05952088299348386,0.22711011316482602,0.013369003841690097,0.0,0.0,0.038249859442108125,0.011750140557891878,0.0,0.033598967009991376,0.016401032990008627,0.0,0.0,0.0
0.0,0.0,0.03171512556290587,0.0,0.0,0.0,0.2731538610329647,0.29354212634151566,0.0,0.0,0.0015888870626137308,0.0,0.2691219253239657,0.0,0.005716039960245112,0.0,0.025162034715789167,0.04628962067582994,0.0,0.0037103793241700656,0.0,0.03184736372876679,0.018152636271233216,0.0,0.0
0.1648252478669155,0.0,0.0,0.017597186832672862,0.1946241963121761,0.0,0.0,0.0,0.0,0.22295336898823548,0.0,0.0,0.0,0.053218251427963784,0.0033966800381117768,0.12870274526508316,0.11468232326884126,0.0,0.01391621277694946,0.03608378722305054,0.03845288028964046,0.0,0.0,0.011547119710359544,0.0
0.0,0.0,0.0,0.0,0.16781184190724785,0.16508060560793286,0.20695074091492552,0.0,0.009331340872438143,0.0,0.05082547069745558,0.0,0.0037960837627294963,0.0,0.2703609737121526,0.025842942525117898,0.0,0.03688495665111933,0.013115043348880674,0.0,0.028525634899551736,0.0,0.0,0.0,0.021474365100448266
0.09695392728735466,0.0,0.0,0.016869428398814668,0.29041287551560807,0.13106643892632555,0.064697329871897,0.0,0.0,0.0,0.0,0.0,0.0,0.16078130252170517,0.01777393320141102,0.0,0.1214447642768838,0.02202295645918982,0.0,0.02797704354081018,0.0,0.0,0.03452342700770445,0.0,0.015476572992295552
0.0,0.0,0.14187643965110555,0.0925977193686208,0.2736434573983042,0.0,0.0,0.0,0.026872399713034432,0.017835440996166407,0.047174542872768524,0.0,0.18056125312023716,0.06868176644785406,0.0,0.007444824106704606,0.043312156325204146,0.01884329096261687,0.031156709037383132,0.0,0.0227487030620349,0.0,0.0,0.0,0.027251296937965103
0.027671865843008996,0.0,0.026533047249483077,0.0,0.0,0.22396545330082968,0.0,0.0,0.2173126665164745,0.0,0.09949599718424149,0.005020969905962236,0.0,0.25796716514184587,0.0,0.026581315643113727,0.015451519215040399,0.03772280163056174,0.01227719836943826,0.0,0.0,0.0,0.013315805279173906,0.0,0.0366841947208261
0.0,0.06598217581436691,0.0,0.009724348824623696,0.03619153515713265,0.0,0.2388545281551175,0.0,0.03126655709619913,0.02702001431381522,0.19096084063874486,0.0,0.0,0.0,0.2682539906627661,0.026693461045182654,0.005052548292051207,0.016697913556515433,0.0,0.03330208644348457,0.004039540786282145,0.0,0.0,0.0,0.04596045921371786
0.0,0.0,0.03607829635476048,0.0,0.08349070254913485,0.05715157827732931,0.039364943231656735,0.14985473611662495,0.05307441688703219,0.16646797410525765,0.014517352478203849,0.0,0.0,0.0,0.10126736742088266,0.0021859895751883407,0.196546643003929,0.04249918498580526,0.0075008150141947436,0.0,0.03439104231163559,0.0,0.0,0.015608957688364414,0.0
0.0,0.0,0.11431329444837987,0.0,0.1658228303928292,0.18726800234202898,0.018283131629632576,0.0,0.11431274118712934,0.0,0.0,0.0,0.0805606793265152,0.117626578565791,0.02840023503437215,0.06750374451218474,0.005908762561136871,0.0,0.01696636139657759,0.03303363860342241,0.0,0.043438092265509994,0.0,0.006561907734490009,0.0
0.0,0.0,0.0,0.22673500456969692,0.0,0.19837030207764664,0.00011619767881942966,0.0,0.0,0.14932501662098832,0.025453479052848692,0.0,0.14205368990946204,0.04032144637615735,0.03196265355413786,0.0023011945336269823,0.08336101562661574,0.008541462651371588,0.041458537348628414,0.0,0.0,0.0,0.04264016938406853,0.00735983061593147,0.0
0.0,0.06183000630686819,0.0,0.0,0.0,0.15266979944156658,0.03722248962944153,0.16920939196530813,0.0,0.05464442659846326,0.11232245191478271,0.012101434143569567,0.22794366866967936,0.0,0.0,0.04864269712909459,0.023413634201226052,0.03638545279793183,0.013614547202068172,0.0,0.0,0.03919793155947127,0.01080206844052873,0.0,0.0
0.05533209540971649,0.0,0.0,0.0,0.0,0.2529608215708694,0.0,0.0,0.0,0.23750477335497927,0.016702188326896183,0.03750012133753858,0.0,0.0029537861877305116,0.0,0.029282737129625317,0.26776347668264416,0.043023427709666245,0.006976572290333757,0.0,0.0,0.0,0.0,0.011186197134109406,0.0388138028658906
0.0,0.005605581279233829,0.0,0.15400668079099328,0.0,0.07722382543023423,0.13330047168603823,0.0,0.0,0.0,0.0,0.22986344081350035,0.03912270434178056,0.031592941901337046,0.005465352828264325,0.13493835576075525,0.08888064516786282,0.022063879024037697,0.0,0.027936120975962306,0.0,0.02373117247852663,0.0,0.0,0.026268827521473373
0.0,0.0,0.0,0.0,0.013694385007140486,0.0,0.0,0.0,0.27583750216606223,0.20572901758436138,0.10473909524243585,0.0,0.034861016651587085,0.05241440651034575,0.16757610748799384,0.03584121120159017,0.009307258148483155,0.0002895536340208199,0.04971044636597918,0.0,0.0,0.026160083811912444,0.02383991618808756,0.0,0.0
0.0,0.09344322801512442,0.0,0.0,0.0,0.01058161644283706,0.0,0.15611000777125145,0.0,0.29397890443295815,0.045886243337828904,0.0,0.022168288754238985,0.0,0.20282761877034425,0.07500409247541678,0.0,0.002324432245276571,0.0,0.04767556775472343,0.0,0.0,0.027817369070756073,0.0,0.02218263092924393
0.0,0.05259599172173625,0.0,0.0,0.20773403778457442,0.23932797696828198,0.08744150862093608,0.0,0.012900484904471266,0.0,0.0,0.0,0.19189220142264168,0.09159157589951636,0.0,0.016516222677841974,0.0,0.017549031300682486,0.03245096869931752,0.0,0.046694691474292636,0.0,0.0,0.0,0.0033053085257073664
0.0,0.21661301160073343,0.07283726255116992,0.0,0.0,0.0,0.0,0.005858458097823038,0.07717741984180798,0.0,0.22751384790846566,0.0,0.0,0.29032129932528866,0.0,0.0,0.009678700674711327,0.011197020460352453,0.0,0.03880297953964755,0.0,0.0,0.03831837825012018,0.0,0.011681621749879821
0.0,0.0,0.19442323224072555,0.0,0.05535350458464172,0.0,0.07605536260510914,0.0464982718404874,0.0,0.0,0.20607885436027265,0.021590774368763554,0.09508998177109049,0.07706485197352156,0.016974020216844965,0.047755063240861685,0.0631160827976813,0.0,0.022093377160055758,0.027906622839944245,0.0,0.040435592567110795,0.0,0.009564407432889208,0.0
0.20504926372300789,0.16146665973139962,0.0,0.0,0.030643490699243842,0.17447982070505588,0.0012267575023934274,0.0,0.0,0.0,0.0,0.027134007638899334,0.14761973004820034,0.0,0.025843706969735893,0.11187509339610929,0.01466146958595449,0.004144572699481035,0.04585542730051897,0.0,0.0,0.0004310603101190316,0.0,0.04956893968988097,0.0
0.0,0.25691369653475965,0.08330979089209065,0.0,0.0,0.013299765559310006,0.0,0.04167117300355669,0.20480557401028307,0.0,0.0,0.0,0.0,0.10529883531290235,0.06710618833453941,0.10654160642018357,0.021053369932374666,0.02586514690328684,0.024134853096713163,0.0,0.0,0.0,0.01628921987819644,0.03371078012180356,0.0
0.05338363670766341,0.0621220542961995,0.0,0.138255431580166,0.0,0.025468365491353784,0.029228153415034007,0.0,0.18979138196470374,0.0,0.10168994356631589,6.103297856352441e-05,0.1448890009208766,0.0,0.0,0.02493958437535765,0.13017141470376575,0.0,0.02426049477779289,0.025739505222207113,0.0,0.0,0.0,0.03836340457333133,0.011636595426668672
0.0,0.0,0.0,0.0,0.0872199368193237,0.0,0.0,0.2617642065889777,0.0,0.25063209992496943,0.00038375666672918474,0.0,0.11976210555318101,0.0,0.0,0.0009102800731313754,0.17932761437368758,0.01659043633515401,0.0,0.033409563664845994,0.0,0.0,0.02041589705984329,0.029584102940156714,0.0
0.0,0.0,0.0,0.0013919263217819777,0.0,0.15914985083033023,0.0,0.0,0.13819439497409933,0.12166779534538211,0.0,0.17959603252840642,0.029267676783852205,0.13819823751647564,0.02993981799804777,0.00021946483975626707,0.10237480286186806,0.016607709564211336,0.03339229043578867,0.0,0.0,0.03751623912215214,0.0,0.0,0.01248376087784786
0.0,0.2476193607792189,0.009557765559781273,0.028982047369851067,0.0,0.0,0.0,0.06357077573695788,0.11005148024148279,0.08041262318111825,0.0,0.059805947131589855,0.015042335033904564,0.028499563482072044,0.0,0.21650880769312664,0.03994929379089671,0.0,0.020304583004912877,0.029695416995087126,0.014769100818458884,0.0,0.03523089918154112,0.0,0.0
0.03398769736323085,0.0,0.0,0.022600372991932183,0.0,0.23207908317893985,0.061093449200828306,0.17398581682432912,0.0,0.0,0.03485651045044806,0.04139706999029166,0.04287590353974768,0.0,0.13047119190197123,0.11965365862825936,0.006999245930021714,0.02009788496688356,0.0,0.029902115033116444,0.0,0.0,0.02496265226040748,0.025037347739592524,0.0
0.0,0.0,0.0,0.03272827080558731,0.06742046776302549,0.2995589111777651,0.02867842082780382,0.0024000194803991404,0.0,0.0,0.047665069297475576,0.12154884064794355,0.13750986271104684,0.1401771286023404,0.022313008686612734,0.0,0.0,0.0,0.03321842182090192,0.016781578179098082,0.03442503748553981,0.0,0.0,0.0,0.015574962514460194
0.0,0.06691861902563387,0.13145447635594035,0.0,0.0,0.09558239755516462,0.0,0.08792278614233409,0.1808993162229585,0.011052215954186484,0.02617018874378213,0.0,0.0,0.2100168000790809,0.019013552854368065,0.07096964706655101,0.0,0.0,0.022544945305834813,0.02745505469416519,0.0,0.0,0.0,0.01842722352507166,0.031572776474928343
0.12256464829889871,0.0,0.06675720262116352,0.1675579706794686,0.015785366669203493,0.0,0.04299120556433164,0.18434360616693402,0.0,0.0,0.0,0.0,0.0,0.0,0.02656575944567748,0.0018118599969814686,0.27162238055734106,0.011205692790516295,0.0,0.03879430720948371,0.013585926334144731,0.0,0.0,0.03641407366585527,0.0
0.17442592637728943,0.0,0.0,0.25790044057027517,0.0,0.02470381413775824,0.060004480237684586,0.0,0.0829653386769926,0.0,0.0,0.0,0.022988222588017193,0.0,0.13573080546325225,0.10012768763801361,0.04115328431071695,0.046693949915729165,0.0,0.003306050084270838,0.03860408535405321,0.011395914645946796,0.0,0.0,0.0
0.0,0.0,0.0,0.0,0.0,0.0,0.07773957604300044,0.2564326871815638,0.0,0.26318604343002694,0.0026416933454087577,0.0,0.014328801656461332,0.0,0.02580603587443669,0.03562935740747569,0.22423580506162627,0.028498160429685657,0.0,0.021501839570314346,0.0043615288871533126,0.04563847111284669,0.0,0.0,0.0
0.009792743916955282,0.0,0.045058066330173216,0.09512230539430169,0.0,0.0,0.27623024084562325,0.0,0.07836162956277953,0.0,0.061814005390742235,0.0336210085594249,0.1585605100656036,0.07506088796216301,0.0,0.01432646843637242,0.052052133535860974,0.0,0.001144078737081257,0.048855921262918746,0.029115278021373217,0.0,0.0,0.020884721978626786,0.0
0.08624531091199691,0.0,0.0,0.0,0.03512405915406723,0.011467862408395813,0.0,0.2745304527307329,0.0,0.0,0.19263231479480705,0.0,0.0008179051445458829,0.12342197038494979,0.0,0.17576012447050432,0.0,0.0,0.016717797929294315,0.03328220207070569,0.028676343406776397,0.0,0.0,0.0,0.021323656593223606
0.0,0.04684077770478584,0.0,0.0,0.0,0.2775913497490826,0.0,0.0,0.0,0.17498940003276603,0.0027700960484852155,0.09780837646488019,0.1458328916153209,0.012099735615015483,0.0,0.0580653785164401,0.08400199425322352,0.01827197263318614,0.03172802736681386,0.0,0.0,0.0,0.0,0.04759431683456443,0.0024056831654355737
0.0,0.06401446285973106,0.0,0.2914200376530988,0.0,0.014968503817929246,0.0,0.0,0.1841340179828511,0.0,0.045462977686389794,0.0,0.0,0.0,0.16608999575486877,0.1222843178630561,0.011625686382075118,0.010381374851988923,0.0,0.03961862514801108,0.0,0.0,0.0,0.022676724861647495,0.027323275138352508
0.18598644978899698,0.0,0.0,0.15412237622141006,0.0,0.0,0.0,0.00233838994709501,0.0,0.0,0.25755278404249793,0.0,0.0,0.02389526030429029,0.12095715653998096,0.10386417714511009,0.051283406010618635,0.0,0.03697938228186455,0.013020617718135452,0.0,0.0,0.022322642002211276,0.027677357997788726,0.0
0.0,0.0,0.03704863563248017,0.0,0.04061741206392436,0.05722858643519793,0.14096052726956615,0.16484496096232001,0.028481874524357274,0.11103347682665446,0.01978452628549976,0.0,0.1889713585588769,0.0,0.01855616033106816,0.0,0.09247248111005493,0.02568903219949338,0.0,0.024310967800506622,0.005758272155564653,0.0,0.0,0.04424172784443535,0.0
0.0,0.0,0.0,0.09831088746718894,0.015489838438489056,0.1266324249319008,0.0,0.0,0.12273666370348846,0.09997531937347964,0.13685486608545308,0.0,0.0,0.026245433982555726,0.19539152278392785,0.06349544056953639,0.014867602663980017,0.0,0.03933363339397327,0.010666366606026732,0.0,0.02703823928888254,0.0,0.02296176071111746,0.0
0.0,0.0,0.14608141143498926,0.04144565144408294,0.02618281056796287,0.0,0.022228008314217118,0.19763434476745634,0.0,0.0,0.0,0.16642777347129142,0.13210120834613337,0.0031103124239202917,0.06432466098880345,0.0,0.10046381824114287,0.02039926483770596,0.0,0.029600735162294042,0.0,0.0,0.04448710211788083,0.0,0.005512897882119172
0.0,0.07879176187913527,0.11346996150311817,0.015388102118941482,0.0,0.0,0.1122636235495448,0.0,0.0,0.05170411655588312,0.0,0.22838243439337713,0.0522601832160975,0.0019577056226136036,0.03700957185432949,0.16408490567168413,0.04468763363527532,0.017352663276266944,0.03264733672373306,0.0,0.0,0.022722228419430553,0.0,0.02727777158056945,0.0
0.18305065670060816,0.09522124452217426,0.0,0.0,0.0,0.09443970731258405,0.0,0.07416216779070184,0.10505854018115846,0.0,0.017795058004986708,0.030272625487786507,0.0,0.0,0.0,0.014123456198987416,0.2858765438010126,0.03151705220722629,0.0,0.018482947792773714,0.0,0.046136913418501825,0.0038630865814981777,0.0,0.0
0.1016582639836536,0.0,0.0,0.0,0.29595387315266614,0.0,0.020423363752134494,0.1819644991115457,0.0,0.0,0.0,0.0,0.058856922172161236,0.09760405157993884,0.051219088633361415,0.026213439804161413,0.06610649781037704,0.013041324788063163,0.0,0.03695867521193684,0.0,0.01672713636034813,0.0,0.0,0.03327286363965187
0.0,0.0,0.044563748363611065,0.0,0.06618622336712444,0.008363729084318372,0.22024009375343886,0.0,0.0,0.0,0.2606462054315072,0.0,0.036525479723671705,0.0028969670867458053,0.14791691194690762,0.11266064124267486,0.0,0.0,0.0171491261282027,0.032850873871797304,2.550725582497332e-05,0.0,0.0,0.04997449274417503,0.0
0.18102703635956321,0.0,0.0,0.15280988019879901,0.0,0.0,0.025083814656910657,0.0,0.0004553491142791355,0.0,0.16472320933103762,0.07590071033941032,0.0048199056803737705,0.07778853374352698,0.0,0.025995954145498393,0.19139560643060086,0.047117914886906156,0.0,0.0028820851130938463,0.0,0.04843041805683534,0.0,0.0015695819431646649,0.0
0.0,0.08059967656787614,0.09894732293661351,0.0,9.99520307873869e-05,0.0689713308976272,0.0,0.0,0.24673771131412078,0.03509055317897581,0.06955345307399918,0.0,0.05153992227152944,0.039321593830860466,0.0032278832674275115,0.06829338130451268,0.1376172193256699,0.025305551938780334,0.0,0.02469444806121967,0.0,0.0,0.0,0.0037045634671699773,0.046295436532830025
0.0,0.0,0.0,0.03138319754237053,0.022835243225680646,0.0,0.0,0.2601993917113501,0.28558216752059873,0.0,0.0,0.0,0.027305896529883765,0.0690657460386308,0.0018458566384859099,0.055775520156073954,0.14600698063692558,0.03483067194216721,0.0,0.01516932805783279,0.0,0.0,0.0,0.036813450658057294,0.013186549341942709
0.19610799287113787,0.0,0.03681501226682108,0.11386662004606288,0.2418167620701134,0.0,0.0,0.011393612745864812,0.0,0.0,0.0,0.0,0.1318421091093221,0.02710358858304893,0.0011937206579188397,0.0,0.1398605816497101,0.004539341104953812,0.04546065889504619,0.0,0.0,0.034954123298363574,0.0,0.01504587670163643,0.0
0.2501124830442704,0.0,0.1425920016901853,0.0,0.0,0.0,0.0,0.15106232673651226,0.0,0.0,0.017867150616163063,0.03836603791286896,0.042991351062930075,0.0,0.17545111292820526,0.024143616389723233,0.05741391961914144,0.03259076728408339,0.0,0.017409232715916614,0.0008178027297601476,0.0,0.0,0.0,0.049182197270239855
0.0,0.03430079221953873,0.004483979974187924,0.0,0.0,0.0,0.0,0.2104075329101746,0.0,0.13959038824111714,0.16671443302442493,0.04450287363055662,0.0,0.04326678195197857,0.24139397257074902,0.01533924547727239,0.0,0.03766009445572436,0.0,0.012339905544275644,0.024225152304554652,0.0,0.0,0.02577484769544535,0.0
0.0,0.0,0.0833331457596238,0.263981817787039,0.18243509991486156,0.06399831622189506,0.0,0.0,0.0,0.006251620316580442,0.0,0.0,0.13700933824753037,0.025108639341741342,0.11086860508207622,0.00015801475821630717,0.026855402570435772,0.0,0.04626381071124542,0.0037361892887545836,0.047221053612542474,0.0027789463874575288,0.0,0.0,0.0
0.0,0.07669606883487856,0.048261292493906593,0.2899755747164596,0.0,0.13744216015740357,0.0318835057089363,0.0,0.0,0.015741398088415348,0.0,0.0,0.22065167807044128,0.001967005694416435,0.0,0.07738131623514227,0.0,0.00943257816300442,0.04056742183699558,0.0,0.00996501682644841,0.0,0.0,0.04003498317355159,0.0
0.24750505120937674,0.19145482365126626,0.0022701618359044495,0.0,0.1276773225573583,0.0,0.031092640746094177,0.0,0.0,0.0,0.0,0.0,0.012289129970918633,0.0,0.28771087002908136,0.0,0.0,0.0,0.025322756657878604,0.0246772433421214,0.01033357231030961,0.0,0.03966642768969039,0.0,0.0
0.0,0.00858456757461401,0.0,0.0,0.0,0.050396712286576585,0.0,0.0,0.0,0.0,0.2643262410585397,0.27669247908026967,0.03442661978809522,0.032817762131751166,0.1414704837406258,0.05776283192060488,0.0335223024189229,0.03412201632266648,0.01587798367733352,0.0,0.0,0.0,0.04912741637821934,0.0008725836217806648,0.0
0.0,0.0,0.0,0.1920590198988687,0.18214484259094946,0.03386275414283325,0.0,0.0972485057433233,0.0,0.0,0.08769672813755044,0.006988149486474748,0.0,0.0,0.27124458231103105,0.0010345239972248121,0.02772089369174415,0.0,0.03315654884593908,0.016843451154060926,0.0,0.0,0.0,0.01899940939492455,0.031000590605075453
0.0,0.07228303601413241,0.002522463338175851,0.0,0.15039670601519833,0.0,0.20175692626747316,0.13817437438975808,0.0348664939752621,0.0,0.0,0.0,0.06225758361227457,0.06171191633708546,0.04294899882759037,0.1016934244215423,0.03138807680150731,0.04550717371933384,0.0,0.004492826280666162,0.0,0.0412249748730404,0.008775025126959601,0.0,0.0
0.04634174936920968,0.06604015777218687,0.0,0.18823612915224686,0.04752561761872971,0.0,0.0,0.0,0.25035596298542717,0.0,0.0,0.0015003831021996872,0.25785234188532363,0.0,0.003772687662762453,0.0,0.038374970451913924,0.0,0.00229521385627339,0.04770478614372661,0.0,0.0,0.0,0.03466675350044668,0.015333246499553324
0.17750844307504224,0.012978085938622264,0.06783203413630642,0.0,0.0,0.21414647868087794,0.0,0.0,0.0,0.12753495816915106,0.0,0.0,0.05067285607812448,0.0753379356349627,0.08748914135158858,0.08205996165554463,0.00444010527977956,0.0353059031337008,0.014694096866299203,0.0,0.0,0.02206278822736858,0.0,0.0,0.027937211772631424
0.1253885697781988,0.07908716462715801,0.0,0.0,0.0,0.05874014445658152,0.032563943699995816,0.0,0.006315935397501082,0.0,0.29790424204056476,0.0,0.031997817570669794,0.23290846171321974,0.0014015080642267308,0.0,0.03369221265188373,0.0,0.04396111993844044,0.0060388800615595595,0.0010801799713595975,0.048919820028640405,0.0,0.0,0.0
0.0,0.23943872053822488,0.0,0.0,0.29667004329254754,0.05949987848764986,0.0,0.0,0.004391357681577723,0.0,0.0,0.0,0.0,0.09532499294263932,0.012253586090323176,0.025819420165064427,0.16660200080197304,0.005094858549700786,0.04490514145029922,0.0,0.0,0.0,0.02332875529816747,0.026671244701832533,0.0
0.0,0.2749109390123242,0.041934943887909575,0.0,0.04624842543132192,0.06553442322756729,0.04221623388903223,0.0,0.0,0.09004065574912823,0.002589262248482771,0.03652511655423373,0.007370792411201643,0.2649735342265275,0.02765567336227085,0.0,0.0,0.008688490217072811,0.04131150978292719,0.0,0.0,0.036450711873707284,0.013549288126292719,0.0,0.0
0.14834965722480783,0.03511498188932863,0.12486428138065159,0.0,0.0,0.0,0.0,0.22904536094881936,0.0005555948901240226,0.0,0.0,0.062070123666268656,0.09977402726231313,0.11445320836273828,0.005769918565356635,0.08000284580959191,0.0,0.03485885265640373,0.01514114734359627,0.0,0.0,0.020738824611348444,0.02926117538865156,0.0,0.0
0.0,0.15103211849006495,0.0,0.0005211889741906228,0.06682949309097606,0.0,0.0,0.0,0.20382033776315836,0.0,0.17779686168160994,0.0,0.12451827884450906,0.08707024331067797,0.0166316534212701,0.07177982442354283,0.0,0.0,0.003421016642957346,0.04657898335704266,0.03345054005349458,0.0,0.0,0.016549459946505425,0.0
0.0,0.0,0.025371381769073116,0.0,0.0,0.0011780699795341798,0.10559316725213627,0.0,0.0,0.18366559638348273,0.24359762031194715,0.040594164303826494,0.08002604247788425,0.03443639435324982,0.09338038083189815,0.033725647472680184,0.05843153486428759,0.0,0.002244259270144766,0.04775574072985524,0.0,0.005874521499044945,0.0,0.0,0.04412547850095506
0.010919244836215536,0.0,0.0,0.0,0.0,0.0,0.09238145889197708,0.1061376589815746,0.135428123845103,0.2551335134451297,0.0,0.0,0.05711464321056749,0.0,0.0,0.0064050215431991075,0.2364803352462334,0.0,0.03939505378442587,0.010604946215574132,0.0,0.007793355325341214,0.0,0.04220664467465879,0.0
0.1461997746390704,0.0,0.13496891631598612,0.0,0.0,0.0,0.0022478789397267773,0.1106452236686021,0.030380427398561324,0.0,0.14028586502521329,0.03527191401284003,0.0,0.05754085112648051,0.21202567927682758,0.030043550777429626,0.00038991881926225824,0.027912907032945685,0.0,0.022087092967054318,0.0,0.0,0.004646710586762227,0.0,0.045353289413237775
0.27811125771835127,0.0,0.0,0.0,0.01439935687487337,0.06202492318075244,0.0,0.0,0.0,0.0,0.24546446222602283,0.0,0.047592750761521196,0.0314895379974571,0.09580163588889601,0.09240782006910694,0.0327082552830187,0.048463298732257756,0.0015367012677422465,0.0,0.0,0.023555850590416594,0.0,0.0,0.02644414940958341
0.0,0.0,0.0,0.1647822006893792,0.0,0.0,0.00963998005851252,0.0,0.16966457432415452,0.0,0.2559132449279537,0.0,0.0,0.0,0.0,0.018533137359073415,0.2814668626409266,0.02856079155454415,0.0,0.021439208445455854,0.0,0.0,0.002034845708560877,0.0,0.047965154291439126
0.0,0.0,0.0,0.24914141151820765,0.0,0.006527152143811832,0.14910026086403394,0.04115406504854063,0.15407711042540592,0.0,0.0,0.0,0.09283822771123251,0.0016551030809826006,0.04164521125214461,0.16386145795564028,0.0,0.035364926347606886,0.0,0.014635073652393117,0.0,0.0,0.0027915092830034585,0.0,0.047208490716996544
0.0,0.0,0.0,0.0,0.0,0.0,0.06574016034327809,0.0,0.12735107399843007,0.09329471557219923,0.29338493241424274,0.020229117671849872,0.09962634767421108,0.19781764629761175,0.0,0.0,0.002556006028177127,0.03265087557571093,0.0,0.01734912442428907,0.0,0.04187548096706529,0.008124519032934714,0.0,0.0
0.0,0.12877023941923224,0.0,0.0,0.0,0.0,0.019441091336220406,0.04806418654220455,0.19994733264998105,0.0,0.036970649606819735,0.16680650044554196,0.03289927354101627,0.00170843638006124,0.02736278422630731,0.17729913805579478,0.060730367796820325,0.02395186200305203,0.0,0.02604813799694797,0.008616686076897216,0.04138331392310279,0.0,0.0,0.0
0.0,0.0,0.02682061648564988,0.10137382777481618,0.0,0.0,0.17170827626542923,0.29922738499050633,0.0008698944835983102,0.0,0.0,0.0,0.0,0.02384338797595531,0.0,0.0,0.2761566120240447,0.0012142033062383095,0.04878579669376169,0.0,0.004412246713149742,0.0,0.0,0.04558775328685026,0.0
0.0,0.008114395589100654,0.17859192890493555,0.23409785369453423,0.0,0.04336340169330008,0.0,0.0,0.13583242011812946,0.0,0.0,0.0,0.0031728709512575115,0.0,0.0,0.21971907008144942,0.07710805896729306,0.03379370675232178,0.016206293247678222,0.0,0.0,0.0,0.0,0.019738964017494875,0.030261035982505128
0.0,0.04521626360880405,0.2137627684942926,0.04563706927780321,0.0,0.02532834617435451,0.0,0.0020312389902258365,0.0,0.10111470278417073,0.16690961067034898,0.0,0.0,0.004554304994974667,0.0,0.16468520761745134,0.13076048738757398,0.043811804387768785,0.0,0.006188195612231218,0.0,0.0,0.03919046783527408,0.0,0.010809532164725924
0.2509676708125464,0.0,0.0,0.0,0.0,0.0,0.0,0.0,0.01342803420403793,0.0,0.03961884448524138,0.2959854504981742,0.0735852527142517,0.03638844423626075,0.18800910383447922,0.0,0.002017199215008314,0.011844829429390573,0.03815517057060943,0.0,0.02040657812188878,0.029593421878111224,0.0,0.0,0.0
0.08951324811493105,0.0,0.09680715203438281,0.0,0.0,0.06415734837975917,0.0,0.0,0.031324001368200786,0.02475981596547472,0.0,0.2934384341372514,0.03342509622485482,0.010111462278338312,0.06183041526399223,0.1295901625286782,0.06504286370413645,0.0,0.04580729347837248,0.004192706521627523,0.03559680072209874,0.0,0.0,0.014403199277901263,0.0
0.0,0.0,0.0743146965320095,0.0,0.0,0.18396438488851405,0.0,0.10542638022204254,0.002827003101357861,0.0,0.2032527737462462,0.030214761509829803,0.0,0.012393037105257299,0.2876069628947427,0.0,0.0,0.0,0.016085609099838756,0.03391439090016125,0.0466702854752751,0.0,0.0,0.0,0.0033297145247249
0.027583042810594992,0.0,0.0,0.0007352354313153731,0.2011766077588796,0.0,0.05464167223581649,0.0,0.12289425689114461,0.0,0.06210350575593414,0.1308656791163148,0.0657336902502112,0.0,0.0057427357472083496,0.22852357400258042,0.0,0.030989323417599517,0.0,0.019010676582400486,0.0,0.03491299938459322,0.0,0.0,0.015087000615406784
0.0,0.0,0.08488523113239445,0.20916114877814782,0.0,0.0,0.16430465522207097,0.12887001540290485,0.0,0.012778949464481881,0.0,0.0,0.12401489040605199,0.02527113631602934,0.11725561094078804,0.033145906542077774,0.00031245579505284615,0.029999844606566135,0.020000155393433867,0.0,0.0,0.0,0.033079219337593245,0.0,0.016920780662406758
0.0,0.12502393939176742,0.0,0.0,0.20808204901860725,0.014759501947392839,0.0,0.030618586716409154,0.0,0.0,0.07929620781947469,0.14221971510634865,0.09511150847752464,0.04504118123208929,0.12068088126186458,0.026998814281801,0.012167614746720457,0.0,0.026494955500215987,0.023505044499784015,0.0,0.006706225210160295,0.04329377478983971,0.0,0.0
0.0,0.0,0.1631865961651882,0.0,0.0,0.0,0.05939198765598512,0.11597481811082427,0.0,0.20590319305172972,0.012635892372249158,0.042907512644023454,0.03442130003216648,0.004305749855027519,0.09488158650370845,0.127960325854001,0.03843103775509653,0.03808350243493885,0.011916497565061156,0.0,0.032318455417634,0.0,0.0,0.0,0.017681544582366003
0.04278356419931405,0.0,0.025997233038217497,0.1958168523226681,0.0,0.014162846720690458,0.026915872055029263,0.0,0.0,0.11707943923505107,0.0925491897634218,0.08469500266560764,0.11244975253924158,0.1004214474141604,0.032078950460677984,0.00782083832729158,0.04722901125862844,0.029073875172763455,0.0,0.020926124827236547,0.0,0.0,0.03170283119051747,0.018297168809482532,0.0
0.0734574532953966,0.20335561438203328,0.0,0.0,0.0,0.10639095212309962,0.16627747463988451,0.00583486969607272,0.04468363586351316,0.0,0.0,0.0,0.08286879599872388,0.17122951931202351,0.03299967960176678,0.0,0.01290200508748579,0.007731184380112818,0.042268815619887184,0.0,0.016868752375164366,0.03313124762483564,0.0,0.0,0.0
0.0,0.014514309834116834,0.0,0.0,0.0,0.0,0.0,0.0,0.26655663352649533,0.057980095670314195,0.26094896096907366,0.0,0.18834009965014367,0.10163685406578582,0.0,0.0,0.010023046284070525,0.0021712760848942303,0.0,0.04782872391510577,0.02183627681528972,0.0,0.0,0.028163723184710283,0.0
0.0977227290891764,0.0,0.0,0.011759392030073923,0.0,0.0,0.04788228450920286,0.0,0.25519775763089103,0.0899490762667779,0.0974887604738778,0.0,0.030551418950634065,0.03234874268062268,0.005798203481348019,0.15686371382646128,0.07443792106093394,0.04919837858969536,0.0008016214103046398,0.0,0.0,0.0,0.002891175586124853,0.0,0.04710882441387515
0.2444969054099713,0.0,0.0,0.13881283801272287,0.0,0.0063246368815236265,0.0,0.13096867004173943,0.0,0.0,0.0793969496540427,0.0,0.03698477346137678,0.0,0.2412492802245091,0.021765946314114104,0.0,0.021647285743954074,0.02835271425604593,0.0,0.048452808827517686,0.0,0.0015471911724823165,0.0,0.0
0.0,0.009381839667596426,0.0,0.0,0.0,0.0,0.029341875610892146,0.0,0.08571749339648169,0.0,0.23069912693931374,0.24485966438571596,0.0,0.0,0.030796416708584327,0.00395652217260456,0.2652470611188111,0.007382307214798156,0.0,0.04261769278520185,0.04455393373805041,0.0,0.0,0.005446066261949593,0.0
0.035178630832429635,0.041410128128702664,0.22099453143126221,0.0,0.0,0.06431247444384497,0.004586719543303697,0.0,0.061959401866233936,0.06916593942023741,0.0,0.10239217433398551,0.012820821314211306,0.2871791786857887,0.0,0.0,0.0,0.0,0.03780412609881181,0.01219587390118819,0.0,0.0,0.014851546315623923,0.03514845368437608,0.0
0.03958737389430672,0.0,0.0,0.03811704120947142,0.0,0.0,0.0,0.02297557543707518,0.0,0.2595513022910529,0.0,0.23976870716809373,0.0,0.10430810396548479,0.0,0.010697076726980448,0.18499481930753478,0.014505740726547298,0.0,0.035494259273452705,0.0481632696108519,0.0,0.0,0.0018367303891481043,0.0
0.05678958734370736,0.1979690589115463,0.0,0.03037474366824203,0.23691030554270556,0.0,0.05452096521739576,0.0,0.0,0.02343533931640296,0.0,0.0,0.06000606771532005,0.03343808873077003,0.01044272816722891,0.1707601900352168,0.025352925351464186,0.0,0.010002721086957808,0.039997278913042195,0.0,0.008451040521359234,0.0,0.0,0.04154895947864077
0.0,0.0,0.0,0.009331147135538842,0.09729691207113608,0.20017566479972623,0.0,0.20948824261879828,0.0,0.0,0.08370803337480053,0.0,0.006245203877256189,0.2507808539847638,0.0,0.04297394213798003,0.0,0.02317089266863245,0.0,0.026829107331367553,0.0,0.0,0.0266993076158825,0.0,0.023300692384117503
0.25126705084526374,0.03471228096253545,0.0,0.17826567685304093,0.0,0.09364975624751037,0.0,0.0,0.027485919871448265,0.0,0.014619315220201212,0.0,0.0,0.24696082029791294,9.430878831756528e-05,0.026839080336661637,0.026105790577107824,0.03349144061053128,0.0,0.01650855938946872,0.0,0.0,0.0,0.03512927049054765,0.014870729509452354
0.03378968061905753,0.11005426502123669,0.0,0.0,0.011381320115941174,0.0,0.0,0.0,0.027886928338916886,0.16776696004537411,0.14741179519782832,0.10170905066164534,0.019255803937836713,0.13714003648277728,0.09082831411996728,0.052775845459418685,0.0,0.011611176337092494,0.0,0.03838882366290751,0.0,0.0,0.0,0.023689430517652765,0.026310569482347237
0.02014208095929615,0.0,0.0,0.0,0.0,0.12478896660173128,0.0,0.0,0.10921447556668934,0.0,0.1795872931781239,0.1662671836941594,0.0,0.013933355229689026,0.0,0.2188466493850412,0.06721999538526978,0.003075470304665137,0.046924529695334866,0.0,0.0,0.00024268306812518653,0.0,0.049757316931874816,0.0
0.058538457066685284,0.0,0.10154641142648971,0.006048077386297757,0.1294137451755248,0.035719864928191,0.0,0.027517526016726336,0.0,0.07674743727082992,0.08240099263237136,0.08206748809688377,0.1306517943410071,0.0022376488199943867,0.0,0.06744992457146182,0.09966063226753666,0.005573877781462594,0.04442612221853741,0.0,0.034426880064765075,0.015573119935234928,0.0,0.0,0.0
0.03231753517562955,0.0,0.08363800245478469,0.26962105391782626,0.0,0.004248795099487723,0.0,0.17847633932585824,0.0,0.0,0.0,0.03169827402641354,0.18437545396874128,0.00982664422394669,0.0,0.10579790180731202,0.0,0.0,0.046709932641458674,0.0032900673585413293,0.0,0.000916149427264687,0.0,0.0,0.049083850572735316
0.0,0.0029359007038985974,0.0,0.0,0.0,0.0,0.15829809778852033,0.05097118304083108,0.10774166440977725,0.028013752062188698,0.25203940199478403,0.0,0.006971368344013074,0.0,0.0,0.22875107180134036,0.06427755985464659,0.042479994019291145,0.007520005980708858,0.0,0.0,0.03136375624723251,0.0,0.01863624375276749,0.0
0.034115835579213945,0.0,0.0,0.10220932712159705,0.0,0.023776340268748197,0.028731584260940534,0.2653736024939153,0.14579331027558495,0.0,0.0,0.0,0.00895993870757189,0.2910400612924281,0.0,0.0,0.0,0.01958053685207872,0.030419463147921284,0.0,0.0,0.0,0.014983824425006717,0.0,0.035016175574993286
0.0,0.0,0.07442967242593826,0.15144261821975866,0.0,0.0,0.000435789888338145,0.0,0.0,0.0,0.2965366459568036,0.0771552735091613,0.08458042574349674,0.0,0.004570104089888116,0.09924708902347024,0.11160238114314491,0.023649870441255907,0.026350129558744096,0.0,0.0,0.0,0.01671250015070761,0.0,0.03328749984929239
0.0,0.0,0.06839624955100179,0.0,0.0,0.0,0.17531592304725685,0.062313990240690745,0.07690958394914305,0.006214834217101894,0.0,0.21084941899480575,0.02574141687906169,0.2697088226876242,0.0,0.0,0.004549760433314121,0.03393171708010743,0.0,0.016068282919892575,0.0,0.0,0.0,0.010678387124802818,0.039321612875197184
0.2735650617227575,0.0,0.22377000086995638,0.05214296672307815,0.03447325361182539,0.0,0.016048717072382535,0.0,0.0,0.0,0.0,0.0,0.006826817487530001,0.0,0.0,0.0,0.29317318251247,0.0,0.029616945975633118,0.020383054024366885,0.00039281714016657643,0.049607182859833426,0.0,0.0,0.0
0.2141019134485929,0.17590891141724818,0.0,0.037590987420762834,0.0,0.019690479395188643,0.0,0.0804747506970604,0.0,0.0,0.0,0.07223295762114695,0.05153341499712022,0.0,0.020656247376381887,0.22781033762649786,0.0,0.02444126163099507,0.0,0.025558738369004932,0.0,0.0,0.04073563319009796,0.0,0.009264366809902044
0.0,0.0,0.23954100581152446,0.0,0.0,0.0,0.0,0.0,0.0,0.29243800518104046,0.06625400404354854,0.0017669849638864976,0.014374234304795952,0.28562576569520404,0.0,0.0,0.0,0.04323015566911721,0.0,0.0067698443308827905,0.0,0.0,0.0321218888538783,0.0,0.0178781111461217
0.0,0.0,0.0,0.2208918331180831,0.0,0.010742319630020258,0.0,0.0,0.111922851393537,0.25644299585835967,0.0,0.0,0.0,0.026728181565156273,0.21775573499941722,0.0017184891473142616,0.05379759428811222,0.03925344504492863,0.010746554955071375,0.0,0.0,0.02159904466897477,0.028400955331025234,0.0,0.0
0.0,0.0,0.0,0.013980193572996069,0.07299464169387808,0.27299670363575196,0.0,0.0587585017541053,0.10153621535053461,0.0,0.07973374399273397,0.0,0.27745786674429496,0.022542133255705032,0.0,0.0,0.0,0.0,0.0367647192741596,0.013235280725840404,0.0005311311428791848,0.0,0.0,0.0,0.04946886885712082
0.0,0.0,0.2982590566542636,0.021735789474233047,0.0,0.02999572390080048,0.1136395504006932,0.0,0.0,0.0,0.07265212790222536,0.06371775166778429,0.06929602662787257,0.008483178637329447,0.0920056398227092,0.09123301284820282,0.03898214206388591,0.0,0.041428551730030995,0.008571448269969008,0.0043617063154453295,0.0,0.0,0.0,0.04563829368455467
0.0,0.0,0.0,0.0,0.0,0.0,0.0,0.013813828843110554,0.29580403663638916,0.2903821345205003,0.0,0.0,0.0,0.0,0.0959624584486537,0.008180888872510339,0.19585665267883595,0.013800203553086678,0.036199796446913325,0.0,0.0,0.036203596965037776,0.013796403034962226,0.0,0.0
0.033580474069730054,0.0,0.0,0.0,0.0,0.22957937249703078,0.0,0.18443552926392734,0.0049625746095594,0.0,0.14744204955975232,0.0,0.004871931053398282,0.04140406191125855,0.18733775110124615,0.02669668711022216,0.039689568823874866,0.0,0.009530437881632839,0.040469562118367164,0.0,0.02874122197680533,0.0,0.0,0.021258778023194674
0.08357798412578557,0.0,0.05339325823174121,0.0,0.016682538615704567,0.0,0.0,0.09441708847755478,0.0,0.19127174288041193,0.0,0.1606573876688019,0.12183174791079854,0.02579954283313484,0.0361823547250171,0.00025874676467385616,0.11592760776637565,0.0,0.0483278460561381,0.001672153943861901,0.0,0.0,0.04395686948347936,0.0,0.0060431305165206395
0.07933640969979572,0.040173210775834196,0.0,0.2938983026480112,0.0501257883192706,0.06143078341856027,0.0,0.0740485509652777,0.0,0.0,0.0009869541732502318,0.0,0.10441712591252059,0.10736932581092962,0.03695248716893156,0.05081554228023337,0.0004455188273848609,0.03896663441525183,0.01103336558474817,0.0,0.01394027251452256,0.0,0.0,0.03605972748547744,0.0
0.005398645436163085,0.0,0.0,0.0,0.0,0.07331257853761264,0.16515592694060213,0.0,0.0,0.1808008689374468,0.0,0.1753319801481753,0.014379663902239326,0.11340853334713236,0.05963244630243174,0.03972061548648476,0.07285874096171178,0.023680229456914413,0.0,0.02631977054308559,0.0,0.02899222154540202,0.0,0.0,0.021007778454597982
0.0,0.03480856570703021,0.0,0.0,0.0,0.0,0.10002123021191711,0.005667792107937775,0.0,0.026184021241086066,0.15576872438153558,0.2775496663504932,0.26324837996583234,0.035457100672635126,0.0,0.0012945193615325201,0.0,0.0,0.02029656320435793,0.029703436795642073,0.007648873158264818,0.0,0.0,0.0,0.042351126841735184
0.0,0.0,0.028257760071438116,0.0,0.007980538778529223,0.28516529664108875,0.0,0.0,0.0,0.18025908291753961,0.0,0.09833732159140438,0.09894797016645934,0.11144614567863567,0.07859417637953944,0.0,0.011011707775365531,0.0,0.03787104007018036,0.01212895992981964,0.04320684328801093,0.0,0.0,0.0067931567119890734,0.0
0.12191550943644475,0.06719600782489288,0.0,0.040301283920582395,0.040036758325419634,0.02089687178611943,0.0,0.07626803792548541,0.0,0.03473498760227062,0.16086462836235296,0.0377859148164318,0.018587996661265482,0.0,0.0,0.0,0.2814120033387345,0.035548921905086905,0.0,0.014451078094913097,0.0,0.0,0.0,0.023010371174656923,0.02698962882534308
0.0,0.0,0.06555782676432953,0.12744430893034253,0.05973032431710284,0.1416116147942266,0.14465692611850453,0.031441701826533,8.110317147613788e-05,0.029476194077484735,0.0,0.0,0.19227320126657033,0.02855951582213333,0.0,0.07771289929475747,0.001454383616538879,0.04929831256974514,0.0,0.0007016874302548659,0.0,0.04620957203113987,0.00379042796886013,0.0,0.0
0.0,0.003699892412675765,0.048354716650788374,0.0,0.0,0.21538989662129077,0.027876275263585857,0.032182409549353745,0.048746862179442275,0.0,0.0,0.22374994732286316,0.08055289540657948,0.0519928850540791,0.11683047659116982,0.00776044103518575,0.04286330191298582,0.0,0.01905214558335441,0.030947854416645593,0.004529999403053264,0.0,0.04547000059694674,0.0,0.0
0.17615910835293874,0.0,0.0,0.05091196188098336,0.0,0.07546935795646979,0.2946614417052176,0.0,0.0,0.0,0.0027981301043905615,0.0,0.010317610441907321,0.15372350669261264,0.08604278695017877,0.0,0.04991609591530127,0.0,0.008245855968641996,0.041754144031358006,0.0,0.0,0.01671054510156613,0.0,0.03328945489843387
0.09089005855106658,0.04883281537216747,0.0,0.0,0.004433787827791025,0.0,0.1277058864442586,0.23842207486029393,0.0,0.04869438888415013,0.04102098806027232,0.0,0.0,0.19871665070995276,0.002755495383334472,0.04880003142376278,0.04972782248295001,0.04320845509549878,0.0,0.0067915449045012205,0.009980155476513465,0.04001984452348654,0.0,0.0,0.0
0.20650957111581908,0.0,0.007020509912925799,0.026557671665572324,0.0,0.1997756822059428,0.0,0.0,0.0,0.0,0.16013656509974,0.0,0.0013473603248519983,0.026848676556693336,0.0,0.1313316024187876,0.1404723606996671,0.0,0.012627495190709742,0.03737250480929026,0.0,0.0,0.0,0.041417141492065976,0.008582858507934027
0.0,0.11613860947220905,0.20976146670405799,0.0,0.0,0.000985924642333269,0.0,0.02641831531002377,0.11250910512379717,0.1341865787475787,0.0,0.0,0.007798516397755584,0.1958343632110131,0.0,0.0963671203912313,0.0,0.0,0.030676787020059985,0.019323212979940017,0.0,0.0,0.031173991851468675,0.0,0.018826008148531328
0.0,0.0,0.055519264286063894,0.0,0.0,0.2734735992335046,0.0,0.0,0.0,0.021951101871695466,0.0,0.24905603460873602,0.042445457235376384,0.021096638073838325,0.029499467059865322,0.1654805884661195,0.041477849164800476,0.04251029984712492,0.0074897001528750826,0.0,0.0,0.0,0.042654853173660356,0.0,0.007345146826339646
0.01887511897454308,0.0,0.036532201759829,0.0,0.0,0.0,0.21363359035263577,0.0,0.23821196102829156,0.09274712788470066,0.0,0.0,0.20433875603221668,0.0009843058399207627,0.030372556621281688,0.06430438150658083,0.0,0.0,0.043856809530754534,0.006143190469245469,0.0,0.03714927183270953,0.0,0.012850728167290472,0.0
0.0,0.026142265539400508,0.02846196240015935,0.00171277686472171,0.0,0.031334460978207954,0.0,0.05869626723146739,0.0,0.030873063941058043,0.16225881462052638,0.26052038842445874,0.0,0.004724853868122214,0.0,0.21380840301509443,0.08146674311678337,0.0,0.002694563880223773,0.04730543611977623,0.0043995332070886,0.0456004667929114,0.0,0.0,0.0
0.04908056140423207,0.0,0.0,0.0,0.06706674253181183,0.0,0.0,0.0,0.29485047429640715,0.12705993192494253,0.046818614867878305,0.015123674974727996,0.006980414715607397,0.1514602463476777,0.043843412702650145,0.09771592623406475,0.0,0.04359795040200201,0.0,0.006402049597997991,0.0,0.0,0.0075264236199482915,0.0,0.04247357638005171
0.0,0.0,0.007225540224970017,0.07782392674111069,0.270876056034134,0.0,0.0,0.07153479596025192,0.0,0.0,0.17253968103953332,0.0,0.04731073086986923,0.1589086427442483,0.02712915649865507,0.04038735205785643,0.02626411782937099,0.014813234576978924,0.0,0.03518676542302108,0.0,0.026927506967814707,0.0,0.0,0.023072493032185296
0.0,0.1139440872564477,0.0,0.013703402144379151,0.03709595996988026,0.05373104768554797,0.0,0.2740140830503843,0.10751141989336058,0.0,0.0,0.0,0.12543932448596787,0.0802796977215343,0.04401413584251176,0.0013405247191550784,0.04892631723083096,0.020908154723581776,0.029091845276418227,0.0,0.0,0.0,0.02730783877738653,0.0,0.02269216122261347
0.029040423360855515,0.0,0.0,0.0,0.0,0.2386063219756335,0.0,0.23187917402084296,0.0,0.0,0.08982785432534043,0.01064622631732759,0.10426094618900159,0.0,0.11490422508450149,0.05733328621618345,0.0235015425103135,0.032717330015609974,0.0,0.01728266998439003,0.04747578086460205,0.0,0.002524219135397951,0.0,0.0
0.0,0.11150814798528974,0.09247952428433384,0.013070670440169851,0.0,0.0,0.0,0.08608958197973249,0.0,0.0,0.29685207531047414,0.0,0.22401808597716816,0.0,0.061120841725021864,0.0,0.014861072297809974,0.0,0.024217578521414238,0.025782421478585765,0.0,0.01091434386384936,0.0,0.03908565613615064,0.0
0.0,0.1102708884183636,0.045156752505737766,0.27151532625404484,0.0,0.12233411369558445,0.00296205148994122,0.0,0.0,0.0477608676363281,0.0,0.0,0.008340788281405054,0.0,0.26568463890548266,0.0,0.02597457281311225,0.0,0.04359282162335004,0.006407178376649961,0.004686550897815028,0.045313449102184974,0.0,0.0,0.0
0.0,0.0,0.020841483487498702,0.0,0.0,0.0,0.0,0.0,0.0,0.16572046386896838,0.21422724915912936,0.1992108034844036,0.12274905107932232,0.027262860910573603,0.1009661403620121,0.019685546061595116,0.02933640158649687,0.0416789930724176,0.0,0.008321006927582406,0.0,0.0,0.0,0.009893656910115671,0.04010634308988433
0.0002635724244192117,0.0372661867702922,0.028530745790019484,0.0,0.0340255150967218,0.02902079700844642,0.0,0.0331616866819992,0.1186600721731336,0.06269176241163728,0.15507546157677116,0.10130420006655974,0.0053569745433473814,0.0,0.2590527658514585,0.035590259605194144,0.0,0.04159392071694273,0.008406079283057276,0.0,0.019156202216673652,0.0,0.03084379778332635,0.0,0.0
0.26599410576709176,0.11130605544619854,0.10593954479210599,0.0,0.0,0.0,0.03407941806098657,0.023972067360201632,0.05870880857341554,0.0,0.0,0.0,0.03382213562451602,0.16890978261551107,0.03733692310305371,0.001505248235226908,0.058425910421692276,0.027247719238713154,0.0,0.02275228076128685,0.0,0.025219761675836963,0.0,0.0,0.02478023832416304
0.08455484662937546,0.19808695441796412,0.0,0.0,0.0,0.03486619651002704,0.011449856753053322,0.0,0.0,0.0,0.0,0.27104214568958007,0.15935428003766045,0.0,0.0,0.12115804341499292,0.019487676547346622,0.0,0.006756344086099583,0.04324365591390042,0.019273426231091954,0.0,0.03072657376890805,0.0,0.0
0.048157521076589896,0.026261868893532218,0.0,0.0,0.0,0.15645004424787046,0.0,0.056592091282198984,0.059641621839235937,0.00011903314965133749,0.1907796075427615,0.06199821196815971,0.0,0.011791908800315387,0.0,0.0,0.2882080911996846,0.0,0.022821337422534962,0.02717866257746504,0.0,0.017356365175790638,0.0,0.032643634824209365,0.0
0.0,0.007541011886994409,0.0,0.0,0.2597578143580403,0.03388740521026636,0.033934286435033385,0.19254051657533947,0.0,0.0,0.0,0.07233896553432602,0.0,0.007548807633846688,0.1239643625529677,0.0,0.1684868298131856,0.0,0.04926450569400701,0.0007354943059929911,0.0,0.0,0.0170058289090739,0.0,0.0329941710909261
0.294148553783858,0.12352340048272123,0.0,0.038662767826576544,0.12993294672932537,0.0,0.0,0.0,0.0,0.0,0.0,0.01373233117751893,0.0,0.17861701145551873,0.009481487158233493,0.030095346170992597,0.08180615521525518,0.01906831128293883,0.0,0.030931688717061173,0.02731407814251408,0.0,0.022685921857485924,0.0,0.0
0.0,0.13439026558580164,0.0,0.11370736797669675,0.018229624898240204,0.0,0.08175705957723743,0.2519156819620239,0.0,0.0,0.0,0.0,0.03804126305731044,0.007833364674489696,0.0997807839176574,0.1008223357788546,0.0535222525716879,0.03631620210073069,0.0,0.01368379789926931,0.03201807505845976,0.017981924941540245,0.0,0.0,0.0
0.027344178352889735,0.0,0.0,0.0,0.11329022817229989,0.2705145628671109,0.14519999219426677,0.0,0.0011778499737506998,0.0,0.0,0.04247318843968204,0.03995171892073742,0.03384450661185468,0.1484035261731593,0.05270032729100965,0.025099921003238983,0.022719451875601263,0.02728054812439874,0.0,0.0,0.0011625140880078336,0.0,0.0,0.04883748591199217
0.021058844871026494,0.026448998321249303,0.2799483724478699,0.09843938542617514,0.0,0.031326532843795836,0.14277786608988324,0.0,0.0,0.0,0.0,0.0,0.011221126615086674,0.0,0.03008869913282162,0.0674754804697825,0.19121469378230918,0.04410297071408198,0.0058970292859180234,0.0,0.0,0.02749429485105083,0.0,0.022505705148949173,0.0
0.0,0.2786228163497828,0.0712676940824129,0.0,0.042611511530413065,0.03276529410454929,0.0,0.16513258714250476,0.0,0.00960009679033702,0.0,0.0,0.0,0.020372616338641347,0.27962738366135864,0.0,0.0,0.035899073719019604,0.014100926280980398,0.0,0.0,0.04132751237237421,0.0,0.0,0.008672487627625791
0.0,0.03383537351210436,0.0,0.0,0.2616723978571306,0.0,0.0405905772844017,0.012797244483394032,0.0,0.027075857096191938,0.09898440504063027,0.125044144726147,0.12573187005356073,0.05846060001959881,0.011218385585454793,0.0,0.10458914434138564,0.024499800576109954,0.02550019942389005,0.0,0.0,0.010210377496893117,0.0,0.0,0.039789622503106886
0.0,0.0,0.0,0.0,0.043644130210310446,0.0,0.0,0.0037565945774121756,0.2972265564233751,0.2553727187889023,0.0,0.0,0.02648148081783422,0.01660361383709824,0.0,0.2000388452513689,0.05687606009369862,0.04318584031074513,0.006814159689254876,0.0,0.0285448006549245,0.021455199345075504,0.0,0.0,0.0
0.0,0.000840662407023518,0.2215872178063434,0.05218747080487496,0.0,0.2715325952816609,0.0,0.053852053700097144,0.0,0.0,0.0,0.0,0.02737613825137921,0.0,0.006909831678441669,0.26571403007017913,0.0,0.04758872901696929,0.0024112709830307125,0.0,0.019080616250305417,0.0,0.0,0.030919383749694586,0.0
0.0,0.0,0.0,0.0,0.0,0.0027338081236062406,0.0,0.1461078957577931,0.17598416942881054,0.2489651919612679,0.0,0.026208934728522246,0.019965080175304406,0.1592392556316499,0.0912317904239556,0.02956387376909011,0.0,0.0,0.04665230363243522,0.0033476963675647814,0.0267914007693258,0.023208599230674202,0.0,0.0,0.0
0.04539075356984004,0.19972892465543346,0.0005193630420478046,0.0,0.08657223601497063,0.0843993034020427,0.0,0.0,0.1567600597611115,0.0,0.026629359554553856,0.0,0.13981134695805236,0.023767323623786807,0.0,0.05402231865205885,0.08239901076610195,0.0,0.03268654907885011,0.017313450921149894,0.0,0.0,0.0,0.028652952974328044,0.02134704702567196
0.0,0.0,0.0,0.0,0.2009094146183899,0.0,0.2156254864867142,0.03311726206728089,0.008659534327154605,0.0,0.0,0.1416883025004603,0.030326693455298252,0.1412089992140933,0.058630061575463764,0.033807463683351496,0.03602678207179317,0.0,0.032315870788237,0.017684129211763003,0.026011847435502708,0.0,0.0,0.0,0.023988152564497295
0.0,0.0,0.0,0.0,0.23758991361947215,0.017342298542044943,0.29188205170387704,0.0,0.0,0.0,0.05318573613460584,0.0,0.0,0.21219107199930223,0.0,0.004182246716584126,0.08362668128411363,0.0,0.02584171802075014,0.024158281979249862,0.0,0.028129055613052567,0.0,0.021870944386947436,0.0
0.0,0.0,0.2861743744676049,0.0,0.06903957591459331,0.05330971435887008,0.0,0.0,0.16709189525263965,0.0,0.02438444000629203,0.0,0.004144303454089282,0.0,0.0,0.0,0.2958556965459107,0.027560519657568047,0.0,0.022439480342431956,0.01679373017108221,0.03320626982891779,0.0,0.0,0.0
0.0,0.0,0.0,0.0026669701411980995,0.0,0.28337135179655953,0.0,0.19373793086990684,0.0,0.0,0.032720087463253306,0.08750365972908225,0.0,0.0,0.2881169453845342,0.0,0.011883054615465793,0.04163193810283945,0.0,0.00836806189716055,0.03180498813462812,0.0,0.018195011865371882,0.0,0.0
0.0,0.0,0.02430549720341324,0.0,0.12976153595998005,0.17169146796178875,0.0,0.2742414988748179,0.0,0.0,0.0,0.0,0.0,0.24701556862303686,0.005007016976920409,0.0,0.047977414400042724,0.0,0.003964390677772239,0.046035609322227763,0.017431108726837244,0.0,0.03256889127316276,0.0,0.0
0.0,0.028690940986625384,0.23105730427612847,0.25219160228422993,0.0,0.0,0.0,0.0,0.07225303360623783,0.0,0.0,0.015807118846778323,0.003987634351044378,0.0904690057382215,0.20554335991073408,0.0,0.0,0.028294604111892056,0.021705395888107947,0.0,0.045856177523148446,0.0,0.0,0.004143822476851557,0.0
0.0,0.08948932119933392,0.01495865795135709,0.0,0.0,0.0,0.0,0.25328207404839814,0.09754420423538171,0.06855089311223983,0.07617484945328923,0.0,0.20878411917736353,0.04414335082235531,0.0,0.0462213694309611,0.000851160569320053,0.01733751467765616,0.032662485322343844,0.0,0.045209951530074795,0.0,0.004790048469925208,0.0,0.0
0.0,0.014239811501876365,0.07707234062842797,0.08680303763164594,0.1614092050522544,0.0,0.0,0.0,0.0,0.0,0.0,0.2604756051857954,0.20992068328607955,0.0002508902237465249,0.045916562538814126,0.04391186395135981,0.0,0.0,0.0033448134870514637,0.04665518651294854,0.0,0.012740712007931566,0.037259287992068436,0.0,0.0
0.0,0.22760723130817756,0.0,0.059081493015026215,0.0003525581022202351,0.03906428124470511,0.0,0.0,0.06394913607451932,0.0443299577938792,0.16561534246147244,0.0,0.0,0.0,0.27116862395654484,0.028165572041529096,0.0006658040019260625,0.0,0.046877971176654945,0.0031220288233450577,0.045508355824585775,0.004491644175414228,0.0,0.0,0.0
0.0,0.00643220233584596,0.0,0.0,0.0,0.0,0.2883571230044839,0.13612959776333974,0.0,0.0,0.0,0.16908107689633037,0.0,0.022571656142369445,0.0,0.07773939041971858,0.19968895343791196,0.04765603515233867,0.002343964847661334,0.0,0.0024258785988427456,0.0,0.0,0.04757412140115726,0.0
0.02785396944005424,0.0,0.12864422394541025,0.16819421645851015,0.11474159448581372,0.0,0.0014027891459851283,0.0,0.0,0.0,0.0,0.1591632065242264,0.008063515101447816,0.1209842633913116,0.17095222150724057,0.0,0.0,0.04414613745679627,0.005853862543203733,0.0,0.03014723333516793,0.0,0.0,0.019852766664832072,0.0
0.0,0.0,0.027907350366953316,0.004135959479091067,0.0,0.0,0.1790221612226273,0.0261497836852725,0.2759321309958546,0.0,0.0868526142502011,0.0,0.0,0.2419280576179419,0.006175220615172894,0.025438441329760645,0.026458280437124584,0.01714298922561678,0.03285701077438322,0.0,0.0,0.03985134768027058,0.0,0.0,0.010148652319729425
0.0,0.0,0.0,0.03372918041665852,0.08439146720436731,0.03410149558867066,0.0002526829283053811,0.0,0.241083132833849,0.15658463956614477,0.04985740146200439,0.0,0.03812114829909104,0.03585360253162259,0.020060408757435144,0.0,0.20596484041185126,0.047447300103288466,0.0,0.002552699896711537,0.0,0.0,0.01982522164929667,0.030174778350703334,0.0
0.012878481350185988,0.0,0.23030821352051675,0.0,0.02599402854236839,0.0,0.03834244710729456,0.0,0.06866543993119195,0.22381138954844232,0.0,0.0,0.0,0.0,0.0020920724162272752,0.03211553224798201,0.2657923953357907,0.039381088341630795,0.010618911658369208,0.0,0.028463278788962654,0.0,0.0,0.0,0.02153672121103735
0.08523583346195895,0.0,0.0,0.0,0.17885407944893722,0.0,0.0,0.0,0.1434607689424093,0.0,0.00013686813472946202,0.19231245001196504,0.007880737709551833,0.23547091392973465,0.0,0.056648348360713495,0.0,0.046987948042481784,0.0,0.003012051957518219,0.0,0.0,0.031303837786597316,0.0,0.018696162213402687
0.0,0.0,0.006259159740704678,0.0,0.0,0.03977472641213435,0.0,0.2832249168383962,0.0,0.24292387886337374,0.0,0.02781731814539115,0.059089092179526535,0.0,0.068674132704177,0.004857739532117988,0.16737903558417846,0.0,0.025797065141242047,0.024202934858757956,0.04429181583132487,0.0,0.0,0.0057081841686751345,0.0
0.05171661782709939,0.06857717539400125,0.0,0.08907092266628083,0.12291861071828772,3.426362423586404e-05,0.24151546592182144,0.0,0.0,0.0,0.026166943848273463,0.0,0.0417093472136594,0.0,0.2444196844666663,0.0,0.013870968319674326,0.0,0.006478194418827618,0.043521805581172385,0.0,0.008895172443775079,0.0,0.041104827556224924,0.0
0.06915794608094064,0.06876339141660763,0.08184528486356438,0.04007671589979155,0.11727389057603668,0.00982819962440662,0.0,0.057806212541401586,0.0,0.0,0.038135971195222156,0.11711238780202873,0.04221909771107624,0.1372371590738791,0.08943866532800773,0.005981339956946441,0.02512373793009046,0.0037943880238666544,0.0,0.04620561197613335,0.036575375292398654,0.0,0.013424624707601349,0.0,0.0
0.10265816965543628,0.0,0.0,0.13238284106050954,0.0,0.13663005976314418,0.0,0.21150305166102962,0.0,0.016825877859880323,0.0,0.0,0.0,0.06275553393123544,0.006715123981547388,0.0,0.23052934208721718,0.028924208743805458,0.0,0.021075791256194545,0.010194942440319842,0.0,0.03980505755968016,0.0,0.0
0.13222491906446765,0.0,0.0,0.0,0.12418085770424597,0.018012466159791463,0.0,0.045678763836053404,0.0,0.12168226433971382,0.0,0.1582207288957277,0.03413304369887764,0.001569931322985496,0.0,0.20006160987823857,0.06423541509989826,0.0,0.010998358068728377,0.039001641931271626,0.02304461792617067,0.0,0.0,0.02695538207382933,0.0
0.08760498511866555,0.0,0.0,0.029272087860199764,0.0,0.2666117341659421,0.19296467132846934,0.0,0.0,0.02354652152672332,0.0,0.0,0.03247187683915159,0.023005200667741865,0.0,0.0,0.24452292249310656,0.0,0.04998865928108211,1.1340718917896009e-05,0.04111084905426887,0.00888915094573113,0.0,0.0,0.0
0.0,0.03249825523802549,0.0,0.2559411060151671,0.08445314995832988,0.0,0.0031896446114833,0.07185017366507082,0.15206767051192333,0.0,0.0,0.0,0.049110125712701486,0.02905455822682075,0.06370468373918337,0.14272936480456422,0.015401267516730155,0.03144966631769776,0.018550333682302245,0.0,0.0,0.0,0.00019552654773274947,0.0,0.04980447345226725
0.0,0.08821798080936213,0.07634152124580704,0.014980171970769729,0.28061165314510894,0.0,0.0,0.0,0.13984867282895208,0.0,0.0,0.0,0.1617030822350264,0.13315490422048787,0.0,0.0,0.00514201354448568,0.0,0.03985817871764332,0.010141821282356682,0.032136613570384026,0.0,0.0,0.0,0.017863386429615977
0.23846748935827722,0.05430162948644475,0.0,0.0,0.0,0.0,0.0190479450091372,0.07336166651567125,0.0,0.0,0.21482126963046957,0.0,0.16915020202808287,0.11998817271728787,0.0,0.0,0.010861625254629248,0.027501448538259525,0.0,0.022498551461740478,0.005588639781514221,0.0,0.04441136021848578,0.0,0.0
0.0,0.0,0.0,0.0,0.07751452692210747,0.10349144915097938,0.12401325671884134,0.0,0.01861930970313841,0.27636145750493335,0.0,0.0,0.1262928345910907,0.15898515434028934,0.014722011068619978,0.0,0.0,0.0,0.03210527007211223,0.01789472992788777,0.0,0.0,0.013822514740233292,0.0,0.03617748525976671
0.000965288519247931,0.12221978970479527,0.03615638331627752,0.0,0.0,0.20378660899334164,0.18200002701116083,0.0,0.0,0.0,0.0,0.05487190245517684,0.061703063692300206,0.03281992213484025,0.02374594957499071,0.18173106459786884,0.0,0.006858461018769378,0.0,0.043141538981230625,0.02320507353305993,0.026794926466940074,0.0,0.0,0.0
0.0010697448788791197,0.0,0.03209814403409568,0.0,0.18821806899644208,0.0,0.0,0.0,0.12033624326126588,0.03609183647196101,0.2221859623573562,0.0,0.008581481803487723,0.0,0.0,0.05245087829660368,0.2389676398999086,0.045149411920254054,0.0,0.004850588079745949,0.00726890090691984,0.04273109909308016,0.0,0.0,0.0
0.0970232580187016,0.13925675618799088,0.025223113265781513,0.027323109522482635,0.0,0.0,0.0,0.08618466170651662,0.0,0.000670399702229485,0.22431870159629727,0.0,0.044069366301191834,0.03521121301852437,0.08214864937020638,0.11276734514431477,0.025803426165762658,0.034458858485402324,0.015541141514597678,0.0,0.0,0.03204272036946274,0.01795727963053726,0.0,0.0
0.0,0.0,0.0,0.0,0.0,0.15457526894861187,0.08886451669599335,0.008534893141206368,0.0,0.0,0.24491686247756905,0.10310845873661928,0.04135253299657421,0.059053570213083086,0.032926826740844184,0.14802193133346392,0.018645138716034626,0.0,0.026589596340434125,0.023410403659565877,0.03960205475294055,0.0,0.0,0.010397945247059455,0.0
0.0,0.24826848630102744,0.0,0.0,0.0,0.0,0.134592750957222,0.0,0.08161088101914225,0.0,0.016930909772786884,0.11859697194982136,0.01939708304764548,0.0,0.07806447115591832,0.12397358899847036,0.07856485679796585,0.0,0.03360016660713586,0.01639983339286414,0.0,0.04433272375666696,0.0,0.00566727624333304,0.0
0.18552747213610254,0.0697248506554208,0.0,0.19098028327275923,0.0,0.14951296500540856,0.0,0.0,0.004254428930308807,0.0,0.0,0.0,0.0009270286028473795,0.0,0.039311459200555746,0.13414028511596024,0.12562122708063664,0.004591491807461837,0.0,0.045408508192538166,0.0,0.011139084118171605,0.0388609158818284,0.0,0.0
0.20043981720340057,0.0,0.0,0.0,0.03825574257649171,0.29867506637507324,0.04812533625833691,0.0,0.014504037586697605,0.0,0.0,0.0,0.15173677428370141,0.11836303412415516,0.029151343411673435,0.0007488481804699965,0.0,0.033244300798046036,0.016755699201953966,0.0,0.0,0.0051049279350141585,0.044895072064985844,0.0,0.0
0.0,0.05405650006007455,0.0,0.005621601208433691,0.0,0.08984087161367924,0.045262706739698455,0.17318229762296852,0.08799098131562047,0.0,0.0,0.14404504143952496,0.0,0.0036155646953492937,0.2963844353046507,0.0,0.0,0.0,0.039026150473166356,0.010973849526833647,0.0,0.034239214323656834,0.01576078567634317,0.0,0.0
0.0,0.13200037374183293,0.21503102646781325,0.0,0.07302320196044165,0.028384616538256118,0.014932727071095941,0.0,0.13662805422056012,0.0,0.0,0.0,0.15051273523586844,0.0,0.14513690480640412,0.004350359957727423,0.0,0.0,0.035360347494724324,0.014639652505275678,0.01865614178078468,0.03134385821921532,0.0,0.0,0.0
0.0,0.06268283306567693,0.0,0.0,0.0,0.08927992164998527,0.0,0.1424196034604493,0.0,0.022833536451567826,0.0,0.28278410537232057,0.004740081844817501,0.0696071702506989,0.15573689332637727,0.0,0.06991585457810628,0.023883311869380544,0.0,0.02611668813061946,0.03581152023817744,0.0,0.0,0.01418847976182256,0.0
0.0,0.0,0.23059972472424092,0.0,0.0,0.0143357741179867,0.0,0.27558012306968943,0.07948437808808294,0.0,0.0,0.0,0.09163624511596377,0.0,0.00315008043277204,0.20521367445126418,0.0,0.0011066405614554922,0.04889335943854451,0.0,0.034136466059186965,0.015863533940813038,0.0,0.0,0.0
0.0,0.03127008514699182,0.0650612884861512,0.010458066355320761,0.0,0.0,0.2905657720784659,0.0,0.05061225356655592,0.0,0.0,0.15203253436651437,0.05334017122999096,0.1017607432360941,0.08258103281515332,0.04586279851349427,0.016455254205267333,0.0,0.008295866483370135,0.04170413351662987,0.008234415527696604,0.0,0.0,0.0417655844723034,0.0
0.10750957815799722,0.0,0.0,0.0516176552713373,0.0014041373894370102,0.08621495679886043,0.0,0.24861150385365235,0.1046421685287156,0.0,0.0,0.0,0.002415951301244501,0.029204018595692875,0.2376198214022893,0.0,0.030760208700773305,0.04603324600566347,0.003966753994336533,0.0,0.0181101351958149,0.0,0.031889864804185104,0.0,0.0
0.0,0.03019902054503177,0.23924535541773792,0.0,0.0,0.13946074551304924,0.14822815695036676,0.02716632778828048,0.0,0.0,0.015700393785533895,0.0,0.08052175315518387,0.055526297708658356,0.04140694377252141,0.10876499912906484,0.013780006234571485,0.0201089568871374,0.029891043112862604,0.0,0.025508376738445027,0.0,0.0,0.0,0.024491623261554976
0.0,0.0,0.03924338942835899,0.0,0.0,0.22177160095834345,0.0,0.19108125648718813,0.12300120244627005,0.0,0.0,0.024902550679839375,0.0,0.03319644764491687,0.0,0.24938340948397808,0.01742014287110505,0.036074471984922654,0.0,0.013925528015077349,0.039302290634021485,0.0,0.010697709365978518,0.0,0.0
0.09220150248303474,0.0,0.039540987940401055,0.0,0.0,0.002773553713562804,0.0,0.0,0.18011932216688797,0.2853646336961134,0.0,0.0,0.08179487240085714,0.016729529751808248,0.10480949461083247,0.05229142180941135,0.04437468142709078,0.01203801416782458,0.0,0.03796198583217542,0.0340936429134453,0.0,0.0,0.0,0.015906357086554704
0.0,0.0052724978877938256,0.0,0.13998706776043165,0.0,0.0,0.0,0.0,0.025405599477878467,0.0,0.21612172171801103,0.213213113155885,0.21692622915405227,0.0,0.011666918334106602,0.0,0.07140685251184112,0.004785773033758614,0.04521422696624139,0.0,0.0,0.0,0.017047229075736733,0.0,0.03295277092426327
0.0376192690686438,0.0,0.0,0.05544565684821043,0.059915449929627225,0.27495646395570533,0.00014344997180426589,0.0,0.17191971022600888,0.0,0.0,0.0,0.0,0.0,0.008184077004151413,0.0303849130600064,0.2614310099358422,0.022691807553652674,0.0,0.02730819244634733,0.04349752638735492,0.0,0.006502473612645082,0.0,0.0
0.0,0.045272937466983076,0.0,0.0,0.11088313777604664,0.049024291725420846,0.058479157909077886,0.13565869313154508,0.0,0.00564102598330074,0.050651569468419866,0.14438918653920585,0.21706629703286764,0.0144430930450124,0.0,0.0,0.06849060992211992,0.03504610835095063,0.0,0.014953891649049374,0.032064288676707416,0.0,0.0,0.0,0.017935711323292587
0.0,0.0,0.24074486126354325,0.22388584214236598,0.07859905530189837,0.0,0.0,0.009758354438662686,0.04701188685352972,0.0,0.0,0.0,0.0,0.003907583088525457,0.0,0.02734328023767377,0.26874913667380074,0.03676712700806516,0.0,0.01323287299193484,0.0,0.0,0.03585178942811516,0.01414821057188484,0.0
0.0,0.27036190300335217,0.0,0.11615694391382372,0.0,0.0,0.0,0.0,0.1331560952291095,0.0759437612425587,0.0,0.004381296611155938,0.11384683308905325,0.00018499088892193205,0.025913203681321016,0.0,0.16005497234070382,0.0,0.02804320624999702,0.021956793750002982,0.0,0.0,0.021172881895180906,0.0,0.028827118104819097
0.0,0.13915020073670847,0.05542325965642074,0.04972402873537765,0.08657390760902883,0.20704217671232805,0.0,0.0,0.0,0.0,0.003358524313022193,0.058727902237114084,0.02920331343293361,0.002908904587790917,0.0,0.05699255827650161,0.2108952237027739,0.0,0.0032582976815625497,0.04674170231843745,0.0,0.0,0.022261472080169004,0.027738527919831,0.0
0.0660608442545224,0.07808622251608419,0.06750538440076542,0.16018570345960773,0.06400229841772101,0.06622152983370877,0.014366171695533336,0.0,0.0,0.055350033355128544,0.028221812066928583,0.0,0.0,0.045923881284258866,0.019780096657664503,0.2342960220580766,0.0,0.028239978173138017,0.0,0.021760021826861986,0.0,0.0,0.0,0.01867666648372191,0.03132333351627809
0.23080661728960908,0.02743252202783069,0.0,0.0,0.0,0.0609136781208397,0.03197144139756055,0.23706736816519713,0.011808372998962868,0.0,0.0,0.0,0.06908586262098532,0.11604355474382763,0.06549503327785353,0.029995969731769514,0.01937957962556397,0.0,0.007646038326825699,0.042353961673174303,0.012580967156319636,0.0,0.0,0.037419032843680367,0.0
0.13713941549573866,0.13522539086930033,0.0,0.0,0.0,0.0,0.08409294927187655,0.0,0.0,0.00208160479658015,0.24146063956650432,0.0,0.0008707192587805723,0.11849429612894749,0.0,0.060398961345109026,0.1202360232671629,0.0,0.018901024672383304,0.0310989753276167,0.0,0.0,0.017818454066832898,0.0,0.032181545933167105
0.0,0.044309611442190894,0.07714800685539797,0.0,0.21591939330374638,0.0,0.25292661242335734,0.00969637597530737,0.0,0.0,0.0,0.0,0.0347875541518486,0.08180362393021956,0.030137686729913342,0.14946983820207121,0.003801296985947278,0.04593935658766489,0.0,0.004060643412335113,0.0,0.0,0.004962360527814909,0.045037639472185094,0.0
0.004900762876675291,0.0,0.0,0.0,0.25322588446105765,0.05703476854704874,0.24895728201822662,0.03588130209699174,0.0,0.0,0.0,0.0,0.0,0.038232547435068265,0.002328205254357618,0.12469848342555803,0.13474076388501607,0.0,0.04502731865850349,0.004972681341496511,0.0,0.006292859584072399,0.0437071404159276,0.0,0.0
0.2127731933106942,0.0,0.10927106022307218,0.0,0.05415717919763423,0.0,0.012565178626290252,0.027828372101673205,0.0,0.0,0.0,0.1834050165406359,0.026001348496581034,0.00017890257778746532,0.2738197489256315,0.0,0.0,0.025677733692471522,0.02432226630752848,0.0,0.0035053271445361564,0.0,0.0,0.046494672855463846,0.0
0.20524695225709183,0.0,0.0,0.0,0.0,0.18835574893323986,0.0,0.0,0.0,0.011104065005947295,0.16630266441237443,0.02899056939134652,0.017618243630687314,0.0,0.0,0.2823817563693127,0.0,0.013180873944015667,0.0,0.036819126055984336,0.0,0.0,0.005225039717395942,0.0,0.04477496028260406
0.0,0.0,0.1490032278673666,0.0,0.037416846485270494,0.05423937874811677,0.26451570598077284,0.0,0.09080014911960521,0.0,0.0040246917988681075,0.0,0.0,0.09640644844965943,0.0,0.00800074096339165,0.1955928105869489,0.0,0.03419837626786626,0.015801623732133743,0.04189129668505046,0.0,0.00810870331494954,0.0,0.0
0.02437117007134737,0.0,0.0,0.09034376298053473,0.2199331844051461,0.19853243555394653,0.0,0.06681944698902531,0.0,0.0,0.0,0.0,0.001037480143131042,0.16098377721020535,0.029411661848954496,0.10856708079770913,0.0,0.0,0.017666379924846994,0.03233362007515301,0.0,0.03430820140807912,0.01569179859192088,0.0,0.0
0.0,0.0,0.22280120376733312,0.0,0.0013278144464963226,0.0,0.24624246936400407,0.0,0.0,0.0,0.0,0.1296285124221665,0.02808326856752964,0.0,0.0,0.2574731936522211,0.01444353778024926,0.02114636448799852,0.028853635512001482,0.0,0.030828465328320717,0.0,0.0,0.0,0.019171534671679286
0.05513084836446537,0.0,0.05183853245909398,0.006697216286394858,0.0,0.0,0.28838897862798024,0.0,0.0,0.08661587360957368,0.0,0.11132855065249184,0.20816282436460826,0.004697492237778322,0.0,0.0,0.08713968339761338,0.0004583102395451927,0.0,0.04954168976045481,0.013985801971925359,0.0,0.0,0.036014198028074644,0.0
0.0,0.004576667861659001,0.030056372236110046,0.025806593063687325,0.0,0.28275681398635627,0.0,0.0,0.0,0.0,0.0,0.2568035528521873,0.24969276459776588,0.012597055271259483,0.037710180130974644,0.0,0.0,0.0,0.02273097840155343,0.027269021598446574,0.0021501172089783416,0.0,0.04784988279102166,0.0,0.0
0.29002381129520427,0.0,0.0,0.06664401275060894,0.0,0.03565906726698494,0.0,0.0,0.07509588413686483,0.03778366140159645,0.014501479514149485,0.08029208363459106,0.0,0.11787358315350327,0.060644241706620416,0.022688611079508536,0.09879356406036774,0.0,0.03869142049980397,0.01130857950019603,0.0,0.04112512029466306,0.0,0.0,0.008874879705336944
0.011517233214679679,0.0,0.08811527880995323,0.0,0.0,0.0,0.27181132780634865,0.0,0.07019522673227813,0.0,0.0,0.1583609334367404,0.0,0.16124588610819035,0.013012979730959495,0.12574113416085014,0.0,0.0,0.008232826613509242,0.04176717338649076,0.011660991599812702,0.0,0.0,0.0383390084001873,0.0
0.0,0.028897537042783195,0.033720536170505674,0.23544058830753933,0.0,0.07789762595666047,0.19197824225820068,0.0,0.004951206228527516,0.0,0.027114264035783143,0.0,0.0,0.03259600543212906,0.0038510479860840996,0.029452138963357702,0.23410080761842914,0.0,0.0411677384781506,0.008832261521849405,0.031018595478573007,0.0,0.0,0.0,0.018981404521426996
0.010020887145642199,0.026030409191884783,0.031934835045664536,0.13982877064223556,0.05702847740851121,0.0,0.14317937647824794,0.135721355999011,0.0,0.0,0.056255888088802664,0.0,0.2644349683831726,0.006580137330980285,0.028984894285847128,0.0,0.0,0.0,0.020224303921703192,0.02977569607829681,0.0,0.0,0.041863984429269335,0.0,0.008136015570730668
0.2442865209422989,0.0817346710638831,0.0,0.03578181221098685,0.0,0.013254026885060943,0.0,0.0,0.0,0.029617053241936465,0.05834303088296685,0.1369828847728669,0.002819786834926896,0.2139490454796709,0.0832311676854022,0.0,0.0,0.0,0.03146092066022116,0.018539079339778844,0.0,0.015347195091838774,0.0,0.0,0.03465280490816123
0.0,0.0,0.159664462997576,0.0,0.032973021854576415,0.0058851519063900515,0.0,0.09747061698694415,0.07013278421444087,0.1678282464129051,0.0660457156271674,0.0,0.0007578393321953092,0.25246319081781265,0.04677896984999203,0.0,0.0,0.011484944737214856,0.03851505526278515,0.0,0.045082221778456326,0.0,0.0,0.004917778221543677,0.0
0.0,0.14310832403973264,0.0,0.0,0.09141960255683815,0.0,0.12204282181385159,0.21008914316271568,0.028768908888752942,0.0,0.004571199538109028,0.0,0.10317808137576939,0.08088499187702317,0.026062291254417093,0.03163417366923034,0.058240461823559984,0.03656295794302379,0.0,0.013437042056976212,0.040135536435162315,0.0,0.0,0.009864463564837687,0.0
0.274167822886783,0.0582427423242679,0.0,0.0,6.384458297370443e-05,0.08056491068098212,0.03764303117578173,0.0,0.0,0.09500981656720553,0.0,0.054307831782006044,0.004143246425945657,0.037405307922807815,0.03964774653656276,0.0,0.21880369911468373,0.005523612791025784,0.0,0.04447638720897422,0.008042330850602387,0.041957669149397615,0.0,0.0,0.0
0.013371352096127498,0.0,0.0,0.2013543588999061,0.05849408424109491,0.0,0.06244343260454323,0.0,0.1178955644788261,0.14644120767950214,0.0,0.0,0.024896258428370344,0.10175923801319658,0.050271334959759745,0.12307316859867332,0.0,0.0,0.020088661877475704,0.0299113381225243,0.0265693977548928,0.0,0.023430602245107204,0.0,0.0
0.0,0.18387252191329903,0.0,0.14507588377556005,0.0,0.0,0.017883764727620766,0.030130340275367054,0.0,0.0,0.223037489308153,0.0,0.08026844881742005,0.00839090301650769,0.07225948728240451,0.0863555392799485,0.052725621603719214,0.0,0.00024987185859513816,0.049750128141404865,0.010208479710879834,0.0,0.0,0.03979152028912017,0.0
0.048070660200413534,0.0775673799280007,0.13769342139238872,0.0,0.0,0.008613711212399955,0.0,0.25188421774961606,0.0,0.0,0.0761706095171811,0.0,0.016741898851669046,0.12528802379051154,0.0,0.0,0.1579700773578194,0.0,0.0003868380653875986,0.049613161934612404,0.0,0.029863648448976994,0.0,0.0,0.02013635155102301
0.0,0.0,0.0,0.0,0.0,0.09088599817996518,0.15978657631518398,0.08532747690193448,0.13671379956388063,0.11038164828937064,0.016904500749665097,0.0,0.05587163178420357,0.005643854865669373,0.04422388281584857,0.16087129065773956,0.03338933987653889,0.0,0.03973504037507822,0.010264959624921785,0.043192387314345965,0.0,0.0,0.006807612685654038,0.0
0.0,0.20103072378800668,0.03467594995744107,0.0,0.0,0.027840096250253132,0.0,0.07179651525907485,0.0,0.09144617987696074,0.1672797258155608,0.0059308090527028234,0.09446357145146506,0.00986776765428049,0.13223565490481778,0.06343300598943669,0.0,0.0,0.008781346488357197,0.041218653511642805,0.0,0.0,0.03613156038837455,0.0,0.013868439611625455
0.055495150915255365,0.015100476231465265,0.12775906194208556,0.0,0.026410828474608194,0.0,0.028727822400212797,0.12001108570914826,0.1934602926676208,0.033035281659603795,0.0,0.0,0.0,0.19993093307144286,0.0,0.07789328510050003,0.022175781828057073,0.041097668019954216,0.0,0.008902331980045787,0.032093469660439584,0.01790653033956042,0.0,0.0,0.0
0.09299465161156137,0.04424761280203074,0.0,0.0,0.12733601439249953,0.032841672057146644,0.0,0.0,0.0,0.016411707732762792,0.0,0.28616834140399894,0.221708899436233,0.018234639959776755,0.02729549620470523,0.0,0.03276096439928499,0.03741760919701529,0.012582390802984712,0.0,0.0,0.010657744331535934,0.0,0.03934225566846407,0.0
0.0,0.2602250517862044,0.028700142947275707,0.08885231229079033,0.0,0.0930509853015388,0.0050425027522259525,0.0,0.0,0.0,0.12412900492196485,0.0,0.19267848209912147,0.0,0.05049516741956603,0.0009281547347634311,0.055898195746549084,0.022563939562721295,0.027436060437278708,0.0,0.0,0.0,0.021596918102247627,0.0,0.028403081897752376
0.0,0.0,0.0,0.0,0.0,0.0016070169448300087,0.0,0.2424092708811364,0.0,0.0,0.26554192054945996,0.09044179162457366,0.21756541824153364,0.042245546478395596,0.007755940524640903,0.0,0.03243309475542982,0.011790537241329127,0.038209462758670876,0.0,0.0,0.023412207627856594,0.0,0.0,0.02658779237214341
0.08110476275302797,0.04963233144413613,0.0,0.0,0.09130871908827842,0.0,0.1018329347193973,0.09214770237081199,0.12562776714652518,0.014198592163765067,0.0,0.04414719031405785,0.0,0.04902090749010768,0.016441141216297306,0.0,0.234537951293595,0.009408941552608352,0.04059105844739165,0.0,0.0,0.03331120774195442,0.0,0.0,0.016688792258045586
0.0,0.010910010086405797,0.27585897931962133,0.2803717356000685,0.0,0.0,0.0,0.0,0.0,0.0,0.0,0.032859274993904244,0.0,0.19590769758431245,0.09396632042212172,0.0,0.010125981993565791,0.009415323810073442,0.0,0.04058467618992656,0.01537013205248073,0.0,0.03462986794751927,0.0,0.0
0.03186304309100485,0.0,0.13220124824382343,0.008764971911721209,0.0,0.0,0.0,0.07032659477938571,0.265465799198137,0.0406426406687717,0.0,0.05073570210715612,0.12343564826222003,0.11082686068554953,0.021845805794978634,0.043891685257251775,0.0,0.0,0.03487345641678394,0.015126543583216065,0.0,0.0,0.0018555446880701848,0.0,0.04814445531192982
0.0,0.0,0.27726853479380653,0.0,0.027606129351482767,0.28813090801066255,0.0069944278440481344,0.0,0.0,0.0,0.0,0.0,0.03714674400204061,0.0010405408300444008,0.03763877515176912,0.14346910145140973,0.08070483856473612,0.04283946512164505,0.0,0.007160534878354954,0.03239550930505737,0.01760449069494263,0.0,0.0,0.0
0.2377882789349088,0.039287509887830016,0.07769065975172884,0.14442330895182048,0.0,0.009786069814680776,0.0,0.09102417265903104,0.0,0.0,0.0,0.0,0.027074158694857003,0.09783488120064787,0.031458052145887726,0.02514437403745079,0.1184885339211566,0.012878847651138198,0.0,0.037121152348861805,0.0,0.02869169766595231,0.0,0.0,0.021308302334047693
0.0,0.04861257450693897,0.0,0.0,0.005037337408479892,0.0,0.026458384382745018,0.28248308848348685,0.0,0.0,0.23740861521834924,0.0,0.06299824410398278,0.0,0.009789468099394183,0.22721228779662303,0.0,0.0,0.02171228608836096,0.02828771391163904,0.0,0.015375089526301844,0.0,0.03462491047369816,0.0
0.0,0.021096696216241217,0.2019642741540208,0.0,0.05408542333694738,0.0,0.0,0.0,0.0,0.0,0.2516580642307202,0.07119554206207049,0.0,0.2003842042104829,0.07472010520461916,0.024895690584897934,0.0,0.047833170542552386,0.0,0.0021668294574476166,0.0,0.0071344653850096,0.0,0.0,0.0428655346149904
0.026744090744597684,0.0,0.0,0.12337235958353662,0.037972019730889095,0.0,0.0,0.00016807818331809887,0.0,0.14873448270559447,0.0,0.2630089690520641,0.02684938179806187,0.15345557354171258,0.11508129709695483,0.004613747563270765,0.0,0.0,0.0024887545753279755,0.04751124542467203,0.0,0.0,0.032016202910342045,0.017983797089657957,0.0
0.0,0.18244239692253855,0.16718888336394583,0.0,0.0,0.0,7.402519175148115e-05,0.22441077654827268,0.0258839179734914,0.0,0.0,0.0,0.0,0.03557683937514779,0.014659478995737052,0.0,0.24976368162911516,0.0,0.01836240579806589,0.03163759420193411,0.04063228974538266,0.0,0.009367710254617342,0.0,0.0
0.13939143908073598,0.0,0.07049591801594891,0.22724297250417447,0.0,0.0,0.01146687691028192,0.0,0.0,0.15140279348885874,0.0,0.0,0.0034740250484836532,0.04648736210798647,0.16021288804950928,0.057715128745822894,0.03211059604819767,0.0,0.002772729588360376,0.04722727041163963,0.03282616943563287,0.01717383056436713,0.0,0.0,0.0
0.0,0.0,0.026483545964910083,0.0019385354141017164,0.0,0.0,0.0,0.0,0.27527269852345054,0.0,0.0,0.2963052200975377,0.050043468235316246,0.0,0.17568541732726156,0.0705421343464404,0.0037289800909817705,0.027372612296785406,0.022627387703214596,0.0,0.0,0.01688739183831567,0.033112608161684334,0.0,0.0
0.07490791128425682,0.022539955642525644,0.08374152759205492,0.1206315035837465,0.0,0.14980736292084582,0.0,0.1483717389765703,0.0,0.0,0.0,0.0,0.0,0.0074879299561561585,0.0,0.09207022742287477,0.2004418426209691,0.0,0.02127729843240089,0.028722701567599113,0.0,0.03923696579350217,0.01076303420649783,0.0,0.0
0.0,0.0,0.0,0.0,0.2900965765537739,0.030199594690975304,0.0,0.2642289336042754,0.0,0.0,0.0,0.015474895150975332,0.02958225627825728,0.02686794787138785,0.09256370923497176,0.06334440487917706,0.08764168173620604,0.007929164061245636,0.0,0.04207083593875437,0.0,0.012615397837359946,0.03738460216264006,0.0,0.0
0.06052975968107211,0.0008025143850827199,0.13442665161448636,0.0,0.0,0.0,0.14600439924431874,0.04365223214819567,0.06976879731331413,0.14481564561353022,0.0,0.0,0.04998537582633847,0.0315929986553784,0.13987436324100275,0.037089860624392304,0.041457401652888054,0.0,0.04534716410646994,0.0046528358935300634,0.0022707997960550244,0.0,0.04772920020394498,0.0,0.0
0.29577442324971437,0.18816529842524668,0.0,0.0,0.0,0.08551486800219814,0.029273758188817618,0.001271652134023138,0.0,0.0,0.0,0.0,0.0,0.2502320601269139,0.031534844127862935,0.018233095745223138,0.0,0.0,0.01683336404409428,0.03316663595590572,0.023809609792211806,0.0,0.0,0.026190390207788197,0.0
0.02706338630372065,0.1282647974404727,0.0,0.0,0.0,0.0,0.0012707661858141206,0.10903442107828479,0.10688092346554778,0.04173249575334509,0.0,0.18575320977281484,0.09991099835274275,0.02092776762843407,0.0,0.14886296960283793,0.030298264415985245,0.020716795661612247,0.029283204338387755,0.0,0.0,0.0,0.012038858414897366,0.0,0.03796114158510264
0.0,0.0,0.21164540300838927,0.0,0.0,0.012858899842944749,0.0,0.0,0.0,0.0,0.24275586003854885,0.13273983711011705,0.17541513415136514,0.006612570134972573,0.046419333643474864,0.042249420525100057,0.02930354154508735,0.026671169300652522,0.02332883069934748,0.0,0.0,0.0,0.002561692651143019,0.0,0.047438307348856984
0.0,0.05921198918035103,0.2920644813198919,0.026397018260409553,0.0,0.010995018483997199,0.0,0.046913181961706574,0.05281698778992541,0.035056036796877924,0.07654528620684042,0.0,0.15845599963526807,0.027873023093354914,0.028523679866081994,0.003946558574824177,0.08120073883047085,0.01602386150461188,0.03397613849538812,0.0,0.0,0.0,0.02811411165951636,0.021885888340483644,0.0
0.0,0.0,0.026425271344209012,0.0,0.20674149850287432,0.0003536216048655172,0.03480645921906053,0.0,0.03516039290325909,0.0,0.06262653691678151,0.23388621950895,0.026511161753158385,0.1552482236923357,0.0005298958437813805,0.08744934368607779,0.030261375024646726,0.0,0.03515644862286742,0.014843551377132586,0.04163927903968355,0.008360720960316453,0.0,0.0,0.0
0.0,0.0,0.08657276250464233,0.0,0.0,0.04615026276881776,0.27563782737122233,0.10566840371771172,0.011703078787990706,0.0,0.0,0.07426766484961517,0.0,0.016905993308242218,0.2465444569948779,0.0,0.03654954969687987,0.0,0.03386324158189164,0.01613675841810836,0.0,0.0,0.041232166090942796,0.0,0.008767833909057207
0.06511635095990984,0.0,0.20927399006036887,0.0,0.0,0.03842937324980733,0.0,0.20138208041250616,0.0,0.01954992081869844,0.06624828449870926,0.0,0.043809940240268144,0.03977804726054475,0.002811551200347928,0.18769119839893234,0.025909262899906835,0.04657694589566068,0.0034230541043393237,0.0,0.04585064261735111,0.0,0.0,0.004149357382648891,0.0
0.050277524407383214,0.2674393745938333,0.0,0.0,0.07535715480945869,0.0,0.0,0.0,0.18869738596797472,0.01822856022135,0.0,0.0,0.18489614143114683,0.05656064610732781,0.03954224344798496,0.01900096901354037,0.0,0.0,0.03540738476842038,0.01459261523157962,0.0,0.0303834075309801,0.0,0.0196165924690199,0.0
0.010147875802928086,0.0,0.03012632574237834,0.0,0.0,0.0,0.21040209836681206,0.0,0.0,0.0,0.11617931282777252,0.2331443872601089,0.011022949405569193,0.0,0.07112352776995973,0.02958942516019189,0.1882640976642792,0.028133615516330195,0.0,0.021866384483669808,0.01693132923410204,0.0,0.0,0.033068670765897965,0.0
0.0,0.0,0.015275340091288836,0.028680878303863802,0.0,0.0,0.0,0.09604700816533013,0.2697281122889715,0.19026866115054575,0.0,0.0,0.13087878974767822,0.01331415562852356,0.0,0.09350169616968879,0.06230535845410943,0.0019024169804957441,0.0,0.04809758301950426,0.0,0.023616335839749,0.026383664160251,0.0,0.0
0.0,0.0,0.0,0.20440560049780768,0.014212830662733156,0.0,0.10269501343962525,0.0,0.0,0.0721070695235404,0.0,0.2065794858762935,0.0,0.008554211018359403,0.23969816247340683,0.05174762650823375,0.0,0.01216000187957355,0.0,0.03783999812042645,0.0,0.004004597971595851,0.04599540202840415,0.0,0.0
0.13061671786543766,0.0,0.0,0.0,0.0,0.023050195237162785,0.03630309479885278,0.27041501605317403,0.0,0.0,0.0,0.13961497604537282,0.2418811591926599,0.0,0.005562735894276805,0.026845146692604235,0.02571095822045904,0.006690032570615276,0.04330996742938473,0.0,0.04525999568278192,0.0,0.004740004317218084,0.0,0.0
0.17113828089505637,0.0,0.045152301731666455,0.0014187470303971272,0.0,0.0,0.0,0.0,0.22296768314521512,0.1593229871976649,0.0,0.0,0.0,0.0,0.0,0.28338464494108556,0.016615355058914427,0.023296662949008742,0.02670333705099126,0.0,0.0,0.04665364767893526,0.003346352321064741,0.0,0.0
0.056549542724117524,0.0,0.0,0.0,0.0,0.23159861632657971,0.0,0.0,0.01461828303111512,0.09585323355982095,0.0,0.20138032435836675,0.23295957850686155,0.02577090699252982,0.0015093963668547095,0.03976011813375388,0.0,0.027353747240357888,0.0,0.022646252759642115,0.002536443018336783,0.0,0.04746355698166322,0.0,0.0
0.0,0.29638645955597676,0.13025771932589134,0.0,0.0,0.09314989982807884,0.0,0.07699843277800936,0.0,0.0,0.0,0.003207488512043666,0.11963485808082588,0.10826465097008864,0.059614835992363426,0.0,0.012485654956722048,0.00439714848863746,0.0,0.04560285151136254,0.0,0.0,0.035782017915974795,0.014217982084025207,0.0
0.07586056089850313,0.0,0.0,0.0,0.03459553205920574,0.010381699861229832,0.19053573332970117,0.0,0.24056786888797413,0.0,0.048058604963385994,0.0,0.0,0.055537595362377706,0.01927913153236227,0.0,0.22518327310526,0.0,0.03921954213569494,0.010780457864305065,0.0,0.02215268938755144,0.0,0.027847310612448564,0.0
0.14681122356726928,0.00203951883022635,0.0,0.0,0.02918084890037394,0.0,0.0,0.09913842427418507,0.02661940590666315,0.0,0.0,0.29621057852128213,0.0,0.0,0.17319345240172462,0.12655151772224268,0.00025502987603270855,0.03919969023412882,0.01080030976587118,0.0,0.027595385659834725,0.0,0.0,0.022404614340165278,0.0
0.0,0.0,0.0,0.0,0.008413333475708384,0.29978861994037076,0.0,0.09312837263294213,0.0,0.0,0.1986696739509787,0.0,0.1454098145445183,0.026930816566577854,0.04879649842136484,0.07511033105986159,0.003752539407677391,0.0,0.0008391936522910426,0.04916080634770896,0.03948836241318908,0.0,0.0,0.0,0.010511637586810924
0.008730707810772897,0.0,0.0,0.18606725192776385,0.0,0.0,0.0,0.0,0.0,0.0,0.17455502386212346,0.2306470163993397,0.11572959569117897,0.04286576716659743,0.0730072573557728,0.028880103403560394,0.03951727638289039,0.03476713435462008,0.015232865645379921,0.0,0.0,0.0,0.015070022175543547,0.0,0.034929977824456455
0.23044035272896857,0.1625989073845491,0.0,0.1096289158784633,0.02948684257425082,0.0,0.007845396237117108,0.05999958519665121,0.0,0.0,0.0,0.0,0.013642814648246793,0.0,0.0,0.2127962469256285,0.07356093842612468,0.0023317213302997547,0.04766827866970025,0.0,0.0,0.02070034030334731,0.0,0.0,0.029299659696652693
0.0,0.09915839541382743,0.0,0.2540575470848843,0.22049140381430318,0.0,0.025231373083917895,0.0,0.0,0.0,0.001061280603067205,0.0,0.02673056997272974,0.05752604627689742,0.07574134237743171,0.05960538113806628,0.08039666023487488,0.018321388225511943,0.0,0.03167861177448806,0.0,0.007277756166182953,0.0,0.04272224383381705,0.0
0.0,0.0,0.0,0.0,0.0068951968701356225,0.13002405789402385,0.0,0.10148794789116575,0.14188006587953303,0.05305028198106445,0.16666244948407724,0.0,0.003130209246586635,0.27159583059137166,0.0,0.0,0.02527396016204172,0.024428404161164548,0.0,0.025571595838835455,0.01214331452686146,0.0,0.0,0.03785668547313854,0.0
0.0,0.0,0.06611072156313304,0.07524900646853744,0.14124048428663405,0.0,0.08388960945636575,0.09491635796356182,0.0,0.015271536456440526,0.08394982170568385,0.039372462099643415,0.006448791722304226,0.12897539201992064,0.13477540161321044,0.029800414644564684,0.0,0.03204942519238729,0.01795057480761271,0.0,0.01716108198357795,0.0,0.0,0.03283891801642205,0.0
0.0,0.0,0.2172413870350304,0.0,0.0204153900149443,0.27040059769612573,0.09194262525389946,0.0,0.0,0.0,0.0,0.0,0.04551585610463167,0.034444842645896534,0.0430412917454792,0.06806678084242393,0.10893122866156865,0.0,0.009512302114249027,0.040487697885750976,0.0,0.04444472836634189,0.005555271633658113,0.0,0.0
0.0,0.0,0.0,0.14300825610730405,0.23438290753829658,0.0,0.2106786582024613,0.0,0.011930178151938087,0.0,0.0,0.0,0.0,0.08890903389931284,0.1839346315680795,0.025549759571784073,0.001606574960823559,0.018672175871398994,0.03132782412860101,0.0,0.0,0.0,0.0,0.039012693600483435,0.010987306399516568
0.20690894337862148,0.031674088890141915,0.0,0.0,0.0920855375095625,0.2272192125481653,0.0,0.0,0.0,0.0032464580966619083,0.03886575957684686,0.0,0.060118816507519976,0.003806874420322459,0.18605212313751876,0.05002218593463882,0.0,0.0,0.014173601033953577,0.035826398966046426,0.03826200576528219,0.0,0.011737994234717816,0.0,0.0
0.0,0.0,0.17914715803141323,0.07673541207021292,0.0,0.0,0.0,0.17921390211241622,0.0,0.1425678106238752,0.02233571716208238,0.0,0.0,0.0,0.0,0.29595348880005895,0.004046511199941039,0.0331657485004596,0.016834251499540404,0.0,0.0,0.0,0.04605217580257685,0.0,0.00394782419742315
0.07911576286206477,0.002739332701712449,0.0,0.0,0.19456564178546354,0.0,0.0,0.08940388550158726,0.0,0.16476445291340516,0.0,0.06941092423576682,0.004114807520206598,0.1475733395045513,0.026411019708923806,0.0579100747233656,0.06399075854295266,0.03639342431216991,0.0,0.013606575687830094,0.0,0.0,0.0,0.03014356807286797,0.01985643192713203
0.19953822627693832,0.0,0.0,0.07119884362349675,0.0,0.0,0.146106617655457,0.0,0.0,0.0034536263509157283,0.0,0.17970268609319226,0.11367762110230839,0.03826712786217534,0.057350272405376344,0.027959107720142016,0.06274587090999788,0.0,0.04133400461785176,0.00866599538214824,0.0,0.0,0.0,0.016447120907477727,0.033552879092522275
0.23074603774813923,0.0,0.0,0.0,0.0,0.07513317650035867,0.0017318940338315603,0.236677251002497,0.027708409116293214,0.028003231598880275,0.0,0.0,0.0,0.012823247954129813,0.0,0.059016316923103634,0.22816043512276654,0.0376749240397137,0.0,0.0123250759602863,0.025379049068227365,0.0,0.0,0.0,0.024620950931772637
0.0,0.038106852202326236,0.0,0.1556008543563902,0.24364015716873086,0.0,0.16149985682549492,0.0,0.001152279447057758,0.0,0.0,0.0,0.01972493630017269,0.17936340235926182,0.0,0.10091166134056548,0.0,0.01396983114434646,0.03603016885565354,0.0,0.04091834086975461,0.0,0.0,0.0,0.00908165913024539
0.1212417287401161,0.11431764412653181,0.0,0.25600911660858694,0.0,0.07929992038433545,0.0,0.0005444767608209222,0.028587113379608772,0.0,0.0,0.0,0.06719279452693458,0.1698373807418371,0.0010539030217715517,0.06191592170945676,0.0,0.0,0.04808212382663965,0.0019178761733603528,0.004531072042879558,0.0,0.045468927957120445,0.0,0.0
0.07292268805653998,0.07552473921024874,0.0,0.003318732413256309,0.0,0.0,0.03477317528571283,0.0,0.09566275441615302,0.24604269785534563,0.07175521276274338,0.0,0.0028497453947532447,0.07961249736651889,0.14930256886219784,0.06823518837653003,0.0,0.048788268996372605,0.0,0.0012117310036273976,0.008180598121295797,0.0,0.0,0.0,0.041819401878704206
0.0,0.0,0.12417325799926604,0.15644246494022873,0.0,0.0018106102478638864,0.0621417535905847,0.0,0.0,0.0,0.17794328173755822,0.07748863148449846,0.02928846104264187,0.03385647743316067,0.00973256971042824,0.025619464575780612,0.2015030272379886,0.045947386479300995,0.0,0.004052613520699008,0.0,0.02670921641205988,0.0,0.023290783587940123,0.0
0.0,0.18647125087176541,0.0,0.17223613518948588,0.010992263692470083,0.0,0.0,0.0,0.0,0.04346783397594306,0.0,0.18683251627033554,0.025782285210933193,0.14998746163925933,0.037602017330997814,0.03469487746161792,0.05193335835719173,0.022952000880561724,0.0,0.02704799911943828,0.010898634470315083,0.03910136552968492,0.0,0.0,0.0
0.0,0.0,0.002825967021478859,0.0,0.10751471168553406,0.0,0.0,0.18910237492018295,0.1973907522150313,0.10316619415777281,0.0,0.0,0.003117847506350968,0.0,0.0,0.0,0.296882152493649,0.0,0.0011187623518185558,0.04888123764818145,0.0421328723010523,0.0,0.0078671276989477,0.0,0.0
0.0,0.20414387658294678,0.0,0.1697063172404496,0.0,0.0,0.015827119371402576,0.0,0.04051803818832199,0.16980464861687908,0.0,0.0,0.15977820154035027,0.02008649373084348,0.059786327735928194,0.06034897699287806,0.0,0.008222646537897782,0.0,0.04177735346210222,0.0,0.0,0.010388695026085151,0.03961130497391485,0.0
0.028704034537227238,0.0,0.0,0.0,0.0,0.00023158301465464604,0.0,0.0,0.2603356304467828,0.03258555219604981,0.2781431998052854,0.0,0.19493152362056293,0.013258688980660016,0.026075619806398005,0.06573416759237903,0.0,0.01764365209991333,0.0,0.03235634790008667,0.0,0.0,0.0461834576187162,0.0,0.0038165423812838023
0.0,0.010819299192340481,0.0,0.0,0.0,0.06928893689508149,0.0,0.25330763444553683,0.0,0.0,0.22546482351654873,0.04111930595049235,0.0,0.0,0.0,0.01164953949692249,0.2883504605030775,0.0,0.00697957556328558,0.04302042443671442,0.03728189781080255,0.0,0.0,0.012718102189197451,0.0
0.0,0.11236711438931044,0.0,0.0,0.002396508634249006,0.030969008321404545,0.2717964841149031,0.0,0.0,0.0,0.18247088454013283,0.0,0.01394466994219451,0.0,0.24393149966161468,0.04212383039619083,0.0,0.00019467478967431784,0.049805325210325685,0.0,0.03497213891057901,0.0,0.015027861089420995,0.0,0.0
0.0,0.0,0.0,0.13648055053218391,0.02055624824317437,0.09739533563202679,0.24816296252102701,0.0,0.09740490307158783,0.0,0.0,0.0,0.025892948073199747,0.004882232583162338,0.1386447771010768,0.0,0.1305800422425611,0.008725214945807469,0.0,0.041274785054192534,0.024915800104141857,0.0,0.0,0.025084199895858146,0.0
0.02602125754687211,0.0,0.0,0.0,0.0,0.025225614559171237,0.24438841643228024,0.13522330998559814,0.15718806839206215,0.0,0.011953333084016138,0.0,0.0,0.007563047893353991,0.2633835498810639,0.029053402225582108,0.0,0.0,0.04961051456251989,0.0003894854374801096,0.0,0.030995311239403158,0.019004688760596845,0.0,0.0
0.0,0.0311367080305119,0.0,0.014711960034885507,0.12122880988282161,0.0,0.0,0.05527129195305519,0.0,0.025092822539987517,0.1753220925929876,0.17723631496575054,0.0,0.03369082635125617,0.020631230799014244,0.09532059302859786,0.15035734982113175,0.018278890115683885,0.0,0.03172110988431612,0.03823168716423516,0.0,0.0,0.0,0.011768312835764842
0.0,0.0,0.05267790527238079,0.0,0.046220278076133346,0.1799780294951568,0.13721243926301238,0.000873296464590223,0.0,0.0,0.0,0.18303805142872648,0.026094131517084923,0.06809894114859108,0.06040313578225298,0.14134102242980426,0.004062769122266718,0.03975471896700564,0.0,0.010245281032994366,0.009411679092596492,0.0,0.04058832090740351,0.0,0.0
0.07837570150434661,0.0,0.021324787380016863,0.2819637024354042,0.0,0.0,0.0,0.06079698506156216,0.0,0.15753882361867022,0.0,0.0,0.1385175589146731,0.046142421452055035,0.10079105646837222,0.01454896316489962,0.0,0.008324259329614454,0.0,0.04167574067038555,0.006215190826335051,0.0,0.0,0.04378480917366495,0.0
0.0,0.0,0.0,0.0,0.21218586988923546,0.2028689099686929,0.0,0.024797069015969453,0.10552676617827192,0.0,0.054621384947830164,0.0,0.0,0.29857642363897346,0.0,0.001423576361026524,0.0,0.029990545007986393,0.0,0.02000945499201361,0.010379806573762626,0.0,0.03962019342623738,0.0,0.0
0.0,0.0,0.0,0.22502364767392974,0.0,0.16320978892249477,0.0,0.0,0.022986023979101544,0.0,0.18878053942447393,0.0,0.20616493124777188,0.0004469362794194409,0.0,0.02784635193864437,0.06554178053416426,0.026562292451530956,0.023437707548469047,0.0,0.00912622871401543,0.0,0.0,0.04087377128598457,0.0
0.06085722598214338,0.0354492906100606,0.0,0.0005106800803260647,0.0,0.025539434713136296,0.14489119678547593,0.0,0.0,0.2942142503877461,0.0,0.038537921441111664,0.0,0.0,0.010204824907116605,0.1900309932244283,0.09976418186845509,0.0,0.04182550328701257,0.00817449671298743,0.03806682676026692,0.0,0.0,0.011933173239733086,0.0
0.0,0.28415258355849426,0.0,0.0,0.0,0.0,0.0053686106309580595,0.0,0.0,0.11267010705465919,0.19780869875588844,0.0,0.025105595819427874,0.0956309894073816,0.0008834664748934573,0.03147228833742012,0.1469076599608769,0.028039375157906304,0.0,0.0219606248420937,0.0,0.0,0.03443700081930824,0.0,0.015562999180691761
0.0,0.0,0.0,0.0,0.09364335742832125,0.27425371451727215,0.18324009714886846,0.010192138149348162,0.0,0.03867069275618992,0.0,0.0,0.2093121112598448,0.01072169769575848,0.0,0.0799661910443967,0.0,0.00959972388126077,0.0,0.04040027611873923,0.0,0.0,0.0,0.04303036097162859,0.006969639028371416
0.0,0.03784755045534506,0.008859249515130951,0.0,0.0,0.04299966150031249,0.0,0.0,0.26349395074172877,0.0,0.11776763762499703,0.1290319501624857,0.1323931324930464,0.026966945195274858,0.03023986334977751,0.11015618927170653,0.00024386969019468685,0.0,0.037753015080311605,0.012246984919688397,0.026534887790376587,0.023465112209623416,0.0,0.0,0.0
0.0,0.028815072945084747,0.017492737357738597,0.044987434194839915,0.0,0.08032965610601904,0.04163618622153088,0.1597926901075571,0.0,0.22694622306722978,0.0,0.0,0.0,0.18269961309297425,0.0,0.09495866226864424,0.02234172463838152,0.0,0.01658296353792428,0.03341703646207572,0.027791088733258827,0.022208911266741176,0.0,0.0,0.0
0.03170218369082144,0.1317055979886071,0.08572159411059455,0.0,0.23917966273474212,0.0,0.0,0.0337260078965225,0.005738726355892565,0.032328751646369176,0.03989747557645048,0.0,0.0,0.025142115607920578,0.27456905436648193,0.0,0.0002888300255974863,0.04531392986717665,0.0,0.00468607013282335,0.0,0.0,0.02707820589393383,0.0,0.022921794106066172
0.20896821670250088,0.03134674052451366,0.0,0.001750392539134893,0.030398898141833594,0.050743765773363134,0.0,0.03808032842881768,0.0,0.15357247783319206,0.0,0.08513918005664411,0.0,0.03154990925082593,0.25304969531481386,0.01540039543436017,0.0,0.0,0.021536092156151314,0.02846390784384869,0.04109181268414057,0.0,0.0,0.008908187315859434,0.0
0.0,0.0,0.08912049745388792,0.13319599768051388,0.0,0.0,0.013772111361368244,0.0,0.0,0.0900315367550516,0.0,0.27387985674917836,0.0,0.04462474086366989,0.24363083054580437,0.0,0.011744428590525713,0.0,0.03203302326471437,0.017966976735285634,0.0,0.03376840336116422,0.0,0.0,0.016231596638835784
0.0,0.0,0.017640209281340025,0.07713903675548772,0.0,0.0,0.2487580049922995,0.0,0.0,0.0,0.23082287701210244,0.025639871958770304,0.0,0.0,0.238051671128281,0.03695957880365943,0.024988750068059562,0.025581164842179618,0.0,0.024418835157820385,0.04244903078410407,0.007550969215895931,0.0,0.0,0.0
0.10762682388610731,0.0,0.22670710880096623,0.10577095874572306,0.0,0.1553845003673481,0.0,0.0,0.0,0.0045106081998552705,0.0,0.0,0.0,0.2889709447212482,0.0,0.0,0.01102905527875181,0.022829618181010914,0.0,0.02717038181898909,0.0,0.0,0.0,0.027577013859828872,0.02242298614017113
0.05381050552072418,0.0,0.26995630862066794,0.0,0.0,0.00994893202827496,0.0,0.0,0.14407510164913656,0.03285995862036417,0.0893491935608321,0.0,0.003534743079228131,0.0,0.11634242753647722,0.046603208562375736,0.13351962082191893,0.007653337643273125,0.0,0.04234666235672688,0.005597519665259461,0.04440248033474054,0.0,0.0,0.0
0.0,0.0,0.10188701082253024,0.03441480292848772,0.0,0.0028891598011194786,0.0,0.028991527620055534,0.0,0.12803995140944688,0.05096102115526398,0.2528165262630961,0.19390648495282364,0.007808746324943661,0.042566474445449407,0.0,0.05571829427678327,0.0013646640147877837,0.0,0.04863533598521222,0.027915488150778968,0.0,0.022084511849221035,0.0,0.0
0.00011051225925007291,0.07076987651647919,0.033958886829789564,0.05741856755783014,0.036691991128490656,0.02566818610204478,0.07496315962166,0.09526805460705712,0.0,0.0,0.0,0.20515076537739854,0.019781399219427065,0.0,0.0,0.2802186007805729,0.0,0.028578352208721763,0.0,0.02142164779127824,0.0,0.0,0.04529848018807662,0.004701519811923384,0.0
0.0,0.16004211216305664,0.036913622431701126,0.0,0.0974016601947682,0.0,0.0,0.0,0.05208891533552057,0.23996326886585564,0.0,0.013590421009097686,0.0,0.014937391534004585,0.2051901839627105,0.027131567819794037,0.052740856683490864,0.04016341955740288,0.0,0.009836580442597123,0.0,0.0,0.0,0.029956955257931465,0.020043044742068538
0.0,0.0,0.06361467543276654,0.29290207236490656,0.0,0.19416165491933274,0.0,0.038144628010929334,0.0,0.011176969272064796,0.0,0.0,0.08314430572016049,0.04563533058372754,0.010186376651868667,0.11212286437810179,0.048911122666141504,0.031356823604855553,0.0,0.01864317639514445,0.0,0.014427878819529984,0.0,0.03557212118047002,0.0
0.1877432428519885,0.23491982581263438,0.0,0.0035389358369906088,0.0,0.0,0.0,0.0,0.0,0.06111679175922433,0.0,0.1126812037391621,0.0,0.25606269357147937,0.0007901259238615732,0.0,0.04314718050465905,0.024424009877606873,0.0,0.02557599012239313,0.0,0.039564295633815916,0.0,0.010435704366184087,0.0
0.0,0.09131527231464981,0.21350004203608128,0.19953525162513056,0.0023281370861223394,0.0,0.05999076063165399,0.0,0.0,0.0,0.0,0.03333053630636204,0.031434053457232665,0.007243557801261513,0.07929057073343898,0.1820318180080668,0.0,0.0,0.007688115058123515,0.04231188494187649,0.0,0.0,0.0,0.01154606874212781,0.03845393125787219
0.0,0.12229076316535079,0.0,0.0,0.11115517018093801,0.0,0.0,0.19708686091753636,0.0,0.0,0.16939063930595305,7.656643022169174e-05,0.0,0.06879958062593808,0.017307846088500833,0.05072295558287568,0.16316961770268543,0.0,0.013592439113285719,0.036407560886714284,0.005574867883429431,0.0,0.0,0.04442513211657057,0.0
0.17436284889768858,0.12657483674355613,0.08133244733470223,0.0,0.12546826917189557,0.0,0.0002131513526649753,0.0,0.0,0.0,0.039486661878840264,0.052561784620652266,0.028205014715733705,0.08021770478285528,2.4603797486089096e-05,0.16145686565305364,0.030095811050871266,0.0,0.01798230280509279,0.03201769719490721,0.014682459705169883,0.0,0.03531754029483012,0.0,0.0
0.2120772754641578,0.0,0.05029037676158993,0.0,0.0,0.22461797466243236,0.05268425689902422,0.0,0.0,0.010286763807925037,0.0,0.05004335240487069,0.01657834655135515,0.1520961139049377,0.030800351305166396,0.0,0.1005251882385407,0.021792598711733675,0.028207401288266327,0.0,0.0,0.04654254436535533,0.0,0.0,0.0034574556346446753
0.0,0.26342338056783915,0.0,0.0,0.0,0.04312873274878286,0.0019349020116111726,0.0,0.0,0.0,0.2915129846717669,0.0,0.12769063226316665,0.06276187144210657,0.05815173399054399,0.014906943615456858,0.036488818688725916,0.000617088368754945,0.04938291163124506,0.0,0.017421279477641646,0.0,0.032578720522358356,0.0,0.0
0.0,0.1938956279124102,0.0,0.03820753986506159,0.11793019420377718,0.0,0.0,0.015684599414815037,0.0,0.1902734009867701,0.04400863761716585,0.0,0.007875593794468172,0.23156257552112527,0.0,0.0,0.06056183068440657,0.009557155762067969,0.040442844237932034,0.0,0.002290675575793155,0.0,0.0,0.04770932442420685,0.0
0.029051326590522335,0.0,0.20092912534004173,0.04999752281806563,0.0,0.031532007927310354,0.0,0.03389074435040987,0.0,0.0,0.017380510427900564,0.23721876254574953,0.045972327572043614,0.07322253705759707,0.0911526193339787,0.0882079730303858,0.0014445430059947806,0.0,0.0072574367433366205,0.04274256325666338,0.0,0.0,0.036180127759052466,0.0,0.013819872240947537
0.0,0.0,0.0,0.04818168841761368,0.1704217399959607,0.04456553942982308,0.05801541859319836,0.0,4.9840909183362925e-05,0.0,0.27876577265422087,0.0,0.027274036302837357,0.0,0.001742697905300017,0.11239917264646868,0.15858409314539393,0.0,0.025963274681674704,0.0240367253183253,0.0,0.0314986389525796,0.018501361047420402,0.0,0.0
0.23918435158559923,0.0,0.00048536791525155554,0.0262363650994112,0.08869533774656713,0.0,0.0,0.0,0.0,0.0,0.24539857765317083,0.0,0.0,0.05032462973972392,0.0009070368571794107,0.24876833340309665,0.0,0.020305951051944313,0.02969404894805569,0.0,0.0,0.0,0.027463346740734876,0.022536653259265127,0.0
0.0,0.1546490779211271,0.15388042572952487,0.0,0.0,0.11263581362130193,0.002775245226001144,0.0,0.0,0.1488848130615941,0.0,0.027174624440450847,0.0,0.011554683396030996,0.0,0.0,0.288445316603969,0.0,0.04467086029674124,0.00532913970325876,0.00397510732350722,0.0,0.0,0.04602489267649278,0.0
0.1706102434340558,0.0,0.0502361485011763,0.2504294884303148,0.1254336576237906,0.0,0.0,0.0,0.0032904620106624094,0.0,0.0,0.0,0.029921853100929145,0.0,0.0003224061343424234,0.05664307375482139,0.21311266700990703,0.0444306240742055,0.005569375925794505,0.0,0.0,0.013557222808814398,0.0,0.0,0.036442777191185605
0.0,0.0,0.0,0.11706711314789747,0.019016421711150477,0.17463999015091383,0.0,0.0,0.08898064683487525,0.16921950101145858,0.0,0.031076327143704403,0.02070906862803923,0.0,0.0,0.08178699561631604,0.1975039357556447,0.026222214673837518,0.023777785326162485,0.0,0.029130123824197336,0.0,0.0,0.020869876175802667,0.0
0.0,0.15262411192306377,0.0,0.0796356722862856,0.0,0.06931830008758355,0.06619639047889547,0.10310651980911839,0.04023510476794862,0.0024435122949341137,0.036423795291252746,0.050016593060917644,0.15344646556462876,0.0,0.004596545175424516,0.0433012523895268,0.09865573687041992,0.0027858599575786083,0.0,0.047214140042421394,0.0,0.02693646531955444,0.0,0.02306353468044556,0.0
0.03350321922774782,0.0,0.07420382816133562,0.17793785972318546,0.0,0.0,0.2984149065527846,0.015940186334946538,0.0,0.0,0.0,0.0,0.026002547456045695,0.20630439697779002,0.03683498998648502,0.026783199024367786,0.004074866555311474,0.005225818885764975,0.0,0.04477418111423503,0.0,0.0,0.044560608247282675,0.005439391752717328,0.0
0.2563941446970771,0.0,0.1274581205966588,0.03947167175976369,0.07616317004600304,0.0,0.0,0.0,0.0,0.0,0.024718475240270044,0.07579441766022721,0.0324627498856759,0.0028556321269381235,0.1682868081160293,0.027065821282247722,0.06932898858910896,0.02085011258032958,0.0,0.029149887419670423,0.0,0.0,0.04571038101718001,0.0,0.004289618982819994
0.13812896062751395,0.0,0.0,0.0,0.0,0.0,0.0,0.0,0.0,0.021964598726695983,0.18757844771143142,0.2523279929343587,0.059898833331431596,0.0068664978979846025,0.19354678534546146,0.0396878834251223,0.0,0.010347585136276469,0.0,0.039652414863723534,0.0,0.0,0.022239507276349265,0.0,0.027760492723650738
0.047573047264729315,0.0,0.0,0.039786127146795275,0.0,0.11471743396438039,0.21154063849651,0.12133379189634488,0.0,0.0,0.06476327261020762,0.00028568862103239834,0.13198684076587003,0.1528319256262395,0.0,0.01518123360789042,0.0,0.0017708516759219611,0.0,0.04822914832407804,0.015351990085482749,0.0,0.0,0.0,0.034648009914517254
0.04002153829254591,0.09778963657982953,0.07385345870346446,0.0,0.0,0.2768452782590563,0.010490172469444836,0.06715381525436906,0.0,0.0,0.033846100441289814,0.0,0.0,0.04110112318093407,0.0,0.002715325955980452,0.2561835508630855,0.0,0.03600020196750926,0.01399979803249074,0.0,0.0,0.03514816116533586,0.014851838834664143,0.0
0.0,0.21704957342151743,0.030694181880895937,0.028541187427424633,0.0,0.2596339847375193,0.0,0.0,0.06245658104632978,0.00162449148631294,0.0,0.0,0.06362592615232832,0.03248777054381814,0.15068453984210664,0.04830658679012819,0.004895176671618706,0.030868789390859873,0.0,0.01913121060914013,0.0,0.0,0.0,0.01016362549001898,0.039836374509981023
0.0,0.04047121806490338,0.22398896557529077,0.0,0.0,0.0,0.007175642198546828,0.2295459200056239,0.09881825415563505,0.0,0.0,0.0,0.27270315169714726,0.0,0.025144778502522357,0.0,0.0021520698003303917,0.0,0.026250725562531513,0.02374927443746849,0.021152711092597316,0.0,0.028847288907402686,0.0,0.0
0.20015252347948406,0.0,0.035253831358859525,0.0,0.0,0.10598486708888638,0.0,0.0036330623568167075,0.0,0.0,0.2549757157159534,0.0,0.19993465373624644,0.027163793380197115,0.0,0.00242272075335076,0.07047883213020562,0.00895990920839939,0.04104009079160061,0.0,0.0,0.0,0.013375525373309147,0.0,0.036624474626690856
0.0,0.027183851083267395,0.0,0.0,0.0,0.0,0.28357794620308846,0.17484603878479807,0.10751388226434458,0.0,0.0,0.006878281664501551,0.00036841394605235944,0.11183477351352339,0.09682318952958086,0.025476803363799358,0.06549681964704404,0.0,0.034397170646521764,0.015602829353478238,0.04799260919520252,0.0,0.0,0.0020073908047974834,0.0
0.12855636730947134,0.16642382998916672,0.006027671300659843,0.03920207423405179,0.026854461812487487,0.11173010638777736,0.0,0.028427932380439672,0.0,0.02727533946755939,0.02552798922016969,0.039974227898216884,0.09348863306919966,0.14014305078160214,0.029027341568734898,0.004698656774570209,0.03264231780589308,0.0,0.034461332091244426,0.015538667908755577,0.014187841530182474,0.03581215846981753,0.0,0.0,0.0
0.027461300265068843,0.026407757643515294,0.0,0.0,0.0,0.09361098524506403,0.23653454013375028,0.14809001737044783,0.05669452372798064,0.0,0.0,0.011200875614172934,0.28408547734002615,0.0,0.0,0.01591452265997384,0.0,0.0,0.024456736185295567,0.025543263814704436,0.0,0.0053651706584799674,0.044634829341520035,0.0,0.0
0.04856400899119566,0.0,0.0,0.28698102598435055,0.19254732404292027,0.0,0.0,0.0,0.039253133363187385,0.0006376850967581005,0.0,0.032016822521588016,0.0,0.13732252877609213,0.01578211684329478,0.14689535438061307,0.0,0.021743120657156178,0.0,0.028256879342843825,0.030660199835996563,0.0,0.0,0.01933980016400344,0.0
0.0,0.0,0.0,0.0,0.08481741262626391,0.0,0.0,0.24114225042486437,0.05248491074326961,0.018375347500131478,0.0,0.20318007870547058,0.000727955280970416,0.047304110928093834,0.0772163195962754,0.0,0.17475161419466032,0.015827366749240512,0.03417263325075949,0.0,0.0,0.0,0.0,0.013814743103391133,0.03618525689660887
0.017440021236597825,0.0,0.0,0.0,0.0,0.0,0.0,0.0,0.0,0.29304178422305155,0.28951819454035055,0.0,0.0,0.013058090942170197,0.2869419090578298,0.0,0.0,0.0,0.017595992782388457,0.032404007217611545,0.0,0.0,0.0,0.03009127531766991,0.019908724682330094
0.017620828006797096,0.0,0.0,0.1647639114940931,0.0,0.1186936793318718,0.0,0.0,0.0,0.0,0.08583360532899804,0.21308797583823996,0.09776965462178797,0.01890010123837832,0.08789620180404256,0.04298846670389701,0.052445575631894115,0.012538801280341454,0.03746119871965855,0.0,0.0,0.0,0.02829310961473325,0.021706890385266752,0.0
0.0,0.02615177766641268,0.0,0.0,0.0,0.26917221847095874,0.010859214193404187,0.033340045809851164,0.0,0.14225303763965041,0.0,0.11822370621972289,0.05075802203050777,0.026328480737433716,0.2200169358435708,0.0,0.002896561388487706,0.0,0.021849958508837204,0.0281500414911628,0.010378347987192643,0.03962165201280736,0.0,0.0,0.0
0.0,0.0,0.0,0.0,0.011857853804236429,0.0,0.2543845192066701,0.11647604568384506,0.0,0.0,0.03138027383195788,0.1859013074732906,0.034141931066555456,0.020325524305841502,0.0806954775910914,0.04563530842241971,0.11920175861409191,0.0,0.02102059920794331,0.028979400792056693,0.005359107851956632,0.0,0.0,0.0,0.04464089214804337
0.0,0.0,0.03688141357706164,0.028049003212891412,0.025008590697522336,0.0,0.0,0.2169766827157178,0.0,0.28644595285972485,0.0,0.006638356937081924,0.0,0.16626675926448473,0.09702844186378554,0.0008149016367571815,0.035889897234972566,0.013313383165349545,0.0,0.03668661683465046,0.03243785167289224,0.0,0.0,0.017562148327107764,0.0
0.0,0.025544034096103323,0.0,0.0,0.17145122674836422,0.0,0.0,0.16278169898779415,0.01856288680945739,0.0,0.22166015335828093,0.0,0.002348246107099994,0.08140931635567882,0.18868896774279442,0.0,0.02755346979442674,0.030718459591907884,0.0,0.01928154040809212,0.014131293321740998,0.0,0.035868706678259005,0.0,0.0
0.0,0.2670904889912055,0.0,0.02671826790580353,0.0,0.1984056267240115,0.0,0.013165950068172783,0.0,0.06140164102654083,0.033218025284265776,0.0,0.04326005299353198,0.03805202646179316,0.04580531098399131,0.07713048917627607,0.09575212038440745,0.01739795466441292,0.0,0.03260204533558708,0.011887174878336168,0.0,0.0,0.038112825121663835,0.0
0.06485915536871091,0.040558219595151865,0.014559521518843987,0.1378334710883322,0.13374896086696308,0.08282356138759009,0.0,0.032103659132436325,0.027263545569554147,0.0662499054724174,0.0,0.0,0.0,0.021394882526174885,0.18100649134479935,0.09759862612902578,0.0,0.016309148851402097,0.0,0.033690851148597906,0.02319629412167302,0.0,0.02680370587832698,0.0,0.0
0.09940037036307162,0.03151156350356921,0.0,0.0,0.1925133279893776,0.24190847535468224,0.0,0.0,0.0,0.0007969163682424174,0.033869346421056865,0.0,0.036635116617099936,0.031163673846260637,0.16416519235279903,0.02547696910255221,0.04255904808128819,0.0,0.025142532131418302,0.0248574678685817,0.0,0.009582551101381509,0.0,0.0,0.040417448898618494
0.054060532269590705,0.17332961855538362,0.0,0.09574545899566156,2.6151373952787438e-05,0.025333186329400677,0.0,0.0,0.0,0.0,0.0,0.2515050524760106,0.1017064683992304,0.0,0.0022810196531731775,0.17088835716127504,0.0251241547863214,0.024505155346432984,0.02549484465356702,0.0,0.0,0.04682055565697991,0.0,0.0,0.003179444343020095
0.07025967177868499,0.0,0.08201963011556393,0.21874534406887614,0.0,0.0,0.0019978142317749192,0.0,0.0,0.2269775398051,0.0,0.0,0.004519441081840325,0.07221544933407878,0.07900532224315512,0.02505881936733228,0.1192009679735935,0.004364874176812902,0.0456351258231871,0.0,0.04157337118455394,0.0,0.0,0.0,0.008426628815446063
0.014611727205725233,0.29744151954529235,0.03536822443005419,0.03876480331371315,0.0,0.0,0.21381372550521502,0.0,0.0,0.0,0.0,0.0,0.02685975375589691,0.0012599823231981833,0.0554944346816829,0.026910434256559288,0.1894753949826627,0.024242467629211097,0.0,0.025757532370788906,0.0,0.03620367087310266,0.0,0.013796329126897343,0.0
0.0,0.0,0.01102018063485899,0.04759606860005436,0.0,0.0,0.2868302371177786,0.0,0.14456064105060162,0.0,0.10999287259670637,0.0,0.0,0.0,0.27916448630933777,0.020835513690662222,0.0,0.0,0.0012900063759145597,0.04870999362408544,0.0,0.0,0.045705137769940576,0.0,0.004294862230059426
0.0,0.016403572246401987,0.0,0.12403499461133613,0.06738150123798846,0.04585311963993233,0.0,0.16436087864532248,0.03196987213955981,0.0,0.0,0.14999606147945876,0.0,0.060973241113944934,0.0029808146712478334,0.2054086342509787,0.030637309963828505,0.04980721572565706,0.0001927842743429456,0.0,0.0,0.0,0.0,0.011348450308563088,0.038651549691436915
0.027601095085135037,0.1962963955624174,0.0,0.08451353513159143,0.0,0.0,0.25836182439951966,0.03161646807364542,0.0,0.0016106817476910784,0.0,0.0,0.0,0.11480100434813806,0.04160200941401007,0.02241239844133508,0.12118458779651675,0.01832441995762652,0.0,0.03167558004237348,0.0,0.036790822854965544,0.01320917714503446,0.0,0.0
0.025248636783958764,0.0,0.02748330024417482,0.288466896680417,0.030047793176576867,0.06823157703038145,0.0,0.07513060660412586,0.0,0.012132118228581401,0.07325907125178394,0.0,0.0,0.0,0.02584856539215359,0.27315327982411824,0.0009981547837281668,0.04840441520265963,0.0,0.0015955847973403714,0.03594791170127793,0.014052088298722072,0.0,0.0,0.0
0.0855453175853334,0.0,0.15137657659970036,0.018005599625526614,0.0,0.2686626163164864,0.0,0.03450427558682093,0.0,0.0,0.04190561428613221,0.0,0.028616434114096298,0.2519495478369593,0.0194340180489444,0.0,0.0,0.0,0.008749719719372176,0.04125028028062783,0.02827699572577779,0.0,0.0,0.0,0.02172300427422221
0.0,0.0079343016014507,0.0,0.16270778923785062,0.10488778715978506,0.0,0.0,0.0,0.0974876796335433,0.17753542923463653,0.049447013132733725,0.0,0.0030639371870628263,0.21091382165589098,0.05694507800801476,0.029077163149031426,0.0,0.04720997042636818,0.0,0.002790029573631822,0.0,0.010590809677466624,0.0,0.03940919032253338,0.0
0.0,0.011781355420515727,0.0,0.0,0.0,0.14371205240233695,0.18435022772541862,0.09859435995658578,0.05782683134205966,0.0,0.10373517315308323,0.0,0.08499543705205073,0.14169902601066248,0.07213144716961833,0.0,0.0011740897676684736,0.0,0.04846327271000041,0.0015367272899995954,0.0,0.032459854878640046,0.0,0.0,0.017540145121359957
0.0,0.007905172318727338,0.127888213865618,0.0,0.0,0.0,0.0,0.0,0.14875983017178251,0.2528666281306213,0.06258015551325088,0.0,0.01910149963174773,0.08789258785096479,0.0644775219187884,0.030316800997525116,0.09821158960097393,0.019203430214421904,0.0307965697855781,0.0,0.0,0.0486814585710582,0.0,0.0,0.0013185414289418051
0.1260965216959478,0.0,0.2882570818569365,0.0,0.0,0.0,0.12324219810256004,0.062246187213787475,0.0,0.0001580111307680765,0.0,0.0,0.019058094973124662,0.0,0.1435504528403618,0.0668328397085014,0.07055861247801215,0.0,0.015265839760882069,0.034734160239117934,0.0480797468812031,0.0019202531187968996,0.0,0.0,0.0
0.061423077917842024,0.022992149816607133,0.12723142016037214,0.0,0.0,0.05122364735675919,0.2951799806044661,0.0,0.0,0.0,0.041949724143953426,0.0,0.0,0.0,0.2976175326327296,0.00238246736727038,0.0,0.0,0.028356241949297978,0.021643758050702025,0.010281708354016747,0.0,0.0,0.039718291645983256,0.0
0.0,0.005688927244122399,0.2768541459601575,0.0,0.25549831889020513,0.0,0.0,0.0,0.0,0.0,0.027268201303938436,0.034690406601576435,0.03241430686714522,0.00043799404341021697,0.1971022922761639,0.03095512758089298,0.03909027923238764,0.0,0.009935896056762844,0.04006410394323716,0.0,0.03020836704447319,0.019791632955526814,0.0,0.0
0.11335006758251387,0.0,0.1147734625275437,0.08266088140640296,0.10192890590472273,0.0,0.0,0.0,0.0,0.0,0.16316937050045147,0.024117312078365316,0.0,0.19312748979326314,0.02970456540021605,0.06804859804647709,0.009119346760043723,0.021380740304933418,0.028619259695066585,0.0,0.0,0.0,0.0,0.029783249161825766,0.020216750838174237
0.02127386617503757,0.0,0.0,0.0,0.15537587167756972,0.03810446098448674,0.05821145754636785,0.15699993838852203,0.0,0.0,0.0,0.17003440522801613,0.0404035781449192,0.03691181626475777,0.08086423497260145,0.07102953860788608,0.07079083200983552,0.0,0.0076594400066620355,0.04234055999333797,0.0,0.0,0.0,0.005341347990667586,0.04465865200933242
0.0,0.025848177410932753,0.0,0.0,0.030563846476481804,0.0,0.1916731250200867,0.12917053429063546,0.0,0.0015811922870816453,0.22116312451478165,0.0,0.15065948546283228,0.0372611596184097,0.01060016315440998,0.0,0.10147919176434803,0.0,0.037275760568529125,0.012724239431470878,0.04480531176491031,0.0,0.005194688235089694,0.0,0.0
0.0,0.013322566888567144,0.0,0.08707318844873244,0.0,0.0571684311902033,0.0,0.0,0.11152193516828485,0.05644492284999086,0.2063250812166784,0.06814387423754298,0.083231179917887,0.0,0.20262160911398366,0.0,0.01414721096812932,0.005994889932769268,0.044005110067230735,0.0,0.0,0.04463328118863752,0.0,0.0,0.005366718811362484
0.0,0.0,0.0,0.0,0.052238270440472065,0.023841466060986027,0.17424538499948794,0.23027085224789368,0.11940402625116034,0.0,0.0,0.0,0.0,0.29995168254956495,0.0,4.831745043504254e-05,0.0,0.0,0.0030337464779886386,0.046966253522011364,0.0,0.011541681571312523,0.03845831842868748,0.0,0.0
0.23765361508891644,0.0,0.01588136100305848,0.2698786687634823,0.07658635514454278,0.0,0.0,0.0,0.0,0.0,0.0,0.0,0.0,0.025781538137761913,0.0395669849872178,0.21163903582773524,0.02301244104728506,0.018037313211352796,0.0,0.03196268678864721,0.0,0.0,0.015561292141511876,0.0,0.03443870785848813
0.0,0.0,0.0,0.0,0.0,0.10790419152375164,0.07420264337700211,0.016397964269556087,0.16491998087578807,0.0,0.23657521995390204,0.0,0.1451292377316409,0.12147496156969403,0.0,0.025811162477213934,0.007584638221451112,0.0,0.03524671820992558,0.014753281790074423,0.0,0.024091521809505967,0.0,0.025908478190494036,0.0
0.2254715704654319,0.0,0.0,0.013890833189781016,0.2334368518763321,0.0,0.07771736819407621,0.0,0.0,0.0,0.04948337627437871,0.0,0.0,0.05633217014098497,0.01309630764636771,0.04535701486735314,0.18521450734529418,0.04778029062988515,0.0022197093701148557,0.0,0.036510218139901116,0.0,0.0,0.0,0.013489781860098887
0.01507664194370506,0.0,0.057811425731602965,0.03784520428323214,0.0,0.25860885539395845,0.0,0.11491389684805059,0.0,0.0,0.0,0.11574397579945081,0.0,0.0,0.20796298512724226,0.08304327026111133,0.008993744611646426,0.0,0.020853990330040234,0.02914600966995977,0.036913054129616686,0.0,0.013086945870383317,0.0,0.0
0.11589666117064232,0.03505223695260371,0.1230299145514287,0.0,0.0,0.06189777697131299,0.0,0.13025655563444868,0.07332807110507712,0.0,0.002615933780126256,0.057922849834360114,0.03875120119433379,0.19142920345016465,0.023261365557387836,0.046558229798113734,0.0,0.009972399688557607,0.040027600311442396,0.0,0.0,0.021067963647037755,0.0,0.028932036352962247,0.0
0.03905572142313973,0.11157954367458048,0.1886096640293119,0.0,0.0,0.034522719440376395,0.0,0.0,0.0,0.0,0.22289386480437184,0.0033384866282196723,0.0018482643977825175,0.0,0.0,0.0,0.29815173560221747,0.027753289594353248,0.022246710405646755,0.0,0.0075053513178091336,0.04249464868219087,0.0,0.0,0.0
0.0,0.0,0.10561187225297727,0.0,0.14345932217996377,0.0320231944643124,0.05943880679232834,0.020466583617432144,0.23900022069298607,0.0,0.0,0.0,0.0,0.005771430977410563,0.0,0.0661432385422907,0.2280853304802987,0.0036860672833428157,0.0,0.04631393271665719,0.0122888709707632,0.0,0.0,0.0,0.0377111290292368
0.026409983147806362,0.22338600908987985,0.0,0.044206564206359975,0.0018462379947792318,0.09010544836065398,0.0,0.061698776803018614,0.0,0.02930694761885467,0.12304003277864728,0.0,0.07975318284321005,0.19729166757458524,0.0,0.02295514958220468,0.0,0.04643318454508391,0.0,0.003566815454916092,0.004484355481563722,0.04551564451843628,0.0,0.0,0.0
0.0,0.0,0.0009954914344044719,0.0,0.20843611168793424,0.15457076830220168,0.0,0.0,0.0,0.23599762857545967,0.0,0.0,0.0,0.10612723569957666,0.17042286356713832,0.0,0.023449900733285012,0.010829567734636274,0.0,0.03917043226536373,0.005434565716551279,0.044565434283448724,0.0,0.0,0.0
0.0,0.0,0.2504582765540665,0.0,0.034996688884187985,0.1944444560333302,0.004004347063697233,0.025880023716232534,0.0,0.09021620774848563,0.0,0.0,0.026313555491342285,0.012694548388524629,0.02869257096801486,0.18370305519688826,0.04859626995522994,0.029545582499880024,0.02045441750011998,0.0,0.00370829650598109,0.0,0.04629170349401891,0.0,0.0
0.04630498815099525,0.0,0.11064860536595925,0.0,0.0,0.123759159124157,0.0,0.03768908594648147,0.0,0.23962172230643491,0.005652747704588568,0.036323691401383564,0.20170449311452826,0.03363486920759944,0.06007329850160803,0.0,0.004587339176264249,0.009332545028662709,0.040667454971337294,0.0,0.0,0.004574439825104512,0.0,0.0,0.04542556017489549
0.0,0.16803656868001873,0.0,0.2824725836956435,0.0,0.0,0.025298905535512894,0.0,0.0,0.003820411669867574,0.12037153041895723,0.0,0.0,0.04247832270551596,0.1277264194593053,0.12824365419408024,0.0015516036410984646,0.01248315884675795,0.03751684115324205,0.0,0.038761077431874666,0.0,0.011238922568125337,0.0,0.0
0.0,0.0,0.14668262296240642,0.12457720480452136,0.0,0.0,0.2494591767266393,0.0,0.0,0.0,0.0031846968283190114,0.0760962986781139,0.22681757243708064,0.02973946043045908,0.0,0.004475074747300856,0.03896789238515943,0.023995919208223998,0.026004080791776005,0.0,0.0,0.0,0.0,0.024650355429985622,0.02534964457001438
0.10363647624112943,0.0,0.024847406938717898,0.2921857626712536,0.0,0.0,0.0,0.0,0.07964263916120554,0.0,0.03792363359439694,0.06176408139329649,0.0,0.1572345593723522,0.018156910260726355,0.035293839120574495,0.08931469124634694,0.0,0.03651764799845608,0.01348235200154392,0.0,0.039036227785623295,0.0,0.010963772214376707,0.0
0.02934729817671866,0.2673853522565711,0.009681144080074588,0.1440806532994813,0.0,0.0,0.02804385969666367,0.0,0.0,0.061142178086666436,0.0,0.0603195144038242,0.0,0.29977473351225176,0.00022526648774823244,0.0,0.0,0.01115143449871258,0.03884856550128742,0.0,0.0,0.044889231339083305,0.0,0.005110768660916698,0.0
0.0,0.0,0.0,0.0,0.04926917393913231,0.2956573817753582,0.0,0.23708767452044405,0.0,0.0,0.017985769765065385,0.0,0.09811351945178323,0.010778484100466612,0.0,0.0,0.19110799644775012,0.030366747394276486,0.019633252605723517,0.0,0.0,0.010727863530596647,0.0,0.0,0.039272136469403356
0.0,0.0,0.0,0.02822648535584268,0.07785797436151999,0.0,0.05359066837600114,0.0,0.006209502988849369,0.2501981605109722,0.0,0.18391720840681455,0.011684092721816697,0.0573084439787126,0.028976626450559477,0.0,0.20203083684891124,0.00881128147829513,0.04118871852170487,0.0,0.0,0.0270133206470311,0.0,0.0,0.022986679352968904
0.05350104118585102,0.0,0.18694469745481002,0.024883881364216043,0.0,0.0,0.0,0.035088040017423494,0.0,0.0,0.0,0.29958233997769945,0.18873487584778756,0.01615362590836944,0.0,0.0,0.09511149824384299,0.0,0.028377135349191132,0.02162286465080887,0.0,0.02601127314206765,0.0,0.023988726857932352,0.0
0.0,0.0,0.14793671375050724,0.0383171407032467,0.28012878725959267,0.0,0.0,0.016296066399431375,0.0,0.0,0.026094532402565516,0.09122675948465647,0.0,0.0,0.2883924881805039,0.0,0.011607511819496097,0.0,0.017840812504881738,0.032159187495118265,0.013512389292985268,0.0,0.0,0.036487610707014735,0.0
0.11653993541406205,0.0,0.0,0.025265540489783862,0.0,0.0,0.001774247502761006,0.18410308548868087,0.0,0.0,0.0,0.2723171911047121,0.28542785534069937,0.0,0.014572144659300623,0.0,0.0,0.0,0.009199420082519033,0.04080057991748097,0.0,0.04850681852218701,0.0,0.0014931814778129937,0.0
0.0,0.0,0.0,0.004286823085947522,0.10924727323883665,0.09646202061451142,0.044604569065367486,0.0,0.14380500484743358,0.20159430914790336,0.0,0.0,0.029942998017719942,0.0063791954185765665,0.0305010358413738,0.14888979753774312,0.08428697318458654,0.03702447470788056,0.0,0.012975525292119441,0.0,0.0,0.03860058285805741,0.011399417141942592,0.0
0.08437364057207794,0.031084676462771764,0.0,0.0,0.0,0.2811393790618402,0.013738010007234847,0.0,0.12733772296931092,0.0,0.062326570926764246,0.0,0.27506798681492023,0.0,0.02493201318507976,0.0,0.0,0.0,0.038132461017787334,0.01186753898221267,0.0,0.0,0.0,0.021438510060566903,0.0285614899394331
0.0,0.09677058508148778,0.16027169648023112,0.14317858278701504,0.0,0.15701913578532165,0.015654402577104043,0.0,0.027105597288840374,0.0,0.0,0.0,0.22588811681343487,0.0,0.01833409354798432,0.02872668893555648,0.0270511007030243,0.04618502042882068,0.003814979571179322,0.0,0.009981735583525983,0.0,0.04001826441647402,0.0,0.0
0.05119555823941935,0.0,0.0,0.0,0.0,0.0,0.0,0.0,0.27415466256299864,0.0,0.02112439792074472,0.25352538127683727,0.2284646573172363,0.008978699650686706,0.025373394043291836,0.037183248988785174,0.0,0.04166620121728393,0.008333798782716076,0.0,0.00928882666305142,0.0,0.0,0.04071117333694858,0.0
0.2761671262341557,0.25234804901886637,0.0,0.01480596719139149,0.0,0.0,0.0,0.0,0.0,0.0,0.05667885755558644,0.0,0.028585036629071577,0.1712328619369381,0.0,0.006078244887622153,0.09410385654636816,0.008955736512086393,0.0,0.04104426348791361,0.041389441582354275,0.008610558417645728,0.0,0.0,0.0
0.09898710282813039,0.0,0.2715369207784865,0.19837496859278547,0.0,0.0,0.0,0.0015446349053167552,0.029556372895280934,0.0,0.0,0.0,0.1738281265318878,0.004958961919563909,0.09318138635907774,0.0,0.028031525189470545,0.0,0.02763264702120166,0.02236735297879834,0.012095274053681743,0.0,0.0,0.03790472594631826,0.0
0.0,0.0,0.25166567471316215,0.0,0.0,0.1794609098144323,0.03566140315421064,0.0,0.0,0.0,0.12551079009263105,0.007701222225563797,0.015802892929188794,0.0,0.04810186466025285,0.23609524241055835,0.0,0.0,0.03701927511078215,0.012980724889217851,0.008576855831469402,0.0,0.0,0.0,0.0414231441685306
0.0,0.0,0.24874166277846213,0.0,0.0,0.0,0.0016150994807416774,0.1980838414476179,0.0,0.0,0.12468710032234664,0.026872295970831635,0.28502276729587683,0.014977232704123156,0.0,0.0,0.0,0.0,0.030765367571755412,0.01923463242824459,0.0,0.02688026203349613,0.02311973796650387,0.0,0.0
0.0,0.0,0.13232730859968914,0.004004558456914609,0.0,0.14873991203838735,0.0,0.0,0.05280728097760565,0.2621209399274032,0.0,0.0,0.0,0.01993873354768444,0.0,0.0,0.28006126645231555,0.04090573599960329,0.009094264000396715,0.0,0.0,0.01739536777257375,0.03260463222742625,0.0,0.0
0.0,0.16601960279775813,0.0,0.0,0.08906214823858163,0.10345851254845859,0.0,0.017873771655655957,0.09294717766184599,0.0,0.1306387870976997,0.0,0.0530465581332019,0.1694922535160697,0.028351042042968143,0.006823106111507549,0.042287040196252686,0.004439625092308441,0.04556037490769156,0.0,0.0,0.0,0.040874516796663485,0.0,0.009125483203336518
0.0,0.10513166878713623,0.2504976958099889,0.1293510537414535,0.11190356085022213,0.0,0.0,0.003116020811199216,0.0,0.0,0.0,0.0,0.026852072050785727,0.1158123431686896,0.03969209160939305,0.11312768403615361,0.0045158091349780105,0.014100802951590503,0.0,0.0358991970484095,0.0,0.0,0.023841201698024974,0.02615879830197503,0.0
0.14802632693876344,0.0,0.0,0.2029709277449058,0.012934639886504451,0.0,0.0,0.0,0.0,0.04993242629201725,0.0,0.18613567913780907,0.0,0.0,0.276280306865183,0.023719693134816977,0.0,0.020330824172440132,0.02966917582755987,0.0,0.032051263477089115,0.0,0.017948736522910888,0.0,0.0
0.08383054528650363,0.0,0.028097863268815523,0.0,0.2831506207469163,0.0,0.0,0.16659351198889205,0.00032727937335819135,0.0,0.0,0.03800017933551426,0.026401014315981627,0.16262192126763314,0.006823951584075061,0.07085929439159527,0.033293818440714884,0.019672813078019297,0.030327186921980706,0.0,0.0,0.0,0.013446223057238776,0.0,0.036553776942761226
0.0,0.17461372246907483,0.023171261595064108,0.14071639265372313,0.0,0.0,0.0,0.19231733561404324,0.0,0.0,0.06918128766809473,0.0,0.0,0.1077441780523535,0.0,0.18111992789194437,0.011135894055702089,0.049183393789758056,0.0008166062102419464,0.0,0.0,0.023641206891253652,0.0,0.02635879310874635,0.0
0.05231870562117828,0.0,0.05396723688872536,0.0,0.2874764155980845,0.0,0.0533890559119725,0.0,0.031090055758379698,0.06612329038487245,0.047145020099372326,0.008490219737414928,0.044124836372311974,0.007785808577812248,0.030987852051065842,0.1901587647078473,0.026942738290962675,0.03589968615605577,0.0,0.01410031384394423,0.0,0.0,0.0,0.02182553733117511,0.028174462668824892
0.0,0.2659431558665605,0.0,0.02172291823954864,0.0,0.1444497461463491,0.0,0.0,0.0,0.0,0.16788417974754175,0.0,0.0,0.0,0.007806677575350807,0.03176920430360125,0.26042411812104793,0.0,0.006997776087549562,0.04300222391245044,0.0,0.0,0.04263673436145264,0.007363265638547362,0.0
0.0,0.0,0.0,0.0449514130802094,0.24305440096027978,0.0,0.0,0.0,0.09349962443612916,0.0044487931829181315,0.0,0.2140457683404635,0.0,0.0,0.0,0.29526746672415016,0.004732533275849826,0.0,0.006866848180227703,0.0431331518197723,0.0031833172195791584,0.0,0.0,0.046816682780420844,0.0
0.01763115201525145,0.2561965615000094,0.0,0.0,0.0,0.06525859557065707,0.05680917523978827,0.0,0.0,0.2041045156742938,0.0,0.0,0.06977683318248595,0.09996520439854173,0.026255017446503954,0.02536055292853463,0.07864239204393376,0.030279148213995164,0.01972085178600484,0.0,0.0,0.0,0.024047457553819252,0.02595254244618075,0.0
0.10880594044772515,0.0,0.14304162699131054,0.15103192728141693,0.036947394774593495,0.0,0.05900726562445002,0.04450808861772363,0.0,0.0,0.03557811695378951,0.021079639308990705,0.10595839382631578,0.04239343703908929,0.09713124660822106,0.028641380573574175,0.025875541952799695,0.002693066922334189,0.0,0.047306933077665814,0.0,0.001509164151019711,0.0,0.0,0.04849083584898029
0.0,0.0,0.28617422805081116,0.0,0.026632812294984202,0.0,0.0,0.001571074122257543,0.0,0.08560951711167417,0.0,0.20001236842027298,0.02706640790626109,0.03633250435356179,0.2314610927545395,0.005139994985637608,0.0,0.009364759281374313,0.04063524071862569,0.0,0.0,0.0,0.043529868888640924,0.006470131111359079,0.0
0.29366106025201544,0.0,0.0,0.0,0.0,0.0,0.1781487708516455,0.016420720722952864,0.0,0.11176944817338613,0.0,0.0,0.0,0.025844438597997052,0.0,0.27320140551621336,0.0009541558857895649,0.030795590361096057,0.019204409638903946,0.0,0.02644186098434635,0.023558139015653654,0.0,0.0,0.0
0.0,0.0,0.09692842189095008,0.0,0.08067091718154018,0.029074220091202804,0.2219721739486989,0.054063521312497476,0.007631717133538718,0.0,0.03675781723768449,0.07290121120388747,0.2179658300987606,0.036281422803916885,0.013642590621538386,0.03211015647578415,0.0,0.01555170099573655,0.03444829900426345,0.0,0.0,0.021807618757753746,0.0,0.028192381242246257,0.0
0.0,0.11169193735053085,0.10158195187485425,0.0,0.2134727129127935,0.0,0.034744724975330106,0.0,0.0,0.0,0.12516200473796074,0.013346668148530472,0.0,0.037359573138792866,0.008709691258653451,0.2231975859236717,0.03073314967888198,0.03647098345468639,0.0,0.013529016545313612,0.0,0.04629532543273968,0.0,0.0,0.00370467456726032
0.044508050793452304,0.0,0.23678186078654445,0.1437682000083226,0.021129429116686582,0.0,0.07486515789760825,0.027634338572510644,0.05131296282487505,0.0,0.0,0.0,0.006619125883520927,0.029960504014266812,0.0,0.0,0.26342037010221225,0.020420392685998733,0.02957960731400127,0.0,0.0,0.0265682482189503,0.0,0.0234317517810497,0.0
0.11512151869140397,0.15057394619263142,0.14938116931682077,0.0,0.013162417170470952,0.0,0.0,0.0,0.0,0.0,0.14140369574588152,0.030357252882791327,0.08818955230067604,0.08111688363349048,0.04460176846988804,0.05986724667448498,0.026224548921460436,0.010179253875650149,0.0,0.039820746124349854,0.0,0.023802631543528227,0.0,0.026197368456471776,0.0
0.0,0.2509870747792779,0.0,0.0,0.0,0.10266383851079375,0.0,0.024479220933784296,0.0,0.0,0.0,0.221869865776144,0.06180268959617884,0.025005456836636485,0.05573776814659284,0.025993513094577182,0.13146057232601463,0.009566240118671507,0.0,0.040433759881328496,0.007815733802744286,0.0,0.04218426619725572,0.0,0.0
0.0,0.0,0.03171085559602202,0.0005788107196348369,0.21930659362090604,0.0,0.0,0.0,0.0,0.07565814544804271,0.2727455946153944,0.0,0.03530161910509293,0.038165816882314525,0.12737811447978178,0.025039266758245873,0.07411518277456486,0.007883926146377063,0.0,0.04211607385362294,0.0,0.0,0.0009966500021667615,0.0,0.04900334999783324
0.0,0.0010784937480610157,0.0,0.0,0.0,0.025152357668456575,0.21762966458746155,0.0,0.2178505420118641,0.0,0.13828894198415667,0.0,0.15752488132727016,0.026291683933699215,0.06933031718363107,0.008583893896839778,0.03826922365855972,0.0005874993277498256,0.0,0.04941250067225018,0.0,0.04595484292143874,0.004045157078561262,0.0,0.0
0.26838116541723317,0.0,0.11467013500410736,0.0,0.0,0.2060203222265577,0.0,0.0,0.0,0.0,0.0,0.010928377352101726,0.03866936538991277,0.05971191602837642,0.05957725962356333,0.05744549100130553,0.08459596795684193,0.003530567657991958,0.0,0.046469432342008045,0.0,0.018996896627092502,0.0,0.0310031033729075,0.0
0.0,0.005106851073402918,0.26114171138325626,0.0,0.0316872632137372,0.16330711740899848,0.028673568482062307,0.06639851297196638,0.0436849754665766,0.0,0.0,0.0,0.0,0.001323659263770094,0.260980191197037,0.03769614953919287,0.0,0.0,0.04527286000099584,0.004727139999004162,0.03527235562681985,0.014727644373180152,0.0,0.0,0.0
0.0,0.1914243554253083,0.0,0.03163203082797015,0.0,0.22485142184600554,0.0,0.0,0.0,0.0,0.15092201213360487,0.0011701797671110903,0.014378959542535652,0.24798004072481278,0.0,0.037640999732651566,0.0,0.0,0.03726980652902268,0.01273019347097732,0.0,0.0,0.008488527357357716,0.0,0.04151147264264229
0.0,0.17399197878079628,0.09884997249534194,0.0,0.0,0.0,0.0,0.023133789755950374,0.0,0.18451904869172697,0.0,0.11950521027618449,0.0,0.0198421611614909,0.08452126175024295,0.12276456929966575,0.0728720077886004,0.0,0.04068740022606093,0.00931259977393907,0.0,0.0,0.049465078109170564,0.0005349218908294387,0.0
0.17683090514777583,0.0,0.0,0.02926003499940083,0.0,0.218071781903441,0.0,0.0,0.12469293309103757,0.0017187350045279048,0.04942560985381686,0.0,0.05409032838211371,0.23515697697773014,0.010752694640156157,0.0,0.0,0.002966763905331765,0.0,0.04703323609466824,0.010532712795261898,0.0,0.0,0.0,0.039467287204738105
0.056702339484041235,0.03466208844702508,0.005594579472443573,0.22368079191746856,0.029138444923040265,0.04172185972201453,0.0,0.036179422131073086,0.06647507631327863,0.03318704401917062,0.07265835357044434,0.0,0.0,0.1349440559431621,0.0,0.15891202058800113,0.006143923468836743,0.0,0.04221186422601264,0.007788135773987362,0.0,0.0,0.0,0.04009743778291201,0.00990256221708799
0.0,0.0,0.0,0.0,0.020751243517859286,0.07332294585464708,0.21591659384506603,0.06919707021160723,0.03863824098962935,0.1454361646856742,0.0367377408955168,0.0,0.0,0.0717649442699648,0.01863098329185331,0.20960407243818188,0.0,0.0,0.03930059805812398,0.010699401941876026,0.03533020747817764,0.014669792521822364,0.0,0.0,0.0
0.07597268689739942,0.00027126423720347237,0.03963546613686355,0.0,0.2540819723244014,0.0,0.1469319978423265,0.02502224589384351,0.0,0.05808436666796213,0.0,0.0,0.05940081215385733,0.008382333212760884,0.0,0.2322168546333818,0.0,0.008902892227394016,0.04109710777260599,0.0,0.013925945868869055,0.0,0.0,0.03607405413113095,0.0
0.0,0.05558420425577469,0.17567475679652167,0.0,0.04711692990662608,0.28695018401371214,0.025666473603530533,0.0,0.0,0.009007451423834745,0.0,0.0,0.0,0.02127029061362673,0.0,0.24645916203021004,0.03227054735616322,0.04516937152795625,0.004830628472043755,0.0,0.0,0.0,0.0,0.0028733811987022156,0.04712661880129779
0.1086770012768204,0.0,0.0,0.27995369079047533,0.0,0.029833930122465033,0.023412683048894434,0.0,0.11300621961887669,0.0,0.04511647514246813,0.0,0.014244958755986636,0.0,0.0,0.28575504124401335,0.0,0.04319878104104253,0.006801218958957474,0.0,0.0,0.012913172479033272,0.03708682752096673,0.0,0.0
0.07481734183534938,0.0,0.0,0.2442171325483632,0.020342527565748836,0.0,0.0,0.0,0.22786043799475372,0.0,0.032762560055784776,0.0,0.005864256964562997,0.0568586581324745,0.034534028913068546,0.14853696315486536,0.05420609283502858,0.04761248978362839,0.0,0.0023875102163716105,0.02968955079206343,0.020310449207936572,0.0,0.0,0.0
0.0,0.0,0.0,0.16261606339603366,0.0,0.05974557873482049,0.21978637607234108,0.0,0.04377707616271001,0.06085340066014989,0.052052694785484015,0.0011688101884609337,0.17711193612287596,0.012409077939545654,0.0,0.0,0.11047898593757838,0.03006815465498719,0.0,0.019931845345012814,0.002868448550458161,0.04713155144954184,0.0,0.0,0.0
0.0,0.0,0.0,0.0,0.27055077135188055,0.28198290312983193,0.0,0.0,0.00011604246222784997,0.0,0.04735028305605961,0.0,0.0,0.2561665020048133,0.015675505302735537,0.0,0.02815799269245116,0.0,0.010631276632776944,0.03936872336722306,0.0,0.015931820073813517,0.034068179926186486,0.0,0.0
0.24507202754632842,0.0,0.0,0.0,0.04615514901948914,0.0,0.029781757936637926,0.0,0.0,0.09955371302798444,0.010293516877134423,0.1691438355924256,0.021068767128948673,0.0,0.13718568779716797,0.060688603826761035,0.08105694124712232,0.0,0.020880549405575398,0.029119450594424605,0.0,0.0032423540068754753,0.0,0.04675764599312453,0.0
0.244027872179664,0.0,0.0,0.0,0.0,0.060901363976706424,0.02653322636426409,0.24081011413120978,0.0,0.0,0.0018436852155763184,0.02588373813257926,0.09371277943614659,0.11025713489051109,0.0,0.09304930777025916,0.002980777903083154,0.0019100289035936038,0.0,0.0480899710964064,0.0,0.013264547677489441,0.0,0.0,0.03673545232251056
0.06959241124312253,0.07534726650292978,0.08131611524971316,0.2685179323778312,0.0,0.03762228766267291,0.0,0.0,0.023598666766327936,0.0,0.04400532019740237,0.0,0.06193439448649856,0.2001855525483816,0.0,0.02772689058611278,0.010153162379007041,0.018672961590053015,0.0,0.03132703840994699,0.01820857587118621,0.0,0.0,0.03179142412881379,0.0
0.06052391873694076,0.0,0.0,0.0,0.004795746018611768,0.0,0.0,0.2566622379792861,0.19075373513095556,0.08726436213420574,0.0,0.0,0.0251341974060421,0.03306089580980193,0.1568440731156703,0.04031401726408675,0.04464681640439891,0.04069236605720632,0.009307633942793686,0.0,0.008064758431326396,0.0,0.041935241568673606,0.0,0.0
0.11627976603692558,0.0,0.14206485331760152,0.0,0.19711353273563084,0.02552206269934194,0.0009974961300206475,0.0,0.0,0.0,0.11802228908047946,0.0,0.09876552703251451,0.0,0.0,0.016362736593585836,0.18487173637389967,0.03136728313369896,0.018632716866301045,0.0,0.03868922063722728,0.0,0.0,0.011310779362772722,0.0
0.06823111987179481,0.0,0.25795660807429827,0.0,0.0033070902101624,0.033799470792835774,0.0,0.0,0.0,0.028146542634855103,0.0,0.20855916841605368,0.02345254736460961,0.20177585747445645,0.0,0.027928379847316602,0.046843215313617334,0.0,0.024697179366836547,0.025302820633163456,0.0,0.0,0.0,0.007669728924802943,0.04233027107519706
0.0,0.0,0.0,0.0,0.0,0.0,0.2823393915903571,0.17348681817627334,0.11242967680595392,0.025781795591015504,0.0,0.005962317836400111,0.001492021559308887,0.13953196871835888,0.05244536786700786,0.025113180799658512,0.0814174610556658,0.039380546581386525,0.0,0.010619453418613478,0.0,0.04882502549836441,0.0,0.0,0.0011749745016355895
0.0,0.0,0.03056769175598934,0.08627534118660404,0.0,0.0,0.1998992197970396,0.0,0.01058466889168852,0.0,0.0,0.2726730783686785,0.0033449569478049557,0.10603593311955464,0.15740367963460386,0.0,0.033215430298036516,0.0,0.04786148976103766,0.002138510238962346,0.0012978741017459217,0.0,0.0,0.0,0.04870212589825408
0.04248023522346666,0.0,0.14710706513313757,0.0,0.0,0.0,0.027060054605458864,0.21729586258067599,0.05087517352256084,0.11462292766772283,0.0005586812669771124,0.0,0.0,0.23267293591616167,0.03974589226552183,0.0013700004782847275,0.02621117134003178,0.0,0.04506941117498013,0.0049305888250198715,0.0,0.029135271656341465,0.020864728343658538,0.0,0.0
0.12542429230434526,0.0,0.0,0.17462948351521382,0.0,0.0,0.0,0.2992064785039903,0.0007397456764506316,0.0,0.0,0.0,0.0,0.05230194399158351,0.24183923967298174,0.0,0.0058588163354347245,0.03808647702017169,0.0,0.011913522979828312,0.0,0.01545019221427106,0.03454980778572894,0.0,0.0
0.2753683268692387,0.0,0.0,0.0,0.0,0.1917288285510664,0.0,0.012968642526917207,0.0,0.0,0.11993420205277766,0.0,0.040053525806075595,0.14695629819651884,0.003465717585422634,0.07990523941758856,0.02961921899439432,0.0241871140353016,0.0,0.0258128859646984,0.0,0.001482181224639459,0.0,0.048517818775360544,0.0
0.0,0.0,0.0539128529706545,0.0,0.01570363375095718,0.26169121603617596,0.0,0.1360190070358791,0.13267329020633328,0.0,0.0,0.0,0.0,0.025181282356813696,0.00022872545577384829,0.16353878250678958,0.11105120968062282,0.04202773853463339,0.0,0.007972261465366615,0.0,0.0,0.02149894094792673,0.0,0.02850105905207327
0.0,0.04622470727844603,0.0,0.0,0.0,0.0,0.03203228297866168,0.0,0.001106592856973787,0.0,0.2781433694914822,0.2424930473944362,0.10923842299480507,0.005845091027067262,0.09916431252798427,0.03041006501500449,0.0553421084351389,0.04242903596372517,0.00757096403627483,0.0,0.02834306920344263,0.0,0.0,0.021656930796557373,0.0
0.19559638435025628,0.0,0.22202005894284668,0.0073217655577527685,0.06821996224419548,0.0,0.0,0.05422592265989043,0.02556292557926732,0.02705298066579103,0.0,0.0,0.0,0.00737294401866867,0.2926270559813313,0.0,0.0,0.0,0.02614927758893478,0.02385072241106522,0.0,0.04654838601952477,0.0,0.003451613980475235,0.0
0.0,0.010306474710450764,0.0,0.0,0.23660344671142,0.0,0.049796744013726545,0.18822931817754504,0.0,0.0,0.04638199178051931,0.06868202460633835,0.0,0.2348211380713868,0.05045043194865109,0.0,0.014728429979962099,0.020041182474975296,0.0,0.029958817525024706,0.044330095583739786,0.0,0.005669904416260217,0.0,0.0
0.0,0.0,0.0,0.0,0.008819654299251689,0.0,0.0,0.0,0.0,0.0,0.2936072649619025,0.29757308073884575,0.13541646022973924,0.01656856201428697,0.1480149777559738,0.0,0.0,0.03770852088445417,0.01229147911554583,0.0,0.0,0.0,0.035393639707550155,0.0,0.014606360292449848
0.0,0.0,0.0,0.054930757074317466,0.1334120060819787,0.1135219645562067,0.07086572791762258,0.017369194869238713,0.04375890777707829,0.0,0.16614144172355758,0.0,0.18553520393326806,0.08441317465287437,0.0028357588001601264,0.02721586261369746,0.0,0.026601346041114325,0.0,0.023398653958885678,0.008441131070971171,0.0,0.0,0.0,0.04155886892902883
0.0,0.0,0.1630547599004999,0.0,0.20279973321975925,0.1333122847483303,0.0,0.0,0.0,0.022370578033470534,0.0,0.07846264409793997,0.19453787634810693,0.0,0.0,0.006813097640825272,0.09864902601106779,0.03650158603600928,0.013498413963990721,0.0,0.04814897413491338,0.0,0.0,0.0018510258650866196,0.0
0.035352196662300654,0.0,0.0,0.2779509936735232,0.0,0.0,0.0,0.0010535872037774618,0.09367843774804971,0.0,0.0,0.19196478471234896,0.054087718090481504,0.22480644682004772,0.02110583508947078,0.0,0.0,0.04024895411139116,0.0,0.009751045888608846,0.0,0.04466305776174716,0.005336942238252845,0.0,0.0
0.0,0.0,0.04763827812424587,0.0,0.0,0.17455088548128592,0.13592739745494073,0.0,0.21858372394193495,0.023299714997592536,0.0,0.0,0.055072863606562446,0.009347179734674749,0.20116529242431727,0.034414664234445544,0.0,0.0,0.005201286110326851,0.04479871388967315,0.0,0.04550675971135249,0.0,0.004493240288647511,0.0
0.0032447724858517546,0.07007918315205028,0.0,0.0,0.0,0.0,0.0,0.29510157393407516,0.027472965490545093,0.05894968579598097,0.0,0.1451518191414967,0.0014507862902279345,0.08206778754372557,0.18198334713914674,0.0,0.03449807902689971,0.012026679361796716,0.0,0.03797332063820329,0.0,0.03789811610939578,0.0,0.012101883890604223,0.0
0.062296201287867795,0.0,0.0,0.0,0.05671996406538063,0.028863796312750538,0.0,0.1410409559531187,0.0,0.022647992388411975,0.0,0.28843108999247036,0.0,0.0,0.01896492892050433,0.0,0.28103507107949566,0.0,0.033437480677400995,0.016562519322599008,0.0,0.010016520207316047,0.039983479792683956,0.0,0.0
0.0,0.0,0.0,0.0,0.0,0.005022795602349861,0.0,0.0,0.2772817742279803,0.2536407807710021,0.0,0.06405464939866769,0.04727188473458126,0.06307246376821676,0.008876197322313206,0.06295190227709452,0.11782755189779423,0.0,0.034323816220747476,0.015676183779252527,0.0,0.010500463145094834,0.0,0.0,0.03949953685490517
0.0,0.0,0.0,0.21653616904131207,0.058322137608466454,0.0,0.0,0.015401668480464537,0.0,0.08533967957816646,0.08513736157240419,0.13926298371918625,0.0009302129913863477,0.0,0.15858465834670807,0.11350428463306983,0.026980844028835726,0.0,0.004446785468228,0.045553214531772,0.04844475047178122,0.0015552495282187828,0.0,0.0,0.0
0.030905876017102,0.0,0.10890509990048913,0.0,0.0,0.0,0.26476599002336987,0.0,0.17580364460415127,0.019619389454887726,0.0,0.0,0.005662914761040028,0.04007211425630134,0.19955336642475827,0.05471160455790039,0.0,0.037575602893355715,0.012424397106644287,0.0,0.0,0.0,0.028176740495442002,0.021823259504558,0.0
0.0,0.0922150310268458,0.0,0.0,0.23605244119452456,0.0,0.16845888658513783,0.0,0.09577135974328013,0.007502281450211701,0.0,0.0,0.08813370614824581,0.015416279758216411,0.132381974401199,0.06406803969233876,0.0,0.00829547603193797,0.041704523968062034,0.0,0.008891442426133392,0.0,0.0,0.0,0.04110855757386661
0.06800355863812488,0.0,0.0,0.018585823513999622,0.1953893482908829,0.0,0.15748641836137403,0.026114786288716153,0.10778323166659914,0.0,0.0,0.02663683324030333,0.0,0.1018482943130197,0.09062909347870168,0.014169520053200046,0.09335309215507856,0.0,0.01849279538443291,0.031507204615567094,0.0,0.0,0.0,0.047738991429453134,0.0022610085705468685
0.0025642669180087063,0.0,0.0,0.0,0.2269428442917464,0.0,0.0,0.26620231093100705,0.0,0.10429057785923782,0.0,0.0,0.0,0.035463771608560214,0.0,0.02370094711849452,0.24083528127294526,0.008892218508583669,0.0,0.041107781491416334,0.010420366216954163,0.0,0.0,0.03957963378304584,0.0
0.13338629361416152,0.0,0.16022104511450752,0.02721750898656049,0.06575162090886866,0.021921533434966944,0.0,0.0,0.0,0.1915019979409348,0.0,0.0,0.047663707084573445,0.06922949798059966,0.1509597956711022,0.0006201903004561804,0.031526808963268545,0.037302595740283884,0.012697404259716119,0.0,0.04003698866516714,0.009963011334832864,0.0,0.0,0.0
0.17877220539844713,0.0,0.0,0.2008545675520068,0.0,0.027427375359726943,0.04000318579095615,0.0,0.08891475617303571,0.028107828302534152,0.02848379933410162,0.007436282089191559,0.07942951560095565,0.0,0.18888153210578942,0.0040768536770446895,0.027612098616210234,0.024585774316905562,0.0,0.02541422568309444,0.03762784441945089,0.0,0.0,0.012372155580549112,0.0
0.14616910874760183,0.025678650836116975,0.0,0.11121911587174296,0.007760717184842059,0.0,0.0,0.0,0.09304884720385706,0.2161235601558391,0.0,0.0,0.2833545136895445,0.0,0.0,0.016645486310455482,0.0,0.0,0.040420176736405175,0.009579823263594828,0.0,0.012363396341471489,0.0,0.037636603658528514,0.0
0.038881189167551344,0.03112440641567217,0.0,0.2687760696287079,0.0,0.0,0.0,0.12622711072926823,0.0,0.0,0.01285455272046876,0.1221366713383315,0.0038299566243623073,0.17168187675231952,0.0,0.12448816662331816,0.0,0.0,0.046887763708167045,0.003112236291832958,0.00017447136873714741,0.0,0.049825528631262855,0.0,0.0
0.0,0.21625590222712673,0.0010584883594099148,0.025668953848429918,0.0273583823808878,0.0,0.058424833358102946,0.0,0.032212755964471464,0.0,0.23902068386157108,0.0,0.034563678005867175,0.033956970660236535,0.04107612095387085,0.18556641276107982,0.00483681761894561,0.0343427793445693,0.0,0.015657220655430702,0.0,0.0,0.021754314469933103,0.0282456855300669,0.0
0.0,0.0,0.010222113287248757,0.0,0.10689820184566917,0.0,0.0,0.0,0.2979101071715422,0.0,0.14489929723197026,0.04007028046356961,0.001604250936803553,0.1730127565269351,0.0,0.028382114394540053,0.09700087814172131,0.045047003836125886,0.004952996163874117,0.0,0.0,0.0,0.0031480685543937084,0.0,0.046851931445606294
0.0,0.0,0.0,0.22215574591406992,0.0,0.106284515277318,0.0,0.0,0.010360287744201502,0.0,0.2611994510644106,0.0,0.0830687683266493,0.06837802016376746,0.0,0.00294641179445837,0.14560679971512483,0.0,0.01419738652788062,0.03580261347211938,0.0165173465547563,0.0,0.0,0.033482653445243704,0.0
0.03998903753268044,0.0,0.03673270211865165,0.08063994115978679,0.014984061115989267,0.19540938450498818,0.0,0.04600395646607538,0.03118618688200938,0.0,0.15505473021981891,0.0,0.0,0.0,0.178716647765189,0.11661592087962283,0.004667431355188156,0.03362815061383166,0.01637184938616834,0.0,0.049350156290175196,0.0,0.0006498437098248072,0.0,0.0
0.0,0.049358392971850615,0.08597415127471775,0.0,0.0024307240866239255,0.0,0.025561261843108963,0.15508766720495407,0.06072116167408055,0.040886570214318345,0.17998007073034594,0.0,0.029478940021648546,0.16119491871214994,0.0,0.02488806350616113,0.08443807776004039,0.00686546045946064,0.04313453954053936,0.0,0.0009412860319619604,0.0,0.04905871396803804,0.0,0.0
0.0314881205723832,0.0,0.2932822875778423,0.0,0.0,0.0,0.0,0.0,0.0,0.006291557453121155,0.0,0.2689380343966534,0.008502772875914444,0.20005162661521853,0.09144560050886699,0.0,0.0,0.04060930649603582,0.0,0.009390693503964181,0.0,0.03422135561696523,0.0,0.015778644383034772,0.0
0.0,0.014034933698451768,0.14569129442394624,0.06358228417226543,0.0,0.07541461608597037,0.0,0.0,0.06355868857549596,0.10793775572212608,0.0,0.1297804273217442,0.0,0.046427356173832375,0.2497548804823941,0.0,0.0038177633437734837,0.0,0.018988169760344974,0.03101183023965503,0.0,0.01490714158506802,0.03509285841493198,0.0,0.0
0.0,0.0,0.12280908575158728,0.0,0.031041453100854065,0.0,0.21936268190259986,0.2154146491366479,0.0,0.011372130108310952,0.0,0.0,0.05778472374908442,0.05609726772269939,0.049891760637683594,0.10681549312792227,0.029410754762610302,0.01625618092636487,0.0,0.033743819073635134,0.0,0.0,0.0,0.00860142831440891,0.04139857168559109
0.0026762180654104073,0.0,0.0,0.0,0.0,0.25616357457991873,0.13002757327179384,0.17465914637199523,0.03647348771088181,0.0,0.0,0.0,0.10423768556554841,0.07032883330011935,0.08148076715922768,0.001628683450451529,0.042324030524652986,0.038615847078231735,0.011384152921768267,0.0,0.02475519677000447,0.0,0.0,0.025244803229995533,0.0
0.07722876943260679,0.0,0.0,0.0,0.06751960729966523,0.0,0.0,0.0,0.007602051091617268,0.02508719465923191,0.18073904345790576,0.24182333405897297,0.0514663613949279,0.05693914561805121,0.18014107025243467,0.0,0.011453422734586216,0.0,0.027370971720648937,0.022629028279351066,0.04740842810261054,0.0,0.002591571897389462,0.0,0.0
0.0,0.0,0.20283431910674635,0.0,0.0,0.1379015081475859,0.14351874231407885,0.010171001576227634,0.0,0.0,0.0,0.10557442885536134,0.0,0.23942993905315857,0.048458143499955135,0.012111917446886278,0.0,0.0455843368977932,0.0,0.004415663102206806,0.0,0.008030020628620446,0.0,0.04196997937137956,0.0
0.0,0.0,0.26017494775873007,0.0,0.0,0.017492143016607176,0.0,0.0,0.19193466038595836,0.0,0.0,0.13039824883870435,0.015941573747542626,0.12630970913591666,0.12566237407709818,0.03208634303944252,0.0,0.0,0.038114911987801973,0.01188508801219803,0.004981628944025242,0.0,0.04501837105597476,0.0,0.0
0.2962354192369449,0.0,0.0,0.001545903590931652,0.16858732273698196,0.0,0.10372401708021034,0.0,0.0,0.0,0.0,0.02990733735493111,0.0,0.16006287222073148,0.026743417730947933,0.005191647063100213,0.10800206298522039,9.372713243861047e-05,0.04990627286756139,0.0,0.0,0.023701589249223623,0.0,0.0,0.02629841075077638
0.027547421348573062,0.0,0.1646431069951432,0.0,0.0,0.0,0.22219090315602075,0.0,0.08718760059283076,0.0771715490927527,0.02125941881467952,0.0,0.01218625298790893,0.0,0.1152082474017625,0.1393749296478717,0.03323056996245688,0.035905037639595454,0.0,0.014094962360404549,0.0,0.03403604819688344,0.015963951803116563,0.0,0.0
0.000283150417503486,0.15739680080551763,0.0,0.23989094113208903,0.054891712579919066,0.03616914984708591,0.040734160646005525,0.025127391397784634,0.0,0.0,0.045506693174094726,0.0,0.06709649419031083,0.030464520505068843,0.08232424451934225,0.0066213559389111665,0.11349338484636687,0.03619507774968537,0.013804922250314634,0.0,0.0,0.0,0.007853916586021067,0.042146083413978935,0.0
0.0,0.0,0.016253467707927127,0.1976983202113381,0.0,0.05675859520983459,0.0,0.0,0.0,0.0,0.08251783387053246,0.24677178300036767,0.05867932039915149,0.07410444127937674,0.004726834522533696,0.12411541287051159,0.038373990928426464,0.015458351166294883,0.0,0.03454164883370512,0.014854469209098761,0.0,0.0,0.0,0.03514553079090124
0.26890788906702245,0.0,0.0,0.0,0.12929071497316064,0.06983733598159386,0.0732326492761283,0.0,0.020535316108085344,0.0,0.03819609459400946,0.0,0.09560637393754132,0.0011012133759330522,0.03549637015099528,0.0270950322629532,0.14070101027257714,0.0,0.04523286024347358,0.0047671397565264215,0.03775629012688714,0.0,0.012243709873112865,0.0,0.0
0.04154789666974612,0.0,0.0,0.0,0.0004646684516335098,0.19334645596658034,0.0,0.029878780774946937,0.23182031157521427,0.0,0.10294188656187872,0.0,0.04856569146522441,0.023380911155151785,0.19205553293731117,0.0,0.03599786444231262,0.014282483170552807,0.0,0.035717516829447196,0.0,0.03504955343484914,0.014950446565150863,0.0,0.0
0.026594539333490208,0.08842501752198112,0.0,0.08274803198756923,0.026939128869947208,0.013448672096975756,0.03210813375178381,0.0,0.05498765652430353,0.02548299833162139,0.2492658215823277,0.0,0.1748303763973223,0.07395270647618517,0.04970607737111396,0.0,0.001510839755378579,0.0,0.037288963519698314,0.01271103648030169,0.03546324331574236,0.014536756684257642,0.0,0.0,0.0
0.06052864917605785,0.13737966013272995,0.0,0.07343272568100936,0.030822206647285015,0.0001647495059675652,0.0,0.17305416783145056,0.02777371500866863,0.0,0.09684412601683112,0.0,0.0,0.024597067231000636,0.24388297658910324,0.0,0.03151995617989612,0.0,0.02837302549439782,0.021626974505602182,0.0,0.0,0.0015949347175888695,0.04840506528241113,0.0
0.21327382233406408,0.0,0.020975328923868553,0.0,0.08591952605156544,0.0,0.0,0.20793729708479552,0.026788797488412473,0.0,0.0,0.045105228117293936,0.0,0.054503873006412684,0.00021203719155155065,0.044811105468701956,0.20047298433333385,0.001993948137181137,0.048006051862818866,0.0,0.0,0.006688302378671504,0.0,0.0,0.0433116976213285
0.04307873549949193,0.052659722158099526,0.0,0.13412603885374166,0.05171928708797813,0.0,0.0,0.009542814652253151,0.08731428180931683,0.11562777405869132,0.10593134588042744,0.0,0.09330144518076039,0.0006151392503440101,0.08005359708759205,0.026425363849205047,0.0996044546320985,0.037480857636539626,0.0,0.012519142363460377,0.04536392165302952,0.0,0.004636078346970482,0.0,0.0
0.0,0.13511244613671297,0.0,0.15031337093341007,0.025131921565818855,0.020618035304625804,0.2349615792868853,0.0,0.0,0.03386264677254699,0.0,0.0,0.02506160512317454,0.0003672558863657138,0.0,0.18089386410386507,0.09367727488659464,0.0,0.029709308360687494,0.02029069163931251,0.004514396712450443,0.0,0.0,0.0,0.04548560328754956
0.015230006983586342,0.0,0.0,0.0,0.0,0.21409814927916604,0.03483853623598118,0.0,0.0,0.09458658066681958,0.0,0.2412467268344468,0.0,0.0,0.003749744366594643,0.08527551307047353,0.2109747425629318,0.0064862589616201255,0.0,0.04351374103837988,0.0,0.0,0.039457216958586366,0.010542783041413636,0.0
0.22596012390933784,0.0,0.0,0.0,0.01922375836453616,0.0,0.22910480630267543,0.09557969655388382,0.0,0.030131614869566805,0.0,0.0,0.21708716138825085,0.0,0.0,0.02167773830687869,0.061235100304870435,0.010497248099772018,0.039502751900227985,0.0,0.0,0.0,0.0,0.0011478157466386293,0.04885218425336137
0.16650244874199197,0.0,0.0,0.0,0.0,0.13037257263689236,0.009190719310510187,0.09636146754457528,0.0,0.170871668680861,0.0,0.026701123085169157,0.18048913059343932,0.11207047159182537,0.0,0.007440397814735322,0.0,0.04862055692605559,0.0013794430739444141,0.0,0.0,0.013298488290109094,0.03670151170989091,0.0,0.0
0.11308511625583442,0.0,0.025997506459478157,0.03422872926171239,0.0,0.27248283119187416,0.034693246506091235,0.0,0.10981922823246187,0.0,0.009693342092547685,0.0,0.1834538023539575,0.0,0.0,0.014223596806756056,0.10232260083928646,0.0,0.007143985003540576,0.04285601499645943,0.01676159760833154,0.0,0.03323840239166846,0.0,0.0
0.0,0.0,0.0,0.030016658857080422,0.0,0.2710469057157428,0.0,0.0038854031505493047,0.0,0.14478957787972038,0.10781977030193798,0.042441684094969095,0.03893341636822064,0.12950966767637495,0.12056199189238084,0.0,0.010994924063023603,0.0,0.03494520431852163,0.01505479568147837,0.016313998028918933,0.0,0.0,0.0,0.03368600197108107
0.0,0.1865036748187362,0.0,0.0,0.1497430716372038,0.0,0.0,0.022556471925950894,0.18853976992211455,0.0,0.05265701169599453,0.0,0.0013147139864135848,0.045961194949289505,0.0,0.0,0.2527240910642969,0.0,0.025317381042106474,0.02468261895789353,0.0,0.0014936957188524183,0.0,0.0,0.048506304281147584
0.07603063489555417,0.0,0.0,0.12573909633446256,0.0,0.0,0.002252007642918108,0.0,0.038253407183931394,0.19909873032690603,0.13139215494675374,0.027233968669474015,0.029557113486689976,0.21777623955377542,0.009138191560853659,0.0,0.043528455398680915,0.04060641709137469,0.0,0.009393582908625311,0.0032111428676467255,0.04678885713235328,0.0,0.0,0.0
0.21540486320396643,0.08320568697371003,0.15495984477793917,0.0,0.03981456597688243,0.052514367178565446,0.0,0.0,0.0,0.03293230510386416,0.02116836678507228,0.0,0.0,0.013893716241475507,0.0,0.0,0.2861062837585245,0.01980581518222939,0.030194184817770614,0.0,0.0,0.0,0.00986578120260341,0.0,0.04013421879739659
0.0,0.09482000920764896,0.0,0.0,0.0,0.14276065108285788,0.015138793691959695,0.0,0.0,0.0,0.2930944949898977,0.05418605102763575,0.08428192384715041,0.005361365595035583,0.12089305333408448,0.03776389913942005,0.05169975808430943,0.015559852251532502,0.0,0.0344401477484675,0.0008881471688808804,0.0,0.0,0.04911185283111912,0.0
0.0,0.2436914505026382,0.0,0.0,0.07732103770987345,0.18472613491264556,0.0,0.0,0.0,0.0,0.0808322062663078,0.01342917060853499,0.0,0.0,0.019109757452325293,0.18549944615386127,0.0953907963938134,0.008808044276594082,0.0,0.04119195572340592,0.019792147749057243,0.0,0.0,0.03020785225094276,0.0
0.0,0.0,0.007022308404632693,0.05103576895115679,0.0,0.026503425965104955,0.04708872535854371,0.029990605183767283,0.14883687771550067,0.0974283378101786,0.0,0.1920939506111153,0.028412234949497683,0.20051328827842452,0.055427284706388996,0.015647192065688764,0.0,0.040436455831973694,0.009563544168026308,0.0,0.02137063527267792,0.028629364727322082,0.0,0.0,0.0
0.0,0.01467703068993309,0.0,0.0,0.06144450519618068,0.0,0.06749885290674684,0.15796296163728704,0.0,0.17552357606243674,0.12289307350741555,0.0,0.10058817905083786,0.1698470642527473,0.002949147160978993,0.0,0.026615609535435826,0.0,0.021424577653758818,0.028575422346241185,0.0,0.0,0.04302009798762592,0.006979902012374084,0.0
0.23701758226044964,0.0,0.19170105223320485,0.08403173186895654,0.0,0.0,0.0,0.028026467697510438,0.0,0.05155124041595264,0.0076719255239259265,0.0,0.09017493046291838,0.03592465308735986,0.030727381598186523,0.10935433642702824,0.03381869842450693,0.03917428065047999,0.010825719349520015,0.0,0.02101781959246185,0.0,0.0,0.0,0.028982180407538152
0.20610075888298052,0.2628075273804813,0.0,0.025495364379395317,0.0,0.0,0.0,0.10511007393750393,0.0004862754196388597,0.0,0.0,0.0,0.03309315714635855,0.0020048131269937985,0.08843770873999493,0.0,0.17646432098665277,0.015641155492037276,0.0,0.03435884450796273,0.0,0.0,0.00083295020324025,0.04916704979675975,0.0
0.0,0.050506191147883794,0.18403932248036514,0.0,0.0,0.0,0.0,0.01750554091993317,0.16288559312601764,0.18506335232580023,0.0,0.0,0.04806477992327987,0.026775354940673422,0.11940092683150774,0.06091048528277632,0.04484845302176264,0.04056485865616352,0.0,0.009435141343836481,0.0,0.01963971777008346,0.0,0.030360282229916543,0.0
0.09687594577769898,0.05029515763228917,0.0,0.0,0.2556052934961661,0.0,0.04143906045020199,0.001872376342757609,0.025324929170587505,0.0,0.12858723713029865,0.0,0.016305498073900637,0.05852051802816738,0.0,0.18734762888524528,0.03782635501268669,0.03598243707642135,0.0,0.014017562923578655,0.0,0.0,0.008363990319937085,0.04163600968006292,0.0
0.0,0.0,0.0,0.13909166174222468,0.0,0.0,0.022474052788985954,0.18212468824267933,0.25630959722610996,0.0,0.0,0.0,0.060837080537937474,0.0,0.0032794274351791164,0.17190674105298237,0.06397675097390101,0.015360285057186514,0.03463971494281349,0.0,0.0,0.037042360857631504,0.012957639142368499,0.0,0.0
0.0,0.0,0.0598477072526469,0.0,0.0,0.01562029787125796,0.21436149744110217,0.0,0.17177353930705605,0.0,0.0,0.13839695812793687,0.026466555447088765,0.00373028625680899,0.0,0.14647329576176252,0.12332986253433975,0.0,0.008879628657812555,0.04112037134218745,0.0,0.0,0.0,0.019418301201356403,0.0305816987986436
0.0,0.0,0.13062425235939498,0.0315464344526793,0.010274315851480198,0.1556674928277907,0.20040907538680686,0.0714784291218479,0.0,0.0,0.0,0.0,0.29799728520936725,0.0020027147906327425,0.0,0.0,0.0,0.033852690496151486,0.016147309503848517,0.0,0.0,0.04508520563983198,0.0,0.0049147943601680205,0.0
0.002488583045581305,0.0,0.11501611428892855,0.0,0.0,0.12878083775698212,0.2788987360283266,0.0748157288801814,0.0,0.0,0.0,0.0,0.0,0.017162757382251648,0.1453041455705721,0.0717861295435438,0.06574696750363246,0.0,0.014677047971479222,0.03532295202852078,0.0,0.01811975503674796,0.03188024496325204,0.0,0.0
0.21882731179445913,0.0,0.0,0.0,0.0,0.0,0.0,0.27744997400740484,0.0,0.005478946057371981,0.0,0.09824376814076394,0.01787836036963919,0.06733372878831881,0.035541762589238905,0.037215736729545826,0.14203041152325724,0.04415098053677644,0.0,0.005849019463223561,0.0,0.03972122341782654,0.0,0.0,0.010278776582173466
0.26532299188021696,0.0,0.0,0.1457185331189175,0.0,0.007479150212004737,0.0,0.0,0.14233398782556678,0.0,0.0,0.039145336963293885,0.031617615369088074,0.0,0.0012386017787942016,0.09600248267278955,0.17114130017932816,0.002830379480945569,0.047169620519054434,0.0,0.0,0.0,0.030143595590110536,0.0,0.019856404409889467
0.12937732447103462,0.0,0.01658654511610147,0.10432073387833421,0.0876166330514235,0.07449935919086585,0.0,0.0,0.11808736381136573,0.039805756407932054,0.0,0.029706284072942537,0.009050039837687096,0.0,0.22192266942126132,0.06902729074105154,0.0,0.01618661412187994,0.0,0.033813385878120064,0.0,0.03327439425194514,0.0,0.0,0.016725605748054866
0.0,0.0,0.04667058179321317,0.0,0.011885736876454667,0.0,0.1336446448847597,0.29133072319293163,0.0,0.0,0.11646831325264081,0.0,0.05019688548483833,0.026840490373622895,0.0007479885356523885,0.22221463560588636,0.0,0.0,0.028226578755990394,0.02177342124400961,0.0030194494755606677,0.0,0.0,0.046980550524439335,0.0
0.044587235206723336,0.0,0.045644887605740245,0.0,0.28983809269902083,0.0,0.03682252939258085,0.024984668102863705,0.0,0.0,0.0,0.158122586993071,0.0,0.06815272759836355,0.00959344364996717,0.22225382875166927,0.0,0.0,0.04561777243407027,0.004382227565929736,0.02531998739506959,0.024680012604930412,0.0,0.0,0.0
0.004704808981497721,0.0,0.0,0.0,0.0,0.23583696905432922,0.0,0.2840399479307719,0.07541827403340107,0.0,0.0,0.0,0.008899712200493903,0.0,0.0,0.2911002877995061,0.0,0.04302865850371268,0.006971341496287323,0.0,0.0,0.018612078513798036,0.0,0.03138792148620197,0.0
0.0,0.09977333582102424,0.06690850695600237,0.0,0.028904080029136726,0.0,0.0,0.08461669993706669,0.004289997170259574,0.0,0.1328913846937328,0.18261599539277767,0.0,0.004580617617010674,0.030126354804018637,0.10145358703678523,0.16383944054218544,0.025195955258415163,0.0,0.02480404474158484,0.002873773690140545,0.0,0.0,0.0,0.04712622630985946
0.0,0.0,0.04079331434229301,0.0,0.07483204821886538,0.0,0.0,0.08438811808738966,0.115621319894156,0.2538415690819143,0.001870851240557636,0.028652779134824037,0.032062323521267956,0.06640146593777407,0.12409793490391927,0.028871468021965815,0.04856680761507286,0.011850493648353715,0.0,0.03814950635164629,0.0,0.0,0.03468812898735989,0.015311871012640116,0.0
0.0,0.18759547804474686,0.033605885281999495,0.041092205895241415,0.0,0.0,0.06419828396744684,0.2623430579741921,0.0,0.011165088836373238,0.0,0.0,0.015200121650194187,0.029792848189881052,0.1180198002307298,0.09849247336271794,0.038494756566476995,0.0,0.019906016350085244,0.03009398364991476,0.01933998545577771,0.0,0.03066001454422229,0.0,0.0
0.042106392243540236,0.03122479310258703,0.0,0.0,0.04844001449760463,0.0,0.05978079426472653,0.25195749484419944,0.0,0.15156664160431702,0.01492386944302515,0.0,0.23132076299425824,0.0,0.0,0.018024059120977987,0.05065517788476376,0.0,0.01802523029030073,0.03197476970969927,0.0044809042904868646,0.0,0.0,0.04551909570951314,0.0
0.0,0.0,0.0,0.17899780869344037,0.20004718974122027,0.0,0.0,0.03136131437605354,0.0,0.02011366508721557,0.11352311043380367,0.05595691166826658,0.027711226738583672,0.01819469964503162,0.22504124072403794,0.02905283289234674,0.0,0.0,0.017339781353182253,0.03266021864681775,0.03469939461888858,0.0,0.0,0.0,0.015300605381111422
0.06763695140553452,0.05476918488672003,0.006564531380762184,0.0,0.2024184858209619,0.0,0.0,0.0,0.0,0.0,0.0,0.2686108465060214,0.03790802922804655,0.002398562747827515,0.1509759274712245,0.10871748055290142,0.0,0.013766458426551414,0.03623354157344859,0.0,0.0,0.02865883862305929,0.0,0.0,0.021341161376940712
0.0,0.0,0.07804583311453196,0.04836472461547047,0.07683007720202109,0.0,0.08932273590046996,0.0,0.0,0.07688356056398793,0.2280503277826669,0.0025027408208516677,0.03660728808077163,0.18188509001695466,0.0065930839454592105,0.04320070305711542,0.03171383489969906,0.00030192430133173936,0.04969807569866826,0.0,0.03771043990501608,0.012289560094983921,0.0,0.0,0.0
0.009601255816202303,0.034470097591311866,0.0,0.0,0.0,0.18881787020122137,0.2419748961178291,0.0,0.0,0.0,0.03422755472088789,0.09090832555254735,0.0,0.09945039369336545,0.0,0.015618079591014022,0.18493152671562052,0.04095939438812529,0.0,0.00904060561187471,0.0,0.033213090981242976,0.0,0.0,0.016786909018757026
0.0009405158010070691,0.0,0.03944189677300623,0.0,0.13495855310710467,0.11471834461697147,0.0,0.193116613028643,0.036240402599191084,0.028046027167133274,0.052537646906943195,0.0,0.19251242589120474,0.00013264735154783214,0.05020369301436099,0.05715123374288645,0.0,0.013306730586907234,0.0,0.03669326941309277,0.0,0.0,0.03629364463599741,0.0,0.013706355364002595
0.00144824496263396,0.03016048218161638,0.09797743129713038,0.0,0.1864573949780835,0.02540974751637692,0.0,0.0,0.25854669906415884,0.0,0.0,0.0,0.2064872052764827,0.016300605140474156,0.0,0.07721218958304314,0.0,0.0,0.02460986757942101,0.02539013242057899,0.0,0.0,0.018796902777284026,0.031203097222715977,0.0
0.27880596419523984,0.007241823231772138,0.0,0.04329376847587261,0.1090693886872093,0.0,0.0,0.0,0.08424548083395123,0.0,0.0,0.07734357457595485,0.12289999225785808,0.026387305352914208,0.022512110168288135,0.03784395003387532,0.09035664218706424,0.048441297070293717,0.0015587029297062863,0.0,0.0,0.0,0.0220740854342115,0.027925914565788502,0.0
0.0,0.0,0.0,0.0,0.0007352470144829093,0.24034387365851007,0.0,0.029182402052262465,0.0,0.0,0.04060659249290019,0.28913188478184443,0.1397536808039494,0.03431813239843654,0.01576136795403882,0.06862383699269752,0.04154298185087774,0.0,0.03750050760822981,0.012499492391770194,0.04659030770720869,0.0,0.003409692292791311,0.0,0.0
0.0,0.02920145123200349,0.0,0.0,0.12773518847682075,0.0,0.26025478978248084,0.0,0.00013071040511303256,0.0,0.18267786010358192,0.0,0.02203223984628605,0.0,0.0,0.0,0.27796776015371394,0.002499098741140897,0.0,0.047500901258859106,0.0,0.0,0.035423519944806824,0.0,0.01457648005519318
0.19178007197524374,0.16409422648712615,0.0,0.002844435156546643,0.0,0.0,0.0,0.10233047290277206,0.0,0.10510263105671627,0.033848162421595177,0.0,0.025998588518314488,0.1645256257795675,0.027959367942609042,0.07698936487958953,0.004527052879919391,0.02975873284502606,0.0,0.020241267154973944,0.0,0.0,0.006024854295024348,0.043975145704975654,0.0
0.0,0.15810051502256972,0.0,0.14937996038509405,0.0,0.0012465473455103293,0.02971136496793713,0.0,0.0,0.26156161227888874,0.0,0.0,0.0,0.28372307197338986,0.0,0.016276928026610127,0.0,0.0,0.034023593997003006,0.015976406002996997,0.0,0.0,0.006164154286269381,0.04383584571373062,0.0
0.0,0.0,0.2592841889180611,0.19956171560396566,0.0,0.0,0.0,0.0,0.003946693393262257,0.10835096823882406,0.028856433845886827,0.0,0.029077171842828705,0.24667138299216668,0.0,0.0,0.024251445165004604,0.010013266698297274,0.03998673330170273,0.0,0.01709206504970235,0.0,0.0,0.03290793495029765,0.0
0.0,0.2341725973483179,0.029345400303362305,0.0,0.04331938885355732,0.0,0.040367715855155015,0.012586877793604567,0.10019844829364874,0.028987865783472615,0.0,0.1110217057688816,0.025151427398469643,0.05177560336430692,0.0016807051508728743,0.22139226408635054,0.0,0.008556755951112438,0.041443244048887565,0.0,0.0,0.008407660424377766,0.0,0.041592339575622236,0.0
0.0,0.11365812790523327,0.25572411107182474,0.0,0.029333266423536584,0.0,0.0,0.0,0.05741875523860807,0.020807475104049344,0.1230582642567479,0.0,0.10875083252035184,0.0,0.04826166404679576,0.012297980062942526,0.13068952336990985,0.028735042808354812,0.02126495719164519,0.0,0.0,0.031027464304397626,0.018972535695602376,0.0,0.0
0.13256006912684112,0.0803726759603145,0.0,0.0,0.08657763879897681,0.29856392316466684,0.0,0.0,0.0,0.0019256929492006414,0.0,0.0,0.10139218349753268,0.009746428984375721,0.11160476956685028,0.048972198489310795,0.028284419461930554,0.03209828467356792,0.01790171532643208,0.0,0.004340082901504269,0.0,0.045659917098495734,0.0,0.0
0.24143138040432707,0.0,0.011145115043771914,0.0,0.10891192582386952,0.0,0.0,0.04567018588915202,0.04221216530055538,0.0,0.0,0.15062922753832403,0.0,0.009427043158836912,0.2905729568411631,0.0,0.0,0.0,0.025641283922033596,0.024358716077966407,0.024555141404803166,0.0,0.0,0.0,0.025444858595196837
0.2271701103004155,0.0,0.2633480815562014,0.0,0.0,0.0,0.0,0.03852670282333541,0.0,0.0,0.06532497137482698,0.005630133945220828,0.0,0.004951692605074276,0.0,0.2950483073949257,0.0,0.030150094969149794,0.01984990503085021,0.0,0.0,0.0,0.022750519790600568,0.0,0.027249480209399435
0.0,0.0,0.08358537570603042,0.02114698791991443,0.2787015937196659,0.0,0.0,0.05160168693833601,0.049657630862659057,0.0,0.11530672485339416,0.0,0.1924249015432419,0.017703059184147885,0.052550720191176015,0.03732131908143415,0.0,0.020248322468495884,0.02975167753150412,0.0,0.0,0.0,0.004003769634864172,0.04599623036513583,0.0
0.0,0.028820369599133755,0.0,0.09720029303597652,0.13391247136919796,0.0,0.2576138836814032,0.0,0.0,0.07863239455432103,0.0,0.0038205877599676308,0.02541385510324593,0.16656004536802974,0.05811351470752199,0.014142964085251841,0.03576962073595046,0.0,0.04813630216693154,0.0018636978330684659,0.0,0.0,0.020927267238496527,0.0,0.029072732761503475
0.03134779886992162,0.032238322093059275,0.028408378734559488,0.09887733363972709,0.21237735745094244,0.0,0.05808235913734639,0.005472172823892674,0.0719253399635095,0.02581693369498099,0.0,0.03545400359206047,0.20107830104561558,0.0004215160869494583,0.0,0.0,0.09850018286743492,0.009304146916110742,0.04069585308388926,0.0,0.03272315241923373,0.0,0.0,0.0,0.017276847580766273
0.0,0.0,0.0,0.0,0.029801485122222894,0.2627691947060521,0.02962243674894699,0.0,0.0,0.014263302216925955,0.10885206896359473,0.15469151224225744,0.02639172892178834,0.03601362907382334,0.012390871767594291,0.18554945797803318,0.03965431225876082,0.023949293511414255,0.0,0.026050706488585748,0.0,0.0,0.005577399556606966,0.04442260044339304,0.0
0.0,0.12348167733533272,0.009520806838063556,0.0,0.08670036216231078,0.0,0.23994503424308936,0.0,0.14035211942120354,0.0,0.0,0.0,0.0,0.0,0.03831169024526272,0.2514493715430728,0.010238938211664494,0.03686831133803398,0.013131688661966026,0.0,0.0,0.0,0.01860505542407305,0.03139494457592695,0.0
0.0,0.0,0.0,0.016285950304359975,0.0,0.0,0.10236806072025345,0.0,0.07506434269669474,0.17785854250799596,0.0,0.22842310377069586,0.0,0.0,0.024490935477782416,0.0,0.2755090645222176,0.04537107166420272,0.004628928335797283,0.0,0.0,0.0,0.0,0.03409478207068235,0.01590521792931765
0.0,0.13617737568467567,0.0,0.08126705786277272,0.0,0.05153717321628075,0.2356739961998238,0.0,0.0,0.0797835462582695,0.0,0.015560850778177593,0.0,0.2571299547075717,0.017030432584360822,0.025839612708067453,0.0,0.0,0.044364216238602865,0.005635783761397138,0.0017648021056164698,0.0,0.0,0.0,0.04823519789438353
0.0,0.006716097315440206,0.05663501619414856,0.0,0.07270371679977894,0.2792353185722776,0.0,0.0,0.0,0.0,0.1847098511183546,0.0,0.0,0.0,0.2897149262936802,0.0,0.010285073706319814,0.048995272386353136,0.0010047276136468664,0.0,0.0,0.0,0.0,0.03988638455617846,0.010113615443821541
0.0,0.14519227532476245,0.0,0.015640894140059314,0.0,0.0,0.21215773345120698,0.0,0.0,0.0,0.0,0.22700909708397116,0.13797239279826942,0.010639889602740094,0.10819607787668523,0.043191639722305254,0.0,0.029487480475753076,0.0,0.020512519524246927,0.043904577381601056,0.006095422618398946,0.0,0.0,0.0
0.15156573772945,0.29039846352647125,0.0,0.0,0.10210648774182335,0.0,0.025197548896162714,0.0,0.0,0.030499406142901163,0.00023235596319148843,0.0,0.16038340978653293,0.13696005541850906,0.0,0.002656534794958032,0.0,0.034263726143242586,0.015736273856757417,0.0,0.0,0.0,0.0084416997358479,0.0,0.0415583002641521
0.11496302673311681,0.10084163490428105,0.051975278812317165,0.002435669756817971,0.0,0.0,0.0,0.2644735819003537,0.0,0.030058365779996987,0.0,0.03525244211311634,0.0,0.0,0.0,0.27615806725905423,0.02384193274094576,0.029600120728983187,0.0,0.020399879271016816,0.0,0.03803178334699131,0.0,0.011968216653008693,0.0
0.1665629301982228,0.0,0.0,0.11218346487381492,0.0,0.018952132712938163,0.20551190205101144,0.06849122508562933,0.0,0.0,0.0,0.028298345078383302,0.12151773014086742,0.08376089908357309,0.0,0.08542053066246086,0.009300840113098618,0.014956284742959562,0.0,0.03504371525704044,0.003539453974984036,0.0,0.04646054602501597,0.0,0.0
0.0,0.13995010055823873,0.0,0.07791547438609989,0.0,0.22139264707371573,0.03973514465084406,0.0,0.0,0.02494428336936161,0.0,0.09606234996173996,0.11140799409552288,0.01658426249892081,0.025981950660052752,0.08600486061599875,0.06002093212950475,0.01578073292688347,0.0,0.03421926707311653,0.0,0.0,0.016391762251807024,0.0,0.03360823774819298
0.0,0.0,0.030207643198299362,0.18150626781621051,0.0,0.09597166653369923,0.0,0.285049546295889,0.0,0.007264876155901767,0.0,0.0,0.17865068016079352,0.0,0.04275046231467206,0.0006418106599424545,0.07795704686459198,0.01679093024486958,0.0,0.033209069755130424,0.0,0.030821869170664762,0.01917813082933524,0.0,0.0
0.0,0.0,0.20618605344092109,0.005333646650222068,0.0,0.18923186767335143,0.1443288525723307,0.0,0.0,0.0,0.054919579663174706,0.0,0.06774024102981567,0.020273503430110196,0.07634410506631342,0.13564215047376074,0.0,0.0,0.038368072251821254,0.011631927748178748,0.017996437872676338,0.0,0.0,0.0,0.032003562127323665
0.0,0.22250331920482422,0.0,0.028959834251015143,0.0,0.0,0.12474241277367476,0.0022396812755829387,0.0,0.1911902949784678,0.0,0.03036445751643508,0.06010284482345001,0.040559522402518075,0.0036387529565878873,0.19569887981744402,0.0,0.03485695440016279,0.0,0.015143045599837215,0.015954476781424337,0.034045523218575666,0.0,0.0,0.0
0.02602758972633363,0.0,0.003171379165572974,0.041202902696974304,0.07824403341912105,0.0,0.047167092620294324,0.2845776787216545,0.0,0.0,0.11960932365004909,0.0,0.1848866518168054,0.03171766972736025,0.02215230322956363,0.0,0.06124337522627071,0.028845043480610236,0.0,0.021154956519389766,0.02605473299470075,0.0,0.0,0.023945267005299253,0.0
0.043345039847172,0.0,0.0,0.14120724639372867,0.0018208252805231862,0.02885332361770148,0.0,0.10641626479752642,0.0,0.27835730006334836,0.0,0.0,0.15683052544124945,0.0,0.0325093403432871,0.0035540373844379913,0.10710609683102545,0.03751458952015933,0.0,0.01248541047984067,0.04108154493767366,0.0,0.0,0.008918455062326344,0.0
0.0,0.0,0.0,0.28509123231294,0.009849415212646262,0.030046349951629005,0.08259513578543842,0.045333342462469575,0.0,0.05431878603304643,0.09276573824183035,0.0,0.024777589478974293,0.08074874456600989,0.056219312219756123,0.09450618862674884,0.04374816510851083,0.031559899736925606,0.0,0.018440100263074397,0.016978185330016222,0.0,0.03302181466998378,0.0,0.0
0.0,0.27704989099358945,0.0,0.0,0.0,0.006314316179676149,0.05162907536039103,0.0,0.029739447899266525,0.0,0.2352672695670768,0.0,0.005529454670420042,0.24356416642030815,0.025692085746561105,0.025214293162710663,0.0,0.01345208015503109,0.0,0.03654791984496891,0.0028042720612457828,0.0,0.0,0.0,0.04719572793875422
0.0,0.20519617653851688,0.28084472274477373,0.06665609585688306,0.0,0.0,0.0,0.0216729868093285,0.02563001805049789,0.0,0.0,0.0,0.0997190907991167,0.0,0.0019076538011500443,0.1191217795363804,0.07925147586335282,0.022551334683875057,0.0,0.027448665316124946,0.0,0.0,0.01923603664971696,0.0,0.030763963350283044
0.0,0.15555132556866172,0.0,0.0,0.1480714517319632,0.09540231802166094,0.007667411133835622,0.0,0.0,0.19330749354387847,0.0,0.0,0.1743669465392784,0.11943888879562073,0.006194164665100865,0.0,0.0,0.0456856956298912,0.0,0.004314304370108803,0.0,0.030797923448612173,0.0,0.0,0.01920207655138783
0.0,0.0837545493286028,0.0,0.00947140092491372,0.031715088492815624,0.12527424005519364,0.0,0.0,0.23769726492023457,0.0,0.11208745627823957,0.0,0.025308493930036077,0.1193727472053043,0.14587228598048405,0.0,0.00944647288417555,0.0016266027163199248,0.0,0.04837339728368008,0.0,0.0,0.0,0.026030092550228884,0.02396990744977112
0.04451980247668117,0.034047072787597686,0.007292827720656092,0.08944613940893237,0.06389561818427636,0.18684591179796226,0.04381170153889074,0.09370178804171506,0.0,0.0,0.03643913804328824,0.0,0.04001250251591423,0.030920293952315586,0.11284874491525937,0.02776165435424733,0.08845680426226347,0.0341089935564746,0.015891006443525403,0.0,0.0,0.04533017815841773,0.004669821841582274,0.0,0.0
0.0,0.0,0.0,0.0,0.011041559004023926,0.0,0.0,0.09119577654763913,0.28719195554225885,0.0,0.05183998700458103,0.15873072190149703,0.03395048530942344,0.0,0.0,0.24498829989876472,0.021061214791811833,0.046337795215672335,0.0036622047843276676,0.0,0.03726174955942527,0.0,0.012738250440574736,0.0,0.0
0.0,0.03609992598065105,0.0,0.0,0.0,0.0,6.59827778082267e-07,0.0,0.0909075268728319,0.26831957346725255,0.07266602070015707,0.13200629315132933,0.09974588222482564,0.07407808882695835,0.06585899648607779,0.012752247020282825,0.04756478544185541,0.018201797254259078,0.031798202745740925,0.0,0.0,0.0,0.03972159264384651,0.010278407356153492,0.0
0.18145873887782266,0.0,0.0,0.00047249037907481917,0.0,0.0,0.0,0.0,0.03608062167458506,0.1023237984215074,0.27966435064701006,0.0,0.028308104428361684,0.02561759517374107,0.17426751874918897,0.03650617736774096,0.035300604280967304,0.03236774974381616,0.01763225025618384,0.0,0.0,0.0,0.03580972057484683,0.0,0.01419027942515317
0.0,0.0,0.0,0.0,0.0,0.11592017128651161,0.0,0.013077636212998178,0.0,0.17904603796948496,0.07485937191353911,0.21709678261746618,0.0,0.016049665547212155,0.0,0.1996338886378065,0.08431644581498135,0.008330741697744858,0.041669258302255145,0.0,0.0,0.027922857273677073,0.0,0.02207714272632293,0.0
0.0,0.0,0.10379187580822499,0.0056233840982513605,0.03483140492130092,0.0,0.0,0.0,0.0,0.29066640087823364,0.16508693429398907,0.0,0.09620349289041785,0.01337213336172921,0.0,0.041014905665702484,0.14940946808215047,0.0,0.013565956446152841,0.03643404355384716,0.0,0.0,0.03329100396049086,0.0,0.016708996039509143
0.0,0.10076577928329755,0.06062267343929032,0.0010160771612542918,0.0,0.0,0.0,0.1408873239303263,0.0,0.0,0.02569836858952873,0.2710097775963029,0.03387378754917237,0.0,0.0,0.024593941617906512,0.2415322708329211,0.012153397785646933,0.0,0.03784660221435307,0.0,0.0,0.028182193895623563,0.0,0.02181780610437644
0.0,0.02894424450496304,0.0,0.2170509332839783,0.0,0.0,0.048914462644210496,0.0,0.0,0.061386725778898484,0.22826797755739817,0.015435656230551542,3.009352110222574e-05,0.02686765657197264,0.14159054318031192,0.0,0.1315117067266132,0.0,0.019228682327645647,0.030771317672354356,0.03155637388273271,0.0,0.01844362611726729,0.0,0.0
0.11932022218580285,0.0,0.08800447907574663,0.0,0.052549988947814666,0.2599223963041424,0.07121524070675692,0.0,0.008987672779736555,0.0,0.0,0.0,0.0,0.0,0.259233989113171,0.012741757634569306,0.028024253252259667,0.0,0.03469445453996972,0.015305545460030281,0.037876468009949094,0.0,0.0,0.0,0.01212353199005091
0.0,0.0,0.0,0.03404595443752982,0.0,0.2639023585935168,0.0423663522984595,1.0365051991700902e-05,0.0,0.025000722555595215,0.2346742470629069,0.0,0.09160955740170437,0.0,0.1313354445404921,0.012543780062362397,0.06451121799544117,0.007427995149656162,0.0,0.04257200485034384,0.028115412514028958,0.021884587485971045,0.0,0.0,0.0
0.0,0.030147342491571014,0.0815459419312439,0.0,0.0,0.0029596664498515723,0.02523431329846801,0.0,0.1798914313340779,0.21407352545726177,0.06614777903752576,0.0,0.05822334483276798,0.028094826589062646,0.036838979541170186,0.0072052944248212625,0.16963755461217792,0.02633908093467435,0.0,0.023660919065325654,0.02091886145823426,0.0,0.0,0.029081138541765743,0.0
0.02783602588084199,0.09161062894809846,0.0,0.09864844670209247,0.04440634872784075,0.0,0.09671892172867574,0.0,0.0,0.13898034528212475,0.008338035384200526,0.09346124734612524,0.10426219477798063,0.0,0.033676081676099145,0.009471781669289914,0.1525899418766303,0.0,0.04069164220565474,0.00930835779434526,0.0,0.048387040078462513,0.0016129599215374893,0.0,0.0
0.0,0.009046967779330561,0.0,0.0,0.06874492631733659,0.0,0.054545325980750015,0.10761312481002905,0.2950667898938429,0.0,0.0,0.06498286521871093,0.059064738759467585,0.19154836170041672,0.013642413651454077,0.0,0.03574448588866157,0.0,0.03883436169244065,0.011165638307559352,0.0,0.029237930916450067,0.020762069083549935,0.0,0.0
0.26163153325590915,0.0,0.0,0.0,0.0,0.05205726056913332,0.0,0.21411299947010531,0.02066189583651934,0.05153631086833289,0.0,0.0,0.0,0.16840953082999874,0.12670480070966259,0.0,0.004885668460338666,0.0,0.0332690371389467,0.0167309628610533,0.0,0.033130143610316645,0.016869856389683358,0.0,0.0
0.09373956781215323,0.20422680932686094,0.0,0.0,0.0,0.05717568496986854,0.0,0.0,0.01428928588284717,0.0,0.23056865200827,0.0,0.0,0.009045727518036228,0.1154025480063112,0.17555172447565257,0.0,0.0,0.049646178210839935,0.00035382178916006785,0.0,0.015396120172190261,0.0,0.03460387982780974,0.0
0.0,0.0,0.029631882007467414,0.23858737333056598,0.021847587494365883,0.0,0.21568615692534107,0.0,0.0,0.0366138645211164,0.0,0.05763313572114326,0.15315266934038796,0.04800692585244529,0.09181263591345229,0.0,0.007027768893714426,0.03553906901731965,0.0,0.01446093098268035,0.0021311192047802074,0.047868880795219795,0.0,0.0,0.0
0.08720040396393708,0.0,0.0,0.0,0.19755661559257265,0.027640116905159485,0.09758389670419548,0.0823116472242271,0.0,0.0,0.08489459621348888,0.022812723396419265,0.26725522525290984,0.0,0.0003987279563424373,0.0,0.0323460467907477,0.016483145328555562,0.0,0.03351685467144444,0.04181240290127604,0.0,0.0,0.0,0.008187597098723964
0.0686443065920169,0.0,0.0,0.0,0.11750765788651038,0.06367410737744958,0.20724621534443932,0.0,0.0,0.0,0.017500773439608985,0.12542693935997482,0.10021257666008171,0.0005217805401646625,0.19926564279975365,0.0,0.0,0.04298825250334862,0.0,0.007011747496651385,0.0,0.0319386348370676,0.0,0.0180613651629324,0.0
0.0,0.026904320147205108,0.004772527623861267,0.09440571370952588,0.0,0.22197135652923985,0.0,0.14848081185467668,0.0,0.0,0.10346527013549117,0.0,0.012471176405000284,0.028048932642220102,0.17541607416156244,0.0,0.08406381679121719,0.0,0.0217046262562441,0.028295373743755903,0.0,0.033978294219071614,0.0,0.0,0.01602170578092839
0.0,0.13958529544686502,0.06897642593072507,0.1687348783017342,0.0,0.0,0.0,0.049594197883698926,0.10656712229418056,0.055631970592577025,0.0,0.010910109550219205,0.0285315455068897,0.016277136277270843,0.03903187400997543,0.06649481302941257,0.14966463117645146,0.006461885698289267,0.043538114301710736,0.0,0.0,0.006093217709502469,0.043906782290497534,0.0,0.0
0.0010817721243381317,0.0,0.0,0.02647063996561949,0.0,0.07071122496240566,0.16882959291899668,0.0,0.0,0.0,0.18970988315269754,0.14319688687594248,0.1614787365036794,0.0,0.02524920980824406,0.0009802332294162608,0.11229182045866024,0.005969504852537472,0.04403049514746253,0.0,0.017173091542641183,0.0,0.0,0.03282690845735882,0.0
0.06155265446356758,0.0,0.11587638534433872,0.0,0.13807275305879424,0.0,0.0,0.0,0.27005708830972636,0.0,0.01444111882357313,0.0,0.10881296020623948,0.15897027756537466,0.003940977557196634,0.0,0.028275784671189182,0.030591541856950455,0.019408458143049548,0.0,0.02003469095434054,0.0,0.02996530904565946,0.0,0.0
0.0,0.0,0.051239984680947516,0.1513865896418279,0.10904232082889381,0.025467336269305182,0.0,0.05955589346323986,0.0,0.16133579225908082,0.015751472435980296,0.02622061042072459,0.0,0.0015996796899461208,0.0,0.027684407003878007,0.27071591330617584,0.0002721323043277171,0.049727867695672286,0.0,0.0,0.02177968990634093,0.028220310093659072,0.0,0.0
0.06715344540073762,0.10746782185597395,0.0,0.0,0.0,0.0,0.07360218011410652,0.024875570013991655,0.05134583331323084,0.0,0.044350527447981916,0.23120462185397736,0.09295615298294838,0.033782503768691546,0.02770087689062031,0.03672011232313216,0.10884035403460762,0.04197889709151391,0.008021102908486094,0.0,0.005439525401380117,0.0,0.044560474598619886,0.0,0.0
0.05711082080222928,0.1316508510890576,0.0,0.11683231912112263,0.0,0.0006902601130217567,0.02510762916410263,0.0,0.0,0.0,0.17186612188825467,0.09674199782221149,0.0,0.00561001980003778,0.05732991984010772,0.20234763873282396,0.03471242162703053,0.046095156801728716,0.0039048431982712864,0.0,0.0,0.0,0.0,0.0250293495197109,0.024970650480289104
0.1696978238247241,0.0666670306569242,0.0,0.0,0.18285356784580825,0.0,0.0,0.0,0.0031161415777490875,0.0,0.1776654360947944,0.0,0.009819575035975137,0.04389718247280638,0.1924861186614511,0.053797123829767375,0.0,0.009172993759006112,0.0,0.04082700624099389,0.0,0.0,0.0328112811624174,0.017188718837582606,0.0
0.0,0.04313110587208997,0.0,0.0027971163357284334,0.0,0.10131069483588179,0.09576056669057126,0.0,0.03298984590987636,0.0,0.13924142156295868,0.1847692487928934,0.03344879891239965,0.08959397164676405,0.004496910132810283,0.0,0.17246031930802602,0.015030860240920076,0.0,0.03496913975907993,0.0007796697860711702,0.0,0.0,0.0,0.04922033021392883
5.8544058923248876e-05,0.041867765051054995,0.0,0.0,0.0,0.24916576163478832,0.0,0.0,0.0,0.0,0.08451770859609206,0.22439022065914135,0.0,0.18673331549450764,0.09480685088304228,0.018459833622450073,0.0,0.0017489231141943617,0.04825107688580564,0.0,0.025925747618858838,0.0,0.024074252381141165,0.0,0.0
0.09332774807654495,0.0,0.0,0.0,0.0,0.00237773990250445,0.20512013643180993,0.0,0.2991743755891406,0.0,0.0,0.0,0.0,0.26860205297023704,0.0,0.0005437078237231496,0.030854239206039823,0.0,0.0477368472224801,0.0022631527775199,0.0,0.0,0.0,0.0257229547878276,0.024277045212172402
0.14480809607093661,0.1774725253896176,0.10200110778197605,0.0,0.0,0.0,0.03990127948285734,0.002503834081297951,0.0,0.0,0.13331315719331432,0.0,0.016434403650104235,0.0,0.027016368619537778,0.04616314512544492,0.21038608260491307,0.02690839423670641,0.023091605763293593,0.0,0.0,0.0,0.0,0.007131867952104312,0.04286813204789569
0.0011221139996909768,0.2646070609555225,0.0,0.06356241180848132,0.0,0.0,0.0,0.0,0.24402042803756183,0.026687985198743387,0.0,0.0,0.0978629685600641,0.01855598372033246,0.0,0.0,0.1835810477196034,0.0,0.04073775891468686,0.009262241085313143,0.0,0.02292531055511134,0.027074689444888663,0.0,0.0
0.10784376343829746,0.031227337533663732,0.00037477705528665695,0.1885435116856472,0.0,0.10935786589272264,0.0,0.0,0.06947103052847686,0.0,0.0,0.09318171386590549,0.1970770348489166,0.0,0.05916551278872696,0.0013956678556159008,0.04236178450674055,0.003396834719125656,0.04660316528087435,0.0,0.0,0.0,0.011809884166004661,0.03819011583399534,0.0
0.05773038913705794,0.0,0.0,0.0,0.0,0.026402048969919115,0.09157723146373045,0.19516309862047573,0.0,0.0,0.012868760156748982,0.21625847165206766,0.051099824029936465,0.0021759320357853107,0.07366865381063692,0.17305559012364127,0.0,0.037415517225588966,0.0,0.012584482774411036,0.0,0.0,0.0,0.010594468892342918,0.039405531107657085
0.22990816514181225,0.0,0.00011024138583426435,0.0,0.0,0.15205800109153697,0.0,0.0,0.02547013565208717,0.0378368080125587,0.15461664871617048,0.0,0.0019071892841391325,0.1952072370587692,0.07447929570226508,0.028406277954826597,0.0,0.018866098139786822,0.0,0.03113390186021318,0.0,0.0,0.0,0.036271535443930095,0.013728464556069908
0.02309036450616153,0.0,0.0,0.0,0.1463908962739609,0.23688711795116937,0.0,0.0,0.0,0.0,0.0,0.19363162126870817,0.22623785984333739,0.0,0.03034755357975865,0.0016426382425129837,0.04177194833439097,0.002348338045388483,0.04765166195461152,0.0,0.0,0.0,0.0,0.030968276367356194,0.01903172363264381
0.10639163137380964,0.030259767102942342,0.0,0.0046342654751018175,0.07497394488522736,0.0,0.0,0.2699112928932754,0.0,0.11382909826964338,0.0,0.0,0.0,0.008660860277912963,0.0,0.19118234909508114,0.10015679062700591,0.031418223888613976,0.0,0.018581776111386027,0.0,0.0,0.011433193607074482,0.03856680639292552,0.0
0.0,0.0,0.030685815258882563,0.15950292657163012,0.011647249719964448,0.05765628867747215,0.0,0.13890985180099835,0.0,0.0,0.20159786797105236,0.0,0.0007171611668143063,0.02669524691307186,0.2230132195584135,0.0,0.04957437236170037,0.019315162293054605,0.030684837706945398,0.0,0.025757975699070318,0.0,0.0,0.0,0.024242024300929685
0.0,0.0,0.2256149962273,0.0,0.2475174748638414,0.0,0.03819706487107949,0.0,0.013379534835829099,0.07529092920195005,0.0,0.0,0.1065139231105593,0.0022143184941058602,0.19127175839533486,0.0,0.0,0.0,0.04833904421413013,0.0016609557858698748,0.03348584463253785,0.0,0.0,0.0,0.016514155367462154
0.0,0.0,0.0,0.0634999545419592,0.0,0.2994776335814796,0.0,0.011557362153543083,0.0,0.0,0.22546504972301806,0.0,0.0,0.24392358991463872,0.004702612761812774,0.0,0.05137379732354849,0.006678728937753731,0.04332127106224627,0.0,0.01624443970472403,0.0,0.033755560295275974,0.0,0.0
0.0,0.0,0.20605184887684502,0.0,0.0,0.0,0.12959103395591293,0.10260166231428586,0.03696724061943299,0.002499144820797272,0.12228906941272585,0.0,0.026797896447502016,0.08045721796433777,0.13603312375562499,0.014679253612824239,0.04203250821971097,0.0,0.002726987826098974,0.04727301217390103,0.0486696771865151,0.0,0.0013303228134848993,0.0,0.0
0.0,0.16195007960690758,0.0009819387336210683,0.29628791899165585,0.0,0.0,0.11506679136990541,0.0,0.0,0.0,0.025713271297910123,0.0,0.06577276978659252,0.03242895542691838,0.13251324453935798,0.0011435862732890878,0.06814144397384206,0.0,0.02328718154536568,0.026712818454634323,0.0,0.025411261737212188,0.0,0.0,0.024588738262787815
0.04807508992738539,0.24486980242143902,0.0,0.25325516957815336,0.0,0.0,0.0,0.03910398736652551,0.014695950706496652,0.0,0.0,0.0,0.0,0.21968286356257696,0.0009074946181362731,0.05240276235349849,0.027006879465788284,0.027490165423776934,0.0,0.02250983457622307,0.0,0.0,0.04074766036343572,0.0,0.009252339636564286
0.0,0.0,0.0680610865527998,0.0,0.0,0.0,0.017528378606504247,0.0,0.0,0.22068927021640822,0.0,0.2937212646242878,0.014011288342402728,0.05143609057626733,0.0,0.0,0.23455262108132993,0.0,0.04621770255327515,0.0037822974467248555,0.004963185379210297,0.0,0.0,0.045036814620789706,0.0
0.01282525448057703,0.10471978209654673,0.029986856975337164,0.0,0.0,0.0,0.0,0.21290628724196753,0.03642476917528241,0.0,0.0,0.2031370500302891,0.0,0.002569060080665153,0.025435252770014852,0.27199568714932,0.0,0.0,0.04626706166677218,0.0037329383332278254,0.0,0.04542804816630512,0.004571951833694882,0.0,0.0
0.05006589778236863,0.0,0.0,0.07829634745996913,0.04830483950368593,0.0,0.0,0.22115700066872288,0.05674470564598125,0.0,0.004394270944042988,0.14103693799522918,0.029780056487437707,0.14071649679030282,0.08993300695598952,0.035584439769242665,0.003985999997027312,0.0,0.04495998239718772,0.00504001760281228,0.028764948972729618,0.021235051027270385,0.0,0.0,0.0
0.0,0.0,0.18740770537587964,0.2881433610611047,0.009878838180374938,0.04902474663012109,0.0,0.0,0.0,0.06554534875251958,0.0,0.0,0.01566268974599222,0.12106486008484857,0.05586759169013955,0.10740485847901965,0.0,0.04289809476485521,0.007101905235144791,0.0,0.035256506614048895,0.0,0.0,0.0,0.014743493385951108
0.0,0.001983489635764557,0.0321082525086796,0.05006003125153524,0.0,0.0,0.17344326642636124,0.0,0.044292801020281325,0.0,0.2708145941365343,0.027297565020843795,0.08922203044891719,1.6344995796169215e-05,0.1052687219808357,0.04666819391846254,0.05882470865598838,0.015056183446865802,0.0,0.0349438165531342,0.0,0.0,0.0001943195583419266,0.0,0.049805680441658076
0.015177715305705108,0.14847744199454094,0.02518284017133484,0.0,0.13484576643202426,0.0,0.23437594810685422,0.04194028798954057,0.0,0.0,0.0,0.0,0.06354785309415979,0.0,0.1470817081507308,0.08209389569780595,0.007276543057303464,0.04036872736063246,0.0,0.009631272639367541,0.0,0.0,0.024629734951038332,0.02537026504896167,0.0
0.040926709972732137,0.09563625642856491,0.0,0.001935760509396145,0.026074624869395366,0.0,0.22010446785412846,0.0,0.0,0.07609768948451401,0.13922449088126898,0.0,0.031438501030523834,0.035135397138713775,0.002687300723752284,0.13146733497690577,0.09927146613010437,0.028988654497356298,0.0,0.021011345502643705,0.03660869001014337,0.013391309989856631,0.0,0.0,0.0
0.0,0.0357382943934208,0.0,0.24791965383342984,0.0,0.0,0.0,0.008025649648774391,0.23612592699373947,0.0,0.07219047513063542,0.0,0.01108787914307191,0.02555308159406709,0.02523591392928337,0.14381164992634116,0.09431147540723647,0.0,0.019236292995201645,0.030763707004798357,0.0,0.03990108922597606,0.0,0.0,0.010098910774023945
0.16293920294838787,0.0,0.0,0.0,0.005974460375525514,0.2721771400697657,0.0,0.15890919660632086,0.0,0.0,0.0,0.0,0.041270729407542436,0.08453649962083501,0.00021863366169977416,0.14593055943804975,0.02804357787187301,0.016740710032730734,0.03325928996726927,0.0,0.0,0.0,0.02153556191161833,0.0,0.02846443808838167
0.0,0.032313987060359865,0.0,0.0,0.03662829500602935,0.2282524252619543,0.29694062772397445,0.0,0.005864664947682008,0.0,0.0,0.0,0.006120013305271399,0.0,0.0627299015795956,0.16608563869947895,0.06506444641565402,0.0,0.004081027156213259,0.045918972843786744,0.0,0.021875434558134357,0.028124565441865645,0.0,0.0
0.09171770453471728,0.0,0.0,0.19608674386969663,0.0,0.0,0.10784007249147609,0.20252066116510092,0.0,0.0,0.0018348179390090813,0.0,0.0,0.0,0.024203832180041907,0.15849317115505535,0.11730299666490276,0.0024492668967296405,0.04755073310327036,0.0,0.0,0.02339210659459911,0.0,0.026607893405400894,0.0
0.0612283447383823,0.02519215595278975,0.16583578156541462,0.2751378640469997,0.0,0.0,0.06360643093020654,0.0,0.008999422766207021,0.0,0.0,0.0,0.02408834770993251,0.2759116522900675,0.0,0.0,0.0,0.028945853432673627,0.021054146567326376,0.0,0.023697881548295833,0.0,0.0,0.0,0.02630211845170417
0.13079646568771955,0.005030314852268458,0.0270284370620478,0.1905692037525166,0.0,0.0,0.02951045336438432,0.0,0.1902201349075747,0.0,0.026844990373488586,0.0,0.014831440872984825,0.0,0.045295715459179424,0.18298411173271756,0.056888731935118196,0.009738442974847675,0.0,0.04026155702515233,0.0,0.0,0.0,0.0338392860501317,0.016160713949868302
0.0,0.043283323076007935,0.0,0.15643345602130482,0.010948772904999293,0.0,0.0,0.058918369776109425,0.0,0.10216994289621836,0.2282461353253602,0.0,0.0,0.0,0.03205456661444758,0.0034568868748139914,0.26448854651073844,0.0028912671277829677,0.047108732872217035,0.0,0.023388471533949375,0.0,0.0,0.0,0.026611528466050628
0.013667600777127364,0.2642439683364916,0.2446082233592089,0.03477181678168378,0.0,0.0,0.0,0.0,0.0,0.04270839074548842,0.0,0.0,0.10374960968848285,0.010471255406292346,0.0,0.09837465725537231,0.08740447764985249,0.008321440775206732,0.04167855922479327,0.0,0.0,0.0,0.017698830465899706,0.0,0.032301169534100296
0.0029686201853462713,0.11666784296598426,0.0,0.15215322667530207,0.02507672559086647,0.0,0.026564920336970547,0.0,0.0,0.0,0.16367286620526567,0.11289579804026467,0.038017151851381825,0.22913123736037447,0.00033288795378749736,0.0,0.03251872283445615,0.020638015644635684,0.02936198435536432,0.0,0.038048582812900744,0.0,0.0,0.011951417187099259,0.0
0.0,0.12291555597739684,0.05371820185233615,0.12059529481604495,0.0,0.04393948822559675,0.2574911039459882,0.0,0.0,0.0,0.0013403551826370874,0.0,0.0,0.01711527739041735,0.0,0.0,0.28288472260958264,0.03318410755243188,0.01681589244756812,0.0,0.0,0.011266785813631358,0.0,0.038733214186368645,0.0
0.0,0.0,0.08252359704830509,0.0,0.0,0.02565782043390774,0.2148247984171722,0.18067882936345886,0.0,0.0866370925222639,0.0,0.009677862214892197,0.003564603727651161,0.057621025737174876,0.0,0.21262206679111256,0.026192303744061406,0.04731763709788003,0.0,0.0026823629021199696,0.0,0.0,0.0,0.0023537449484666156,0.04764625505153339
0.0,0.0,0.0,0.20282211081927737,0.0,0.1713625125753095,0.0,0.0,0.0,0.18471174877724061,0.005191956241271001,0.035911671586901575,0.011842293068320353,0.0,0.0,0.0,0.28815770693167964,0.04131235733622325,0.0,0.008687642663776751,0.036365845708138424,0.013634154291861579,0.0,0.0,0.0
0.0,0.0,0.0,0.0,0.0,0.04685898447281506,0.2817759370243162,0.054088542865738,0.0,0.0,0.21097034104513876,0.006306194591991887,0.009156976364175173,0.0,0.0,0.02977250725621,0.2610705163796148,0.0013380933999575795,0.0,0.04866190660004242,0.0,0.01852507217230226,0.03147492782769774,0.0,0.0
2.5956406548011124e-05,0.0,0.0,0.0,0.2923680087637839,0.0,0.06477352389854843,0.0,0.16836344564814754,0.02886096705863379,0.04560809822433834,0.0,0.14307905810919125,0.006109418326368576,0.061979548859168676,0.0,0.08883197470527149,0.0,0.014439358106503895,0.03556064189349611,0.04024524111126131,0.009754758888738696,0.0,0.0,0.0
0.0,0.1705661083140518,0.0032102514495304657,0.22813335694930953,0.0,0.06839842205495475,0.05505941715250785,0.026018343717466596,0.04861410036217906,0.0,0.0,0.0,0.07883063218807526,0.00637400625178991,0.057977591365498723,0.0838278547778762,0.07298991541675987,0.0038171976400187962,0.046182802359981207,0.0,0.01815371683635117,0.0,0.0,0.031846283163648834,0.0
0.2585505288279854,0.0,0.26174298645394467,0.0,0.0,0.007142272344918932,0.0,0.0,0.07256421237315089,0.0,0.0,0.0,0.24746703087096564,0.0,0.035352011322254996,0.0,0.017180957806779362,0.0,0.02269469434797326,0.027305305652026744,0.0,0.034406077974853254,0.0,0.015593922025146749,0.0
0.05307473986521516,0.0,0.031084652266219457,0.0,0.15186989567828876,0.0,0.2793852374368855,0.05152626046321011,0.0,0.03217784934586231,0.0,0.0008813649443186744,0.0,0.20093815099548323,0.028863812553066172,0.02008292542435508,0.05011511102709551,0.024907266461296252,0.0,0.02509273353870375,0.0,0.0,0.0,0.03676074310998183,0.013239256890018175
0.0,0.06138840192354531,0.04153544635869146,0.0,0.027704429367470754,0.026466646199084447,0.0,0.013539891564933737,0.23263738285296345,0.03208967669769917,0.16463812503561165,0.0,0.19089219704876262,0.0,0.0,0.005315067447493493,0.1037927355037439,0.0,0.0334048417110156,0.016595158288984405,0.0022592955245411203,0.0,0.0,0.0,0.04774070447545888
0.03411807314425597,0.23336433237653398,0.0,0.0,0.0,0.0,0.2562547060516976,0.0009464806248524749,0.07531640780265997,0.0,0.0,0.0,0.04962564986624649,0.03909193144698213,0.02254903500324351,0.12424829705422169,0.06448508662930613,0.040346663403106685,0.0,0.009653336596893318,0.0,0.0,0.004607089623835735,0.0,0.04539291037616427
0.0,0.11962355818014878,0.0,0.06489879756150337,0.0,0.04341287041017012,0.0,0.037341078393442424,0.05692147411276641,0.12285878641302064,0.1458198127458135,0.009123622183134672,0.07857831006223115,0.00652583880964841,0.027100336633757903,0.02661790692125497,0.1611776075731076,0.0,0.04801581268716764,0.0019841873128323625,0.0,0.04369098927936507,0.0063090107206349305,0.0,0.0
0.13926399125659447,0.0,0.19091023240749092,0.0,0.034340228414971044,0.010553962235609116,0.10849933578557686,0.0,0.03754172935884002,0.0,0.0,0.07889052054091752,0.22251498353181404,0.06612571671806103,0.011359299750124896,0.0,0.0,0.0,0.028001535806328207,0.021998464193671796,0.0,0.0,0.0,0.036926455743432146,0.013073544256567857
0.0,0.0,0.0,0.0,0.01637395403306685,0.20676155499252286,0.0,0.0,0.07726256921884195,0.2996019217555683,0.0,0.0,0.03700161079338729,0.0,0.2539985134407861,0.00899987576582656,0.0,0.0047762153210352265,0.0,0.045223784678964776,0.02046857340493987,0.029531426595060133,0.0,0.0,0.0
0.0,0.11778964026109087,0.0,0.006379291174553936,0.0,0.08417741898879462,0.0,0.0,0.0,0.0,0.2955564318731553,0.09609721770240523,0.020297204975744332,0.0,0.0,0.0,0.27970279502425566,0.00236893810941078,0.04763106189058922,0.0,0.0,0.0,0.0,0.007108521753145303,0.0428914782468547
0.0,0.0019074299577739318,0.02587358650541351,0.032222200328431205,0.053715801721961304,0.0,0.0,0.14184763055822439,0.17563127278644342,0.09511866402215849,0.0,0.07368341411959375,0.01035313198357174,0.0,0.0354349997841698,0.026922141154803732,0.2272897270774547,0.018422212796760755,0.03157778720323925,0.0,0.0,0.0,0.033840407953819415,0.016159592046180588,0.0
0.1293026670602284,0.106286565822692,0.035876364133960226,0.0,0.0,0.0,0.036271967008499995,0.0006424644781894973,0.0,0.08189024136877276,0.18322888086387773,0.026500849263779405,0.13599929840484973,0.028617348558402513,0.1348075435246158,0.0005758095121319307,0.0,0.020090567503961678,0.029909432496038325,0.0,0.0,0.0,0.01624651733019499,0.0,0.03375348266980501
0.0,0.02514875827578961,0.0,0.0,0.0,0.0,0.0,0.22475004480476207,0.2425524152804769,0.009111960674398123,0.0,0.09843682096457315,0.023628233221272332,0.04593840041619517,0.04479588132141523,0.09640745824882116,0.08923002679229608,0.01163493390520929,0.03836506609479071,0.0,0.0,0.006680285866492691,0.0,0.0,0.04331971413350731
0.19525192595578952,0.0,0.0,0.0,0.015461753967906833,0.0,0.0,0.09664228268708835,0.0,0.17068364256703208,0.1219603948221831,0.0,0.018793036063561586,0.0,0.07894662258549248,0.10106380271949453,0.10119653863145137,0.019071921351513976,0.0,0.030928078648486027,0.0,0.0,0.024496269073497293,0.02550373092650271,0.0
0.10445110516628789,0.03985659453513619,0.0,0.19729486858489392,0.0,0.0,0.0,0.10129636481306697,0.0,0.0,0.018096539641673903,0.13900452725894105,0.0,0.09405029783849475,0.0,0.016696728965675256,0.18925297319582995,0.011417594490401625,0.0,0.03858240550959838,0.035158776424917874,0.0,0.0,0.014841223575082128,0.0
0.19430058638731124,0.024709726548356126,0.0,0.10214300815879943,0.12383933883147963,0.0,0.0,0.0,0.0,0.0,0.15500734007405348,0.0,0.02812103499093175,0.03153543427830043,0.06954509405891847,0.05390129497888756,0.11689714169296175,0.0,0.04230496407381892,0.007695035926181086,0.0,0.001862235468744547,0.0,0.0,0.048137764531255456
0.0,0.0,0.08988090552414424,0.0,0.038744659656691806,0.0,0.0,0.0014311897730600043,0.0,0.1241634205762864,0.2696040836253117,0.07617574084450593,0.0,0.0,0.1808988496947267,0.10185746829729334,0.017243682007979932,0.04477147807582967,0.00522852192417033,0.0,0.0,0.0,0.0,0.04365209692212177,0.006347903077878234
0.0,0.05108066192846078,0.0,0.18024963722812534,0.21076004365781503,0.0019241484985113022,0.0,0.04977794652303656,0.0,0.03523380297304042,0.0,0.07097375919101062,0.001982986683440824,0.027569829386183214,0.03003433201096413,0.03465967023946329,0.20575318167994847,0.03301990265108974,0.0,0.01698009734891026,0.045418341719405925,0.0,0.0,0.004581658280594078,0.0
0.0,0.06860382690077999,0.03646605188630337,0.2803156515023304,0.0,0.0013843726064023398,0.0,0.15791531716389723,0.025015041134219058,0.030299738806067542,0.0,0.0,0.11826987343815759,0.06472369590862329,0.003078610537833537,0.034965657497124936,0.0789621626182606,0.014173581485518318,0.0,0.035826418514481685,0.027140157390458695,0.0,0.022859842609541308,0.0,0.0
0.0,0.0,0.169697978761305,0.023869017016985516,0.037741590240836696,0.0,0.19350703376355108,0.0,0.1262238820005053,0.0,0.048960498216816396,0.0,0.1961475514077104,0.040152565026219625,0.05514286098870072,0.008557022577369233,0.0,0.0,0.04145512397504031,0.008544876024959694,0.030828782031817832,0.0,0.01917121796818217,0.0,0.0
0.00697838692649877,0.0969556693889426,0.07083370205092177,0.0,0.0,0.04217262245316018,0.12609334077151357,0.08301574663686935,0.05781651606105469,0.0,0.11613401571103907,0.0,0.0,0.03271764695499566,0.018712061413618086,0.24857029163138622,0.0,0.0,0.009356372857414669,0.040643627142585334,0.0,0.007630531387350259,0.042369468612649744,0.0,0.0
0.0,0.0,0.08974195070334895,0.006284669952788091,0.10690326918516288,0.0,0.04305827506557514,0.0,0.10979430507492643,0.0,0.2147280367783715,0.029489493239826938,0.003308856683615524,0.05835877249748883,0.03418343761800072,0.16783953529222975,0.036309397908665206,0.023026207046713303,0.0,0.0269737929532867,0.0,0.0,0.028588388190157854,0.0,0.02141161180984215
0.0,0.05339242019347139,0.0,0.0,0.2256720344319611,0.12340635302021194,0.0,0.17364355883160765,0.023885633522747862,0.0,0.0,0.0,0.007554895109544879,0.029971240134131487,0.19324468431571676,0.06922918044060686,0.0,0.026967905122521806,0.023032094877478197,0.0,0.04548169600670884,0.004518303993291166,0.0,0.0,0.0
0.0,0.0,0.0,0.0,0.0,0.24501113881000547,0.05490064253167695,0.0,0.0,0.048983066919514776,0.021446084819529587,0.2296590669192732,0.037707500596901616,0.03446208063766095,0.09433473503091824,0.007367644673341334,0.12612803906117787,0.03048636719495424,0.019513632805045762,0.0,0.007687296027245209,0.042312703972754794,0.0,0.0,0.0
0.1376429955575034,0.026938333681925435,0.0,0.0,0.20529476940590907,0.0,0.0,0.027458454504086825,0.0,0.18969866773734023,0.012966779113235072,0.0,0.0,0.2504767647276691,0.016985198178309957,0.0,0.032538037094020894,0.0,0.008089864282322272,0.04191013571767773,0.0,0.0,0.0,0.045249357111328256,0.004750642888671747
0.14030064852770202,0.29606474940098115,0.0,0.09368422633226856,0.0,0.0,0.0,0.0,0.0,0.002915452626748416,0.0,0.0670349231122998,0.21927182454302038,0.03715422012557717,0.03195578401220151,0.011618171319200954,0.0,0.029137190305102357,0.020862809694897646,0.0,0.0,0.006295364624296473,0.04370463537570353,0.0,0.0
0.04310562384575203,0.0,0.0,0.0039951071376089775,0.0,0.19691180035421743,0.0,0.02611396601378511,0.02605956705901355,0.03994167495759907,0.06293527367965279,0.20093698695237103,0.0381872649075316,0.0,0.0,0.0031991122496769497,0.25861362284279144,0.009836644829645698,0.0,0.040163355170354305,0.04997296103318602,0.0,2.70389668139831e-05,0.0,0.0
0.0013766872589200396,0.0,0.0,0.04338361216113645,0.174217622502621,0.0,0.0,0.0,0.13009079063127896,0.04804597120305438,0.14049519254081427,0.06239012370217485,0.23574578762513282,0.0,0.005289001145442784,0.0,0.05896521122942436,0.0,0.033889794355132896,0.016110205644867107,0.0,0.0,0.008746850654295216,0.0,0.04125314934570479
0.0,0.0,0.0,0.0,0.0,0.001941296212622401,0.0,0.0,0.15332470024251785,0.03210434161427468,0.16916790466819134,0.24346175726239375,0.05468649275692715,0.026303553390931787,0.1734628483914849,0.0418484219647403,0.0036986834959158443,0.04528168325535919,0.0,0.0047183167446408145,0.0,0.027069272830439275,0.0,0.0,0.022930727169560728
0.05025073704760432,0.0,0.2167498008684321,0.07396280755363299,0.0,0.05238486776539479,0.0,0.0,0.18779969209254588,0.0,0.0,0.018852094672389907,0.0,0.0,0.28512686131831116,0.0,0.014873138681688824,0.04316919447135317,0.0,0.00683080552864683,0.044160217471585966,0.0058397825284140364,0.0,0.0,0.0
0.07978187419740825,0.10975888758184774,0.05274681925001874,0.0,0.1465950451697486,0.16273220128420915,0.0,1.2040163953397354e-05,0.0,0.0,0.04837313235281414,0.0,0.05648336010166246,0.029525760961161183,0.0809223863148309,0.12728210321956462,0.005786389402780867,0.0,0.002517351663160354,0.04748264833683965,0.0,0.0,0.014175246990904458,0.035824753009095545,0.0
0.026673146678968723,0.0,0.0,0.11500085831467297,0.025238466268166546,0.0,0.0,0.0,0.02773651895226409,0.00687346208028905,0.24112295405255263,0.15735459365308602,0.05858860171769182,0.060257788062018765,0.02518660340478926,0.15140076592392793,0.00456624089157226,0.0,0.023504012701288046,0.026495987298711957,0.0,0.018588716121405384,0.0,0.03141128387859462,0.0
0.0016194861722393927,0.11220938305353492,0.20852925190457888,0.06983462418672104,0.040290094817175,0.0,0.0,0.12346835928647829,0.04404880057927248,0.0,0.0,0.0,0.0,0.0845135431521129,0.019100063680805357,0.08036603158189483,0.11602036158518689,0.032524595828458625,0.0,0.017475404171541378,0.0,0.04744310126144678,0.0,0.0,0.0025568987385532205
0.0,0.0,0.0078779133782243,0.23007519491900236,0.0,0.14329628003136918,0.0,0.0,0.0,0.0,0.19292843742178237,0.02582217424962169,0.027174263216622745,0.08874131955212447,0.09324897554349154,0.0654985077377892,0.025336933949972038,0.0,0.016243298991173744,0.03375670100882626,0.028972886755232297,0.0,0.021027113244767706,0.0,0.0
0.29571700601916545,0.0,0.11229615520309877,0.0,0.014361914019781596,0.030063432084680507,0.12251844820229763,0.0,0.0,0.025043044470976064,0.0,0.0,0.0,0.29682616447182575,0.0,0.0,0.0031738355281742403,0.0370477611246083,0.012952238875391701,0.0,0.0,0.0,0.019767582733847603,0.0302324172661524,0.0
0.0,0.13350410465531523,0.13831930842634677,0.0,0.0,0.28793180768033333,0.0,0.0,0.005309935373452479,0.0,0.0,0.03493484386455213,0.13857116815686304,0.0,0.02590100408066769,0.0024871108561214106,0.13304071690634786,0.0,0.04356294964751076,0.006437050352489246,0.0,0.040669863937355034,0.0,0.009330136062644968,0.0
0.0,0.0,0.0,0.0,0.0,0.0,0.2594738431056538,0.02739805847901115,0.038157761435545355,0.2715261243631546,0.0034442126166350784,0.0,0.012968751561683034,0.0,0.0,0.12326743331146217,0.1637638151268548,0.03774334669995415,0.012256653300045856,0.0,0.003811335118972449,0.046188664881027554,0.0,0.0,0.0
0.02609410668960141,0.0,0.012907675348324599,0.0,0.0,0.2774586726124791,0.05130832236700698,0.045107689758087384,0.0,0.02739873440352194,0.1597247988209785,0.0,0.058186264309013,0.015413753390944251,0.02586798240117396,0.0714442520470453,0.1290877478518235,0.004878997804942824,0.0,0.04512100219505718,0.0,0.009589994484410669,0.0,0.0,0.040410005515589334
0.2836167598278549,0.0,0.017559097040028893,0.0,0.1588666262681951,0.13995751686392102,0.0,0.0,0.0,0.0,0.0,0.0,0.06366649461973012,0.0005559052699833367,0.02914514826450277,0.20663245184578374,0.0,0.022083400584652912,0.02791659941534709,0.0,0.0,0.0,0.0,0.018150492956648397,0.031849507043351606
0.1313662453653885,0.044952893115937594,0.0,0.0977274031475514,0.2226487216665974,0.028241966485317332,0.04608161261582809,0.0,0.0,0.0,0.028495266422764873,0.00048589118061470593,0.020427087527094157,0.0,0.20781178437777312,0.0,0.07176112809513269,0.034245788336231715,0.0,0.015754211663768287,0.03110444013429173,0.0,0.0,0.0,0.01889555986570827
0.0,0.029136733033962685,0.0,0.0,0.0,0.0,0.004773576292178561,0.025795302630696657,0.0,0.2406423182964157,0.0,0.2996520697467464,0.021681281769745986,0.14552489325211898,0.0615761748697235,0.0,0.07121765010841151,0.0,0.0292212539782989,0.020778746021701103,0.043430412545178924,0.0,0.006569587454821078,0.0,0.0
0.0,0.0,0.0,0.1803768905737296,0.032057803756085974,0.005706931173542484,0.0,0.0,0.028399505646547297,0.24872250197924906,0.10473636687084562,0.0,0.0,0.2413401889089884,0.0,0.0003037816299931717,0.05835602946101843,0.030805518052603294,0.0,0.01919448194739671,0.0,0.016687482286531496,0.0,0.0,0.033312517713468506
0.0,0.0017428243683823563,0.05865590927907777,0.0,0.1587564530174702,0.28745253411393845,0.027067852392872887,0.0,0.0,0.06632442682825819,0.0,0.0,0.21495810624570721,0.02787348442320849,0.047943707530043775,0.0,0.009224701801040514,0.014168155322168932,0.0,0.03583184467783107,0.005857473991880885,0.04414252600811912,0.0,0.0,0.0
0.29523693909232335,0.0,0.0,0.2316551511159821,0.0,0.04218717104443099,0.0,0.002311867807110235,0.0,0.0,0.0,0.028608870940153318,0.0,0.22233140125884177,0.0031724914368331247,0.07449610730432511,0.0,0.012974694490945814,0.0,0.03702530550905419,0.0,0.0,0.02800394608443001,0.0,0.021996053915569993
0.0,0.0,0.0,0.0,0.0,0.0,0.0,0.0,0.2377461046913972,0.07652571515632037,0.27567659847173764,0.010051581680544763,0.23565430766030332,0.027592884370598127,0.0,0.03661581787176707,0.0001369900973314242,0.010495372848584567,0.039504627151415436,0.0,0.0008909677998004614,0.0,0.0,0.0,0.04910903220019954
0.11022421169633562,0.0,0.0,0.1370691469365909,0.0,0.07999822543254076,0.0650498251753864,0.02879751071380249,0.0,0.0062573175334753595,0.04699486944597478,0.12560889306589362,0.01434055854425792,0.1073501904782608,0.07349318045534989,0.07929279303030451,0.02552327749182685,0.0,0.034566354354901116,0.015433645645098887,0.0,0.016075157000433674,0.03392484299956633,0.0,0.0
0.1297423926241017,0.0,0.0,0.0,0.06529310367362345,0.00983010571450571,0.25404892038147864,0.0,0.0,0.14108547760629045,0.0,0.0,0.15375583580672497,0.0,0.016950155869446815,0.037588511093291165,0.09170549723053703,0.003993989460333559,0.0,0.04600601053966644,0.013499914804879241,0.0,0.0,0.03650008519512076,0.0
0.0,0.0,0.0,0.0,0.2646793026268019,0.049631610762896676,0.15963529095028361,0.11048641623959529,0.0,0.0,0.0,0.015567379420422522,0.055027156529625,0.010764109070622196,0.0,0.20899338243837207,0.02521535196138076,0.001459621272571314,0.04854037872742869,0.0,0.0,0.0,0.03712743503590254,0.012872564964097465,0.0
0.0,0.0,0.053303224483683895,0.031853330816036814,0.0028229182547251375,0.10207473965085281,0.24991609465343306,0.0,0.0,0.0,0.06034606898092871,0.09968362316033955,0.0,0.0,0.02391040379475534,0.2075585789605968,0.06853101724464784,0.003252643195040851,0.0,0.04674735680495915,0.0,0.02799235397337908,0.022007646026620923,0.0,0.0
0.0,0.0,0.0,0.08073418561548645,0.00219462251557645,0.2719415575964798,0.1510685142636118,0.02637259556321422,0.06768852444563114,0.0,0.0,0.0,0.0338733625862922,0.00020080940787214896,0.0454946461894945,0.2204311818163411,0.0,0.03216207010167173,0.0,0.017837929898328275,0.0,0.0,0.0,0.04508308854705094,0.004916911452949063
0.14022375706794074,0.0,0.0,0.11617716118050053,0.1572775084287575,0.0,0.09112893675506523,0.0,0.00360230805537598,0.0,0.0,0.09159032851235999,0.026976845939561164,0.06139462237100695,0.06530128827957726,0.03568293701626568,0.11064430639358891,0.029841756597232268,0.0,0.020158243402767735,0.0,0.014075823920477862,0.03592417607952214,0.0,0.0
0.01271725406944113,0.0,0.0,0.027121633316615105,0.027048882340236148,0.06172964850417836,0.11673032837036906,0.10136584892856298,0.0,0.0,0.1527874126749581,0.10049899179563901,0.04926691686570999,0.12368009199181548,0.08590792398722245,0.0318757090113289,0.009269358143923156,0.04270331816003642,0.0,0.007296681839963584,0.008737976168158607,0.0,0.041262023831841396,0.0,0.0
0.1846319445714923,0.18835713407518093,0.18321858513300154,0.0,0.0031087359233540335,0.040683600296971184,0.0,0.0,0.0,0.0,0.0,0.0,0.02552797758835812,0.034337333957920935,0.05843140398486449,0.10410693638162577,0.07759634808723065,0.0,0.040956961248340154,0.009043038751659849,0.0,0.0,0.0027266394766657445,0.04727336052333426,0.0
0.0,0.0,0.02351342108582455,0.0,0.19054047196964324,0.02903825916698253,0.1548608261542526,0.0,0.0,0.0,0.20204702162329707,0.0,0.0024364469103281827,0.02502054473789478,0.037871690827097966,0.11242539942444896,0.12224591810023008,0.043539705540136184,0.006460294459863819,0.0,0.04921237241974929,0.0,0.0,0.0007876275802507146,0.0
0.2475383929240431,0.0,0.029530858405095485,0.0,0.0,0.0,0.0,0.0,0.008096523600926386,0.06170871289893563,0.25312551217099943,0.0,0.12848448927807665,0.0,0.028991821460288978,0.14236673076309092,0.0001569584985434136,0.010017904908847054,0.0,0.03998209509115295,0.022235721538982872,0.0,0.0,0.0,0.02776427846101713
0.2873176899183078,0.04437312259733735,0.0,0.2380653952889696,0.0,0.0029565185582354214,0.0,0.0,0.02728727363714973,0.0,0.0,0.0,0.0436382391131419,0.1723516501612899,0.02500303313295454,0.058689665539714705,0.0003174120528989244,0.0,0.01971692213196758,0.030283077868032422,0.04834517643661942,0.001654823563380585,0.0,0.0,0.0
0.0,0.0,0.0,0.0963883502416048,0.25264549222487426,0.0027005651148629406,0.0,0.0,0.031039550700004713,0.0,0.0,0.21722604171865317,0.1544552938504309,0.016538642447127105,0.03091773718478977,0.06705482603420818,0.03103350048344403,0.033345899557297186,0.016654100442702817,0.0,0.03232504227814844,0.017674957721851563,0.0,0.0,0.0
0.04153998310520719,0.05407237952271517,0.029816521654684767,0.0012204487356144433,0.0,0.09909450494111466,0.0,0.0,0.2115213913563736,0.06230237046871788,0.0,0.1004324002155724,0.022478436632169196,0.08622107485997191,0.15443659155502587,0.0,0.03686389695283301,0.023067471779763246,0.0,0.026932528220236757,0.0005710229649155962,0.0,0.0,0.0,0.04942897703508441
0.0033248686998144095,0.0,0.0,0.057394989875815726,0.0,0.11568312949167922,0.0,0.0,0.08192191415781122,0.08642433039000585,0.22850336470380342,0.026747402681070145,0.0,0.0011042732471331917,0.2245374877499377,0.03084325112744606,0.04351498787548304,0.037649036500931536,0.012350963499068467,0.0,0.0,0.02727908264780281,0.0,0.022720917352197192,0.0
0.0,0.0,0.028319917212945328,0.0012440895167536992,0.0,0.0,0.28911273781921215,0.21186364508285824,0.0,0.0,0.06945961036823056,0.0,0.006573714580641599,0.1841777935637146,0.049012774958615675,0.032988541995748105,0.027247174901279994,0.0007755020666754195,0.0,0.04922449793332458,0.0,0.019498182490878493,0.03050181750912151,0.0,0.0
0.0,0.03241806049843458,0.0,0.0,0.2039108278181952,0.0,0.21494605453474483,0.03192554654251693,0.0007841059828090913,0.0,0.11601540462329943,0.0,0.0787600332166914,0.026456995383669475,0.05453917573618368,0.12186058249254422,0.01838321317091124,0.015485551546504467,0.034514448453495536,0.0,0.0,0.0,0.0366344262625813,0.0,0.013365573737418701
0.19303359530066935,0.0,0.1871675226110359,0.0,0.013058110607085838,0.0,0.0,0.20674077148120887,0.0,0.0,0.0,0.0,0.26926281132776003,0.0,0.0006011067084383814,0.0,0.030136081963801572,0.007546149925720218,0.0,0.042453850074279785,0.01161517734571877,0.0,0.0,0.0,0.03838482265428123
0.0917262312865724,0.006184364891146932,0.0,0.0,0.19297879383755634,0.0,0.0,0.0,0.12740468726410167,0.025910759332699318,0.0,0.15579516338792324,0.11522092631143979,0.023544615453383322,0.09233985825368432,0.06889459998149258,0.0,0.024139848966719727,0.0,0.025860151033280276,0.015488974149110685,0.03451102585088932,0.0,0.0,0.0
0.0,0.07748308825784087,0.0,0.0,0.2939150013523447,0.0,0.02246393442265282,0.0,0.0,0.20613797596716155,0.0,0.0,0.029031008751762122,0.0026348471777044025,0.0,0.026991822102133592,0.24134232196839986,0.02358278220960029,0.0,0.026417217790399714,0.0,0.0,0.018517973734454088,0.031482026265545915,0.0
0.0007183820787648454,0.0,0.13681389205867756,0.09654840231869397,0.0,0.13882696538486902,0.0,0.0,0.09062943948769586,0.0,0.13646291867129873,0.0,0.015599748834493776,0.0451205599479528,0.0,0.03414454688950249,0.20513514432805094,0.0,0.03265254963043004,0.017347450369569965,0.04584766718503415,0.004152332814965853,0.0,0.0,0.0
0.0,0.0,0.03385763202640162,0.09318588298648883,0.0472206937771521,0.01677421813487545,0.0,0.0,0.18426022444599327,0.08757228800492195,0.0,0.13712906062416677,0.05061014969811636,0.0,0.0,0.016947810063478064,0.23244204023840556,0.0,0.000747052111325669,0.049252947888674334,0.03178616900123484,0.01821383099876516,0.0,0.0,0.0
0.289143935619151,0.0,0.0,0.0,0.0,0.013615943700735933,0.0,0.03186847400700248,0.0,0.0,0.2325222125313346,0.032849434141775935,0.0,0.0,0.2953606585449109,0.004639341455089097,0.0,0.025825023407035085,0.0,0.024174976592964918,0.04879499121374229,0.0012050087862577122,0.0,0.0,0.0
0.0,0.0,0.07713383077574078,0.0,0.1877232036058136,0.0,0.0,0.0,0.2019527814199426,0.06151052651060942,0.009302818316594519,0.062376839371298995,0.022804394501030667,0.1008679842386449,0.17632762126032442,0.0,0.0,0.005061847795585661,0.04493815220441434,0.0,0.0,0.0,0.044511815234082486,0.0,0.005488184765917517
0.025595176340868477,0.0,0.0,0.0012503807267321143,0.0,0.0,0.0,0.0,0.20182006282267115,0.16625741939060473,0.1784035605200356,0.026673400199087892,0.0,0.0,0.2962407293928795,0.0037592706071205018,0.0,0.01979337166004627,0.0,0.03020662833995373,0.02058292688665877,0.0,0.029417073113341234,0.0,0.0
0.0,0.0,0.0,0.06612027422501884,8.987782326175253e-05,0.264926044354647,0.0,0.03022447629774376,0.04237670458133338,0.19626262271799524,0.0,0.0,0.004445650706273174,0.2955543492937268,0.0,0.0,0.0,0.021442883290272982,0.02855711670972702,0.0,0.014395919143635388,0.035604080856364614,0.0,0.0,0.0
0.14055530050685852,0.04869226409512015,0.0,0.0,0.2717291479499363,0.0,0.0,0.13194925553261272,0.0,0.0,0.0,0.00707403191547229,0.12422171697735404,0.033653909650623856,0.03586187780914406,0.026734165913650118,0.07952832964922793,0.00892371315086074,0.04107628684913926,0.0,0.0,0.03252462177286436,0.017475378227135643,0.0,0.0
0.029563746645982162,0.0,0.291365114240185,0.0,0.02136715275132184,0.0,0.0,0.09487956233356215,0.0,0.08173533647547188,0.08108908755347694,0.0,0.0,0.0,0.003565287962640218,0.29643471203735977,0.0,0.0031803742546944597,0.0,0.04681962574530554,0.025703955084751096,0.0,0.024296044915248907,0.0,0.0
0.20701626068340176,0.025956933350102403,0.0,0.02786678759991221,0.0,0.0,0.01709465350685546,0.0,0.0,0.21886503525679882,0.10320032960292932,0.0,0.04700660028085277,0.034333451025056055,0.0038131697502046813,0.1022797744024456,0.11256700454144089,0.0,0.007736195917651165,0.04226380408234884,0.019496999400541642,0.0,0.0,0.0,0.03050300059945836
0.02704671635334553,0.19624064548642553,0.0,0.0,0.0,0.0,0.0001396065937319113,0.05412812405602077,0.056131696078395334,0.0,0.05036555556471857,0.2159476558673623,0.07085088403892889,0.012332166167306757,0.07444407433740341,0.03500478569217182,0.10736808976418916,0.024150426001168828,0.0,0.025849573998831175,0.03483447026509364,0.0,0.015165529734906362,0.0,0.0
0.0,0.0,0.0,0.0,0.2705711312049337,0.09691513148602049,0.0,0.0,0.0,0.14806474753533938,0.007514835457691382,0.07693415431601508,0.02312243406748643,0.12001235562859108,0.07152882459691104,0.08533638570701146,0.0,0.026168633339094593,0.0,0.02383136666090541,0.014982757096588285,0.0,0.0,0.0,0.03501724290341172
0.0,0.0,0.17045024062211417,0.0,0.049326130668847515,0.0,0.03871447434362505,0.045160682182845885,0.24941618522870074,0.009589890642344945,0.0,0.03734239631152162,0.0,0.2957826380942577,0.0042173619057422895,0.0,0.0,0.0,0.014805526347842268,0.035194473652157734,0.009743352923950496,0.0,0.0,0.0,0.04025664707604951
0.2697654656582825,0.0,0.07541299618641341,0.0,0.12055153941446925,0.056492571957869143,0.02584458175439938,0.0,0.030058995588635312,0.0,0.0,0.02187384943993087,0.017077864623654293,0.033963033866122434,0.0,0.0,0.24895910151022327,0.01387146919291355,0.0,0.03612853080708645,7.165577693261926e-05,0.0,0.0,0.0,0.049928344223067384
0.0,0.0,0.15166473943290582,0.0,0.23293058801835392,0.0,0.0,0.0007004546459139505,0.0,0.18944854918376897,0.025255668719057333,0.0,0.06591999374472829,0.024806783965547086,0.0,0.0,0.20927322228972464,0.0,0.010050573966313245,0.03994942603368676,0.0,0.01969574414167768,0.0,0.03030425585832232,0.0
0.0,0.1594729822369844,0.0,0.2783808836756464,0.0007995977525477871,0.10217772954932114,0.0,0.0,0.026431583944890827,0.0,0.03273722284060944,0.0,0.015752565763025084,0.0,0.0,0.0,0.2842474342369749,0.029406482359039428,0.020593517640960575,0.0,0.0,0.0,0.0,0.03508169223656211,0.014918307763437895
0.16941839135102824,0.0,0.15029024211393197,0.0,0.002348830403108737,0.0,0.17922460592906297,0.0,0.0,0.037175391686299755,0.0,0.06154253851656834,0.0,0.006733639501462607,0.0,0.0,0.2932663604985374,0.021221657991856328,0.028778342008143675,0.0,0.012610290178999707,0.0,0.037389709821000296,0.0,0.0
0.0,0.18385232140548485,0.08080562547919404,0.0,0.0,0.0,0.009360173109198455,0.0,0.0,0.09642883380025513,0.22955304620586742,0.0,0.0006538450365446979,0.09418511418361358,0.10267159679697174,0.030998800489859955,0.07149064349301003,0.036739176672437285,0.0,0.013260823327562718,0.0,0.029238138099763708,0.0,0.0,0.020761861900236295
0.003551608723112998,0.058298157827859146,0.07405289496029621,0.0,0.1908548905308758,0.12058489912166029,0.0,0.0,0.1526575488361955,0.0,0.0,0.0,0.18167279254706384,0.04745409617245806,0.03897783883837179,0.0024605640234224846,0.02943470841868386,0.0244751453148525,0.025524854685147504,0.0,0.0,0.0,0.019208073210998957,0.030791926789001046,0.0
0.0,0.0,0.03299487381242176,0.0,0.0,0.11922779719881876,0.1657903327942028,0.009759272808142372,0.2722277233864143,0.0,0.0,0.0,0.0020846043482107834,0.2448949963355406,0.053020399316248586,0.0,0.0,0.005087914111736536,0.0,0.04491208588826347,0.0,0.006079568426562237,0.0,0.043920431573437765,0.0
0.03906205822017085,0.0,0.0,0.18507039927213312,0.0,0.0,0.0,0.14009546961543526,0.018078328182710157,0.2176937447095506,0.0,0.0,0.025277159561160806,0.0,0.25441084040818607,0.0,0.020312000030653088,0.013209702262581682,0.03679029773741832,0.0,0.0,0.004832518079081596,0.0,0.0,0.045167481920918406
0.11334015734963696,0.011878921701963696,0.0,0.0,0.2639371973410362,0.0,0.0,0.2108437236073631,0.0,0.0,0.0,0.0,0.02506038663538695,0.0871598116024577,8.839465857302109e-05,0.08529151032747415,0.1023998967761082,0.0,0.034403353009901286,0.015596646990098717,0.040569357648218764,0.0,0.0,0.0,0.009430642351781239
0.0,0.0,0.238478240983934,0.0,0.12506217971532654,0.0012747681711197112,0.0,0.05659479687263751,0.0,0.0,0.153369860158605,0.025220154098377245,0.03567689147425061,0.2543444900668036,0.0,0.009978618458945765,0.0,0.016979578138774494,0.0,0.03302042186122551,0.04070042840101998,0.0,0.0,0.0,0.009299571598980025
0.02926100777345426,0.2670164061485638,0.0,0.0,0.0,0.02731102933981065,0.0,0.005624250867478864,0.0,0.0,0.04589447746939469,0.22489282840129768,0.14824585600151904,0.055392923827443985,0.0,0.015126159976975029,0.08123506019406194,0.0,0.022076250312912608,0.027923749687087395,0.0012594995240267567,0.0,0.048740500475973246,0.0,0.0
0.0,0.0,0.07123398674860695,0.0,0.03292726974169634,0.0,0.1312970504869496,0.12483987257569826,0.21533842494560798,0.0,0.024363395501440843,0.0,0.03608829470284855,0.0,0.0,0.02455981088582776,0.23935189441132365,0.0038283924133890937,0.0,0.04617160758661091,0.011671021332253291,0.0,0.03832897866774671,0.0,0.0
0.006538057570696476,0.0,0.0,0.07951332920015158,0.04463209670940982,0.0,0.0,0.0,0.0,0.0,0.2230525833969522,0.24626393312278985,0.0,0.02443206186578517,0.2150985236121577,0.0,0.0604694145220571,0.048024414547424794,0.0019755854525752084,0.0,0.0,0.009379567660296732,0.0,0.04062043233970327,0.0
0.11725494308275544,0.0018408328995789258,0.0,0.0,0.0,0.0,0.2021839331401411,0.0,0.0,0.0,0.06039037657885466,0.2183299142986698,0.0,0.00694360938001759,0.0,0.0,0.2930563906199824,0.005065705442821408,0.044934294557178595,0.0,0.0,0.01784149234724028,0.0,0.032158507652759724,0.0
0.0,0.0,0.05377947139589538,0.03277674820845776,0.0,0.0,0.2518590106497901,0.25461915752331965,0.0,0.00696561222253711,0.0,0.0,0.008884692835197938,0.03155086320243172,0.04672868644586507,0.09063880975843513,0.12219694775807013,0.010524214174323976,0.03947578582567603,0.0,0.0,0.0,0.017925760386143554,0.0,0.03207423961385645
0.0,0.22273393159913915,0.03076025098678236,0.0041143016611401295,0.0,0.0,0.0,0.0,0.0,0.21707148163954298,0.12532003411339526,0.0,0.00549044209662003,0.04931377397341228,0.0,0.202274380087546,0.042921403842421685,0.0,0.0053064760393921676,0.044693523960607835,0.0,0.025356632728096087,0.024643367271903915,0.0,0.0
0.0,0.045936601070918154,0.0,0.0,0.03853262219977939,0.17857942118769884,0.13549506698062327,0.0,0.0033631461120696704,0.14299191016095572,0.05510123228795499,0.0,0.04743543887683925,0.038910494290116775,0.1545299273724181,0.05514901817017606,0.003975121290449801,0.03760235251152198,0.01239764748847802,0.0,0.0,0.0357956721280423,0.0,0.0,0.014204327871957703
0.05095444184521593,0.0,0.08019535389091631,0.08950821109790616,0.0,0.003141852465763817,0.0,0.18326851824415452,0.0,0.1929316224560433,0.0,0.0,0.012988903943982388,0.12833876662653887,0.0,0.1586723294294787,0.0,0.0,0.04148797187606836,0.00851202812393164,0.031092988987074764,0.0,0.0,0.0,0.01890701101292524
0.20718884790157213,0.02942546600312143,0.10811979276250563,0.0,0.028241412537009406,0.003153854873393036,0.0,0.03835152026147485,0.0,0.14844232156624595,0.0370767840946775,0.0,0.0,0.2936799635325417,0.0,0.0,0.006320036467458268,0.0,0.018284259997347785,0.03171574000265222,0.02850431730883905,0.021495682691160953,0.0,0.0,0.0
0.2808949308765431,0.008712216924927407,0.0,0.0,0.0,0.0,0.05717352186489766,0.0,0.0,0.1836012105443934,0.0696181197892384,0.0,0.0,0.2881865301208173,0.0,0.011813469879182692,0.0,0.00984823806074464,0.0,0.04015176193925536,0.0,0.010651908023743863,0.0,0.03934809197625614,0.0
0.0,0.2567933356174733,0.09469622139509132,0.0,0.02764532373360706,0.0,0.0,0.20127602678482084,0.0,0.0,0.0,0.01958909246900742,0.20689556297797423,0.0,0.02954838990901619,0.006107712109930885,0.057448335003078665,0.03154340088072083,0.018456599119279174,0.0,0.0,0.0,0.03645875981275336,0.013541240187246645,0.0
0.2577602464962874,0.0,0.0,0.2975041377660233,0.007820365588144251,0.0,0.0,0.0,0.03691525014954497,0.0,0.0,0.0,0.11252805040046049,0.13877952326291923,0.01893893813002001,0.0,0.029753488206600218,0.0,0.0022136754889198265,0.047786324511080176,0.0,0.0,0.03029075135095759,0.0,0.019709248649042412
0.0,0.2989902328757152,0.0250262547496255,0.12870166818215484,0.0,0.0,0.14170500721629592,0.0,0.0,0.0,0.005576836976208588,0.0,0.22082970698308932,0.03714211667302148,0.014794283903605598,0.0,0.02723389244028357,0.0,0.0032948061417761437,0.04670519385822386,0.030268806367947914,0.01973119363205209,0.0,0.0,0.0
0.0,0.1304219993475969,0.0,0.07293534538674928,0.0,0.0,0.15500351730790463,0.011196850336890662,0.03091503713848998,0.19952725048236847,0.0,0.0,0.0,0.013232119891809502,0.12884065933405267,0.09865473139511832,0.05927248937901948,0.035893465810823914,0.0,0.014106534189176088,0.028188969054651934,0.0,0.0,0.0,0.02181103094534807
0.0,0.061750407594933554,0.14888395679944488,0.0,0.015808580281684748,0.0,0.0,0.0,0.0,0.2840258806223551,0.08953117470158165,0.0,0.030380998280260585,0.0,0.26718378441104235,0.0,0.0024352173086970574,0.047374948146664715,0.0,0.0026250518533352876,0.0,0.0,0.027093347602663836,0.0,0.022906652397336167
0.0,0.02628770508605604,0.07086278435546672,0.09174810445540679,0.0,0.0,0.2867748362718777,0.022411503224773366,0.10191506660641936,0.0,0.0,0.0,0.00010991557241091243,0.04100671888127734,0.09184044059509949,0.10261473758350825,0.06442818736770398,0.024269293817583307,0.025730706182416695,0.0,0.0,0.0,0.01792392296007575,0.03207607703992425,0.0
0.09900832440343044,0.25496522949388484,0.0,0.0,0.0,0.08043175911571943,0.0,0.0,0.15550816598073322,0.010086521006232085,0.0,0.0,0.04929742032904526,0.03615069562535985,0.1468361141493339,0.03685276105353895,0.030863008842722035,0.043542303073972055,0.0,0.006457696926027948,0.0,0.0,0.0,0.03621975526524938,0.013780244734750625
0.12443327729233766,0.03136424325010927,0.0,0.11082026549130197,0.015517147018806798,0.02515972052389358,0.08618125634767684,0.045782576706858785,0.10809336811704581,0.02630812936074899,0.026340015891220227,0.0,0.03012697832673258,0.1548593963412976,0.04287562088227255,0.014554694990381478,0.05758330945931579,0.044738481827188474,0.005261518172811529,0.0,0.0,0.030731004827365883,0.01926899517263412,0.0,0.0
0.0,0.2656658124754239,0.0,0.0,0.17775157667945116,0.0,0.13766175934277758,0.0,0.0,0.0,0.0,0.018920851502347347,0.08536704156448316,0.15009019056930856,0.0008062274611351228,0.028235501789251893,0.03550103861582123,0.0,0.02328473006348814,0.026715269936511864,0.0,0.016499302709376086,0.0,0.03350069729062392,0.0
0.0,0.14944641869062014,0.0,0.0007842547355561003,0.039638934264431686,0.02522147644921301,0.025992121007058906,0.0,0.18212962598419738,0.04884098023669779,0.0,0.1279461886322249,0.019958597322214777,0.15608764936151998,0.12395375331626526,0.0,0.0,0.04887931605578178,0.0011206839442182218,0.0,0.008535873297037255,0.0,0.0,0.0,0.04146412670296275
0.0,0.29350976799554074,0.10542825857560759,0.029919197796854737,0.0,0.0,0.0,0.02203518194827836,0.0,0.11106485899786078,0.0,0.03804273468585789,0.22998068084004689,0.016409692579569535,0.05360962658038355,0.0,0.0,0.018415608120092783,0.0,0.03158439187990722,0.0,0.02538998276392612,0.0,0.024610017236073884,0.0
0.0,0.0,0.0,0.2333224278728043,0.0,0.0,0.09521728686937794,0.0,0.08474514142944536,0.0,0.007580737659411474,0.17913440616896095,0.0,0.0,0.1892536749288535,0.005468691831381434,0.10527763323976505,0.0,0.00826631667140558,0.04173368332859442,0.0,0.0,0.0,0.014817378310318097,0.035182621689681906
0.0,0.0,0.09721013490286526,0.0,0.10958262180674266,0.1177366787676935,0.0,0.0,0.0,0.01879463428126582,0.2566759302414327,0.0,0.0,0.0,0.10614163140878702,0.17721974727987075,0.01663862131134225,0.0,0.030160479262580434,0.01983952073741957,0.01391369524615025,0.0,0.0,0.03608630475384975,0.0
0.0,0.03276629576886331,0.0,0.04322920069601943,0.0,0.0,0.03678777335418238,0.0,0.26942858375709994,0.20344423385418714,0.014343912569647732,0.0,0.0,0.02622838982713778,0.10589300534995644,0.16610273127031674,0.0017758735525890135,0.047957572858648406,0.0,0.0020424271413515965,0.0,0.0,0.03435913402682526,0.0,0.015640865973174746
0.0,0.0,0.0,0.17934918959591514,0.2974953364894224,0.0,0.03592392485182457,0.08676456289944648,0.0,0.00046698616339135857,0.0,0.0,0.1998019493963052,0.048317796439800706,0.005719497911242655,0.0,0.046160756252651425,0.0,0.04360328762104776,0.006396712378952243,0.0,0.009779729520010792,0.04022027047998921,0.0,0.0
0.25877644861277044,0.06001235000867015,0.0,0.0,0.015798557061432517,0.0,0.0,0.0,0.18298523809537587,0.08242740622175113,0.0,0.0,0.025537686173095507,0.0,0.006881034766331839,0.0,0.26758127906057266,0.0,0.021926003480726625,0.028073996519273378,0.0,0.0,0.040996698524992645,0.009003301475007358,0.0
0.0,0.03320745120609395,0.20947794278397233,0.16496529582840092,0.0685551637414413,0.0,0.04179913705480218,0.0673356918193379,0.0,0.0,0.0,0.014659317565951291,0.0,0.016872295038958263,0.2238083825760402,0.05931932238500152,0.0,0.0,0.047058562553145014,0.0029414374468549886,0.036211916682618,0.013788083317382002,0.0,0.0,0.0
0.02559442590760831,0.0615303459903045,0.0,0.1071462243937723,0.10650152403938282,0.0,0.00046380887632901935,0.2987636707926031,0.0,0.0,0.0,0.0,0.0,0.23289259457622855,0.01945765784347042,0.0,0.04764974758030102,0.00010710009003386117,0.0,0.04989289990996614,0.0,0.004130551461527791,0.0,0.0,0.04586944853847221
0.0,0.0,0.0,0.0,0.08650428575512221,0.0,0.01168221199843722,0.0,0.0911145561290771,0.29902043425738506,0.0,0.11167851185997843,0.00283935814768288,0.02865848214841998,0.0,0.0,0.2685021597038971,0.0,0.015512182235283951,0.03448781776471605,0.0,0.037469621667717695,0.012530378332282308,0.0,0.0
0.0,0.14530551889957066,0.0,0.08745756609919046,0.0034577145536626164,0.0,0.025884803576016246,0.0,0.04700144242452835,0.0742071676152688,0.10348163225741353,0.11320415457434932,0.06799076588195041,0.16745558755167275,0.013742172953966902,0.0,0.05081147361240994,0.016806867073657132,0.0,0.03319313292634287,0.0,0.0,0.0,0.03341381463728242,0.01658618536271758
0.0,0.0,0.16734105195293805,0.25271090700192383,0.0,0.0,0.13589510234028043,0.0,0.026201704602011603,0.0,0.0,0.017851234102845948,0.0,0.017078911317424506,0.22583449732981273,0.0,0.05708659135276275,0.009919271299605403,0.0400807287003946,0.0,0.005772133544956634,0.04422786645504337,0.0,0.0,0.0
0.0,0.0,0.0,0.08845643116507171,0.0,0.27711745502524016,0.002335076780828116,0.20640426414384816,0.02568677288501176,0.0,0.0,0.0,0.0,0.016857745802895896,0.07730755126390841,0.030117501305325964,0.1757172016278697,0.0,0.043981267424890315,0.006018732575109688,0.007361755081976437,0.0,0.0,0.042638244918023566,0.0
0.0,0.0,0.0,0.026406439122217438,0.0,0.14435374202837517,0.10235863543253934,0.27570518234450847,0.0,0.0003200506927537594,0.05085595037960594,0.0,0.03414132792710894,0.010577100357312685,0.034781052531467065,0.13979638463422547,0.08070413454988581,0.002583427722105014,0.0,0.04741657227789499,0.0,0.0,0.028292416305327934,0.0,0.02170758369467207
0.04977529370399433,0.21266463355734272,0.0,0.0,0.0,0.0,0.038455609823707736,0.0,0.11367460954199726,0.023009855950441804,0.1317906773136894,0.030629320108826717,0.007765981930874799,0.0,0.11148892194901597,0.14384515314869603,0.03689994297141318,0.0,0.015178025683186727,0.034821974316813276,0.0,0.026062230041568293,0.0,0.0,0.02393776995843171
0.16882079188213975,0.017782672423399926,0.0,0.0,0.0,0.0,0.0,0.17183319184153273,0.24156334385292758,0.0,0.0,0.0,0.032225909273539494,0.027566929254728187,8.300595347032758e-05,0.04811972995790165,0.19200442556036035,0.0,0.04741460635885744,0.002585393641142561,0.0,0.0,0.000971168870635454,0.0,0.04902883112936455
0.0,0.1916530533683491,0.030919574044003736,0.006629397675188109,0.0,0.03882606739598628,0.0,0.03207390028819766,0.23011033812471063,0.03453711538311027,0.035250553720454145,0.0,0.025369802973115824,0.03621830066640468,0.016129050045030735,0.22228284631544876,0.0,0.013741787757929315,0.0,0.03625821224207069,0.0,0.029674487146632508,0.0,0.0,0.020325512853367495
0.0,0.0032183081226347943,0.0,0.08424399100958674,0.028360750317141994,0.12655964326456215,0.21354164128313713,0.0,0.0,0.14407566600293714,0.0,0.0,0.02704913153711504,0.045578021379604386,0.05532082221809105,0.033577398085054035,0.1384746267801355,0.04432627206938303,0.0,0.005673727930616976,0.0,0.032520532916408516,0.017479467083591486,0.0,0.0
0.0,0.0,0.05137159154660493,0.0,0.035154266791999275,0.0,0.02044656140798229,0.0,0.0,0.0,0.2962062867087107,0.19682129354470276,0.07036876390808491,0.07383649370266736,0.10027884844255844,0.011976771057503666,0.04353912288918559,0.04174819214897951,0.0,0.00825180785102049,0.0,0.0,0.02113165725131423,0.0,0.02886834274868577
0.10743345921697922,0.06879875711614547,0.08285278709999948,0.2226887860526428,0.0,0.0,0.11368612383910695,0.0,0.0,0.0,0.004540086675126065,0.0,0.0,0.0,0.20776203439316612,0.020025251627681595,0.07221271397915224,0.04895855337968853,0.0,0.0010414466203114703,0.01416249032094314,0.03583750967905686,0.0,0.0,0.0
0.0,0.0,0.0,0.14607575939768935,0.10506052776148442,0.025316867951625528,0.0,0.27319434998739306,0.0,0.04810596244972133,0.0,0.0022465324520862806,0.10084017945495974,0.02728740917451834,0.0039335412007249215,0.167938870169797,0.0,0.0,0.03316067732934879,0.016839322670651212,0.013431679392362922,0.03656832060763708,0.0,0.0,0.0
0.0,0.0,0.0,0.14249301382043136,0.00019946412233162736,0.037071496054408626,0.2499195816742352,0.0,0.0,0.11788486841780504,0.05243157591078819,0.0,0.0,0.11754252295760442,0.17759657095557108,0.00486090608682449,0.0,0.0004072235157589893,0.049592776484241013,0.0,0.0,0.036485109432105776,0.0,0.0,0.013514890567894226
0.0,0.0,0.0030042641790843927,0.054617994394845236,0.05099574243560066,0.0941531326457519,0.20995838511916146,0.18727048122555628,0.0,0.0,0.0,0.0,0.16416197499231186,0.032418396375051534,0.0035918368557789626,0.0666183957827651,0.03320939599409259,0.015686061724260077,0.0,0.034313938275739926,0.0,0.0,0.0,0.03421237053186495,0.015787629468135056
0.003947556925851359,0.0,0.0,0.0,0.27651177018035766,0.0,0.0,0.09004034831528454,0.0,0.0,0.20415998237923136,0.025340342199275064,0.038668206557119535,0.11822700425353913,0.015553175800322838,0.03749851192160939,0.09005310146740911,0.0032474206770039607,0.0,0.04675257932299604,0.0,0.007967884512232043,0.0,0.0,0.04203211548776796
0.0,0.0,0.0,0.0,0.0,0.21122744278942288,0.0,0.0,0.2713856098207615,0.0,0.01112842416969595,0.10625852322011967,0.23713598615148865,0.025590558847519467,0.008509249226129889,0.028764205774861988,0.0,0.0,0.03020596432410466,0.01979403567589534,0.0,0.02416985167978243,0.0,0.0,0.025830148320217572
0.0014630859244433303,0.1539386199665703,0.09279206572303703,0.0,0.19059889738326988,0.0,0.0,0.0,0.0,0.0,0.0,0.16120733100267953,0.0,0.27373524081725575,0.0004047990090146336,0.0,0.025859960173729584,0.024952695814007452,0.0,0.02504730418599255,0.0,0.020894943156812094,0.02910505684318791,0.0,0.0
0.011410969901533674,0.0,0.026162586530806435,0.0,0.0,0.23242343987205455,0.2922393512727355,0.03776365242286982,0.0,0.0,0.0,0.0,0.1350551965981228,0.02992232191676162,0.04951915058203839,0.029856968568259687,0.0556463623348175,0.04207304150426485,0.007926958495735152,0.0,0.0,0.0,0.0,0.02447579430347365,0.02552420569652635
0.0,0.12703870174322748,0.047587632079735806,0.0,0.0,0.1434705634572483,0.0,0.058948079279984716,0.0,0.002742329170744351,0.2202126942690594,0.0,0.21445842917018282,0.0,0.0,0.002963298642898904,0.08257827218691828,0.02670491276320121,0.0,0.02329508723679879,0.026029342955829253,0.0,0.0,0.02397065704417075,0.0
0.0,0.0,0.13494242811612142,0.0,0.0,0.18028044244302568,0.0,0.030111972032377043,0.019608324912371855,0.0,0.23505683249610398,0.0,0.09594477591325397,0.03413377461736097,0.032637871403349034,0.11089673775388126,0.026386840312154766,0.0325613356987685,0.0,0.017438664301231505,0.0,0.0,0.010697221379422348,0.0,0.039302778620577655
0.13354754365131322,0.13634289571196428,0.03066509459682107,0.029398478579137508,0.0,0.141851031105538,0.0,0.0013549273994214461,0.07555671713883594,0.0,0.0512833118169686,0.0,0.04315497003700269,0.026703021727943622,0.04234761386642251,0.180974983514334,0.006819410854297214,0.03034289762577224,0.0,0.019657102374227763,0.04553520404361429,0.004464795956385714,0.0,0.0,0.0
0.0,0.0,0.07388981861370325,0.2222808672778675,0.0,0.0,0.0,0.23034369984837902,0.0,0.0,0.010264521757642253,0.06322109250240796,0.024745776608464776,0.0,0.0,0.0,0.2752542233915352,0.0,0.04260812540741615,0.00739187459258385,0.011047233468786201,0.0389527665312138,0.0,0.0,0.0
0.0,0.0,0.13922624868312364,0.0,0.0,0.0,0.2700046705360556,0.01291632467914905,0.17785275610167176,0.0,0.0,0.0,0.04980746194060816,0.0350731929932786,0.003667851944074485,0.17532466640143712,0.036126826720601635,0.022476720674987037,0.027523279325012966,0.0,0.006475636041373731,0.04352436395862627,0.0,0.0,0.0
0.02210114423064946,0.0,0.0,0.0,0.0,0.13274320603102796,0.0,0.1504667864107329,0.07761995991934317,0.0,0.21706890340824636,0.0,0.16413527096672592,0.06961961361734162,0.04618036333035892,0.020064752085573512,0.0,0.0,0.04578957764355086,0.004210422356449139,0.0,0.0200704074056963,0.0,0.0299295925943037,0.0
0.16661054444788798,0.0,0.04827200514273667,0.02276772069017896,0.0,0.0,0.0,0.0,0.08093355204217673,0.16367170956564867,0.11774446811137101,0.0,0.00247726847456492,0.06941824580024698,0.03371702288793563,0.16532509364522258,0.029062369192029938,0.04862569309338054,0.0013743069066194658,0.0,0.0,0.0023123423151345315,0.04768765768486547,0.0,0.0
0.0,0.12086626331744532,0.0,0.0,0.0,0.07377921549982452,0.0,0.2211493968179963,0.0,0.0,0.0196726534811279,0.1645324708836059,0.014264360786409802,0.025030421307548373,0.0,0.19734222182275146,0.06336299608329034,0.0,0.03715038374654835,0.01284961625345165,0.0,0.008708207162390624,0.04129179283760938,0.0,0.0
0.06393300549509653,0.016108791868157724,0.04578279670176525,0.2486673198159054,0.07324344775116318,0.05608883527964837,0.05600743596171619,0.0,0.0,0.04016836712654735,0.0,0.0,0.0,0.04138574678159529,0.0726746923509235,0.014164834297734907,0.17177472656974632,0.022341612754859783,0.02765838724514022,0.0,0.0,0.0458702814608616,0.004129718539138405,0.0,0.0
0.057975496998962005,0.0,0.0,0.23024897034127448,0.0,0.15783677393062634,0.0,0.0,0.133735047958296,0.0,0.020203710770841155,0.0,0.04248969163834207,0.04670766079175055,0.20879723720535467,0.0020054103645527066,0.0,0.0,0.02540260296139297,0.024597397038607034,0.0,0.0,0.04614937179419323,0.0,0.003850628205806776
0.1027749821229853,0.0,0.11916779563677615,0.022747060400394647,0.1491005107217825,0.0,0.12189547208188273,0.0,0.0,0.0,0.0843141790361786,0.0,0.09678594006668628,0.07788707103486751,0.0911960525480032,0.00888175443153627,0.025249181918906734,0.03025211815044955,0.019747881849550453,0.0,0.008953496672764856,0.0,0.04104650332723515,0.0,0.0
0.08578325959836063,0.06383986955264215,0.0,0.13144167140710775,0.02958573090798792,0.018048089630909203,0.0,0.12835804412330998,0.049207963732146476,0.0,0.0,0.09373537104753596,0.04074045596940129,0.07941194722309347,0.14732852990930462,0.03163483758425158,0.0008842293139490476,0.049439574703397195,0.0005604252966028081,0.0,0.011603053088780436,0.0,0.0,0.038396946911219566,0.0
0.0,0.0,0.0,0.1989362497406133,0.0,0.0,0.20186394536299826,0.01469536342160993,0.0,0.11839077603711157,0.0,0.06611366543766699,0.03214416814922128,0.026234179527075487,0.15730492398368864,0.025967977322553834,0.05834875101746077,0.02206825427034999,0.02793174572965001,0.0,0.0,0.0,0.0198664241377406,0.030133575862259402,0.0
0.0,0.0,0.0001467394458151139,0.0,0.0,0.14869972593343858,0.14282271643024275,0.0,0.24013648037672114,0.025114586784606745,0.0,0.04307975102917561,0.0249412958370534,0.0,0.07811001532096892,0.0,0.19694868884197766,0.0,0.0018014184612744621,0.04819858153872554,0.0,0.022059532182439206,0.0,0.027940467817560797,0.0
0.0,0.0,0.0,0.28130305065154615,0.0,0.0,0.018988015305076655,0.03116889249603954,0.06403841020033633,0.20450163134700133,0.0,0.0,0.0036989178215881546,0.20012500892417662,0.09617607325423522,0.0,0.0,0.0,0.014747845787303607,0.035252154212696396,0.02870671294961307,0.021293287050386932,0.0,0.0,0.0
0.2901040950760993,0.0,0.041409971924365505,0.07668250376092657,0.0,0.10921278533616255,0.0,0.0,0.00708484980568902,0.07550579409675713,0.0,0.0,0.02185738796193143,0.1265960046652381,0.03937375469442047,0.0,0.11217285267840998,0.0,0.03435859222133267,0.015641407778667335,0.0,0.0,0.0,0.03454793137587131,0.015452068624128693
0.0,0.0,0.0557312369419089,0.24684324311149114,0.03796331065362761,0.09296221041890754,0.0,0.0,0.0,0.11394508793560043,0.03085369803158121,0.021701212906883205,0.0,0.04121470331326407,0.009877537320364171,0.07181709298796926,0.1770906663784025,0.03332937630552699,0.01667062369447301,0.0,0.0,0.0,0.00891232530822332,0.0,0.04108767469177668
0.2232281353972326,0.004445206913883726,0.06935692027515455,0.0,0.03356446713039818,0.0,0.12470693106821545,0.0,0.0,0.1446983392151155,0.0,0.0,0.0021199323869233733,0.0,0.10343012950342392,0.037342696236191825,0.1571072418734609,0.0,0.0016373801671599672,0.048362619832840036,0.014035237704891804,0.0,0.0,0.0359647622951082,0.0
0.0,0.0,0.0,0.02740451112319483,0.0,0.02947092946804987,0.1206725654436741,0.017222963646486456,0.1731229719077865,0.0,0.0,0.23210605841080825,0.16020338165626458,0.031376230889247646,0.0,0.10427806154508634,0.004142325909401445,0.025518269160693382,0.0,0.02448173083930662,0.0,0.006409857033814484,0.0,0.04359014296618552,0.0
0.08321224957917021,0.0,0.055012547722074985,0.0,0.17723196369604885,0.0,0.0,0.24649222277892038,0.0,0.00998621207740813,0.0,0.028064804146377437,0.002533439473525856,0.0,0.0,0.026167073110117824,0.2712994874163563,0.02724457717615882,0.022755422823841184,0.0,0.0,0.0,0.024641325322703748,0.025358674677296255,0.0
0.0,0.0,0.0,0.0,0.2809407242121921,0.0,0.0224774426281662,0.04168345199007278,0.0,0.0,0.0,0.25489838116956903,0.011113813326390998,0.0,0.039192278773305375,0.1867869809588749,0.0629069269414287,0.0,0.019233051997593467,0.030766948002406536,0.0,0.03282262311307264,0.0,0.0,0.017177376886927366
0.0,0.0,0.0,0.0,0.03347015827362672,0.012507710392793414,0.05874698338710543,0.0,0.27353597575351385,0.22173917219296058,0.0,0.0,0.0,0.1368946773319432,0.039617573901689795,0.11924802257068276,0.004239726195684246,0.04194182765746543,0.008058172342534572,0.0,0.0,0.0331438864352401,0.0,0.016856113564759904,0.0
0.2941635811895486,0.0,0.030093021615449002,0.0,0.0,0.10321851799758827,0.026362503571003632,0.0,0.0,0.12969181948720077,0.0,0.01647055613920967,0.05395903033236909,0.05573316032669571,0.08946146820032946,0.03872203864785208,0.06212430249275367,0.0,0.025933594857001717,0.024066405142998286,0.0,0.0,0.0,0.004739029884813319,0.045260970115186684
0.0,0.22320564080881083,0.0,0.1541594592496625,0.0,0.0,0.0,0.005167546383942567,0.0,0.0,0.217467353557584,0.0,0.010173039494695113,0.0,0.21236654493192028,0.030336726994851536,0.04712368857853303,0.0,0.04151450696245043,0.008485493037549571,0.0,0.04247485676697196,0.007525143233028039,0.0,0.0
0.0,0.0,0.0,0.0,0.21407383171141126,0.0,0.08610568161607972,0.0,0.0,0.003317297888237092,0.29650318878427184,0.0,0.029649562830981725,0.2379140979384693,0.000893512935044416,0.031542826295504506,0.0,0.04327397940241834,0.006726020597581664,0.0,0.0,0.02417079435607765,0.0,0.025829205643922354,0.0
0.0,0.0,0.10557111827165513,0.005829160887325879,0.0,0.0,0.025153561871499305,0.17463199172848293,0.0,0.17853440678035185,0.11027976046068491,0.0,0.1696782692378038,0.058684209809370176,0.001978611158396093,0.0,0.0696589097944299,0.007148939461452952,0.04285106053854705,0.0,0.0,0.049507041449389076,0.0,0.0004929585506109266,0.0
0.0,0.0,0.16189270435761707,0.08980181293239517,0.00017574296846101234,0.02599352978079371,0.029730283866890445,0.0,0.07887741260209935,0.10303099102896884,0.0,0.1104975224627743,0.0,0.00026843372741142124,0.05116698631701547,0.20222851898104496,0.04633606097452815,0.0,0.030987383247878045,0.019012616752121958,0.0,0.03543541025801767,0.014564589741982333,0.0,0.0
0.1122262405817887,0.0,0.0,0.0,0.0,0.0,0.02756454107895478,0.0024693894593904586,0.24605976825761827,0.0,0.11562863598698647,0.0960514246352612,0.10120686444584107,0.0,0.0012300954770282924,0.0385451340433784,0.15901790603375224,0.03477562327085916,0.0,0.015224376729140843,0.0,0.0,0.018232439806704283,0.03176756019329572,0.0
0.04533567283577028,0.0,0.06582143770975332,0.03417214779119769,0.1296240365836467,0.11317554782985581,0.046972740774697624,0.03508329016501211,0.0,0.01543131886771587,0.11438380744235052,0.0,0.0,0.2534343568531316,0.0,0.00766318719692799,0.03890245594994038,0.0,0.002611908159531849,0.047388091840468154,0.007234095531161805,0.0427659044688382,0.0,0.0,0.0
0.0,0.0,0.18136789515520702,0.11361616260484275,0.0,0.09493402123865205,0.20729062392114905,0.0,0.0,0.0027912970801491355,0.0,0.0,0.0,0.0,0.11133336710346017,0.16803255579964727,0.020634077096892522,0.02106145752350306,0.028938542476496944,0.0,0.004796402352017212,0.0,0.0,0.04520359764798279,0.0
0.0,0.0,0.0,0.0,0.08436469939315591,0.02286219419065727,0.0,0.0,0.24905343622517817,0.06535614345608518,0.1783635267349234,0.0,0.07181996800993311,0.014916625880228074,0.16395454490913874,0.0,0.04930886120070006,0.0,0.024770991757882232,0.02522900824211777,0.0,0.0,0.03725156074644741,0.0,0.012748439253552596
0.18095286023155935,0.0,0.0,0.0,0.0,0.0,0.07409558987415368,0.0,0.043635520095027164,0.0,0.2794830794782855,0.02183295032097432,0.09321173662508092,0.0,0.0,0.19776347737256864,0.009024786002350405,0.0,0.02570201362934776,0.024297986370652242,0.04421615074779764,0.0,0.0,0.0,0.005783849252202364
0.056302880377139326,0.026988189291441353,0.0,0.0,0.0,0.27016906169466115,0.0,0.07308856810649905,0.005001868679984978,0.14087045784605215,0.0,0.027578974004221917,0.059729195138423466,0.19170324588194523,0.040068961834866315,0.008498597144764974,0.0,0.02733747245665656,0.0,0.02266252754334344,0.044067475928028906,0.0,0.005932524071971097,0.0,0.0
0.02283171929123118,0.08316788804319605,0.0,0.20420997902317048,0.041752568289513306,0.04351409414754764,0.0,0.171437538222594,0.03308621298274724,0.0,0.0,0.0,0.0,0.0,0.22858241328918188,0.006936264149431215,0.06448132256138689,0.0,0.02760027491922171,0.022399725080778293,0.0,0.0,0.0,0.027438400991101033,0.02256159900889897
0.22536412218159854,0.0,0.20684541826153288,0.0,0.0,0.0,0.016404217391902343,0.0,0.0,0.0,0.15138624216496624,0.0,0.0,0.28123187936377025,0.0,0.018768120636229735,0.0,0.0,0.043513116634939536,0.006486883365060467,0.0,0.0,0.018423042915533552,0.0,0.03157695708446645
0.08713489631332103,0.0,0.2720068940308913,0.027688870222258976,0.21274011448036512,0.0004292249531635539,0.0,0.0,0.0,0.0,0.0,0.0,0.0,0.0,0.21652487473042525,0.07342075192722132,0.010054373342353429,0.0,0.029817726699890967,0.020182273300109035,0.018124749173167698,0.0,0.031875250826832305,0.0,0.0
0.0,0.19023388633359556,0.20162866344672745,0.07468005831549529,0.0,0.04376537843780737,0.0,0.0,0.002743298741947231,0.0,0.08694871472442717,0.0,0.03213963259169406,0.16690599963390673,0.031049747261817275,0.057747012520159686,0.01215760799242227,0.02567284488849564,0.0,0.024327155111504364,0.0,0.045662647274700464,0.0,0.004337352725299538,0.0
0.0,0.029957164609479153,0.0,0.0,0.042744291433806356,0.0,0.0,0.02853242247495071,0.2702170516773004,0.0,0.22435078531746688,0.00419828448699644,0.028545559962038645,0.007512925891708877,0.03362100965918063,0.18536896450430343,0.04495153998276841,0.005153201993001344,0.0,0.04484679800699866,0.0,0.0038058452619434344,0.0,0.0,0.04619415473805657
0.04084071172948733,0.228873243080905,0.006242844724926755,0.0,0.0978158031518778,0.026081436233124908,0.0,0.03501324584951586,0.12441632718109855,0.04071638804906374,0.0,0.0,0.16075978809343053,0.03355006954090629,0.09343710103532149,0.0,0.012253041330341718,0.0046325104832558445,0.04536748951674416,0.0,0.0,0.037311788788424005,0.012688211211575998,0.0,0.0
0.0902707965289449,0.00811904214656789,0.02729450668555808,0.0,0.0,0.0,0.0,0.0,0.26954786134428665,0.0,0.20476779329464248,0.0,0.034550770884923504,0.033634245203287824,0.028347731751524455,0.039465289478348375,0.16400196268191586,0.04720044760269133,0.0,0.002799552397308676,0.018082297029510995,0.0,0.0,0.0,0.03191770297048901
0.052635906376874805,0.037536872466120585,0.07950377990989986,0.013521865130362132,0.10695603965602385,0.05160533325834102,0.0,0.07230523594485005,0.07124408471283811,0.057489977951013516,0.026221339455595738,0.03097956513808034,0.11122157743816799,0.0,0.1871768085145995,0.0016016140472325247,0.0,0.0,0.001018409132706878,0.048981590867293125,0.0,0.03303828101275377,0.0,0.0,0.01696171898724623
0.0,0.06841167134023723,0.03419394388207091,0.0,0.16903563445143968,0.015817258728173078,0.0,0.10467004569457106,0.0,0.08771215436662386,0.0,0.12015929153688415,0.02154223593892851,0.0,0.10047105802160794,0.14927184720548356,0.02871485883397997,0.0,0.047611625845795744,0.002388374154204259,0.0,0.03773139007880255,0.0,0.0,0.012268609921197451
0.03659361867575967,0.11038029954263306,0.017750302790728978,0.0,0.18145801639231326,0.0,0.09475933214225091,0.0,0.09957098987834812,0.0,0.03407978965304617,0.025407650924919853,0.0,0.00027334452006611,0.032176226128094905,0.10655870045010638,0.1609917289017326,0.040683803682338454,0.009316196317661549,0.0,0.0,0.011247659606254103,0.0,0.0387523403937459,0.0
0.0,0.0,0.01119355779101805,0.0,0.0,0.030850450305794294,0.0,0.08260885953717916,0.0,0.0,0.1768219728001585,0.2985251595658501,0.0,0.2910414574541394,0.0,0.0,0.008958542545860593,0.024517231375219974,0.02548276862478003,0.0,0.03690684081297242,0.0,0.0,0.013093159187027581,0.0
0.0,0.20288574007088472,0.1643065126490638,0.007897440125884336,0.0,0.07333903849096621,0.025503650725563497,0.08165409464656914,0.044413523291068305,0.0,0.0,0.0,0.03295639635273577,0.0,0.2658954993166562,0.0,0.001148104330608024,0.03998358439668721,0.0,0.01001641560331279,0.0,0.0,0.022013142131044952,0.02798685786895505,0.0
0.0,0.04195729531346695,0.0,0.0007067858453185805,0.11134795093534142,0.10146737503604467,0.0,0.035348577363806706,0.04452014906504368,0.0,0.0,0.26465186644097805,0.04664052133133484,0.03260533898265046,0.001831326875866679,0.14680870867263268,0.07211410413751533,0.0,0.022333250826496967,0.027666749173503036,0.0,0.0,0.047089554738483384,0.0029104452615166185,0.0
0.023002638791886354,0.05549705449572322,0.07760818135386209,0.0,0.032949705014659283,0.0,0.0,0.0,0.0,0.07828969905647926,0.043920017493613114,0.2887327037937766,0.007658156869596644,0.0,0.0,0.2033824817416714,0.08895936138873195,0.0,0.02513152501554022,0.024868474984459783,0.0,0.0,0.022509794226156128,0.027490205773843875,0.0
0.15278268736024064,0.19751588114115287,0.0,0.0,0.0,0.0,0.0,0.060919268667004776,0.0,0.0019797975401099066,0.04450445828601125,0.14229790700548056,0.007617186471566562,0.04927543872563665,0.24310737480279676,0.0,0.0,0.006459630603428981,0.0,0.04354036939657102,0.0,0.0,0.0,0.0291746084632242,0.020825391536775803
0.27372715240518714,0.12654398054703309,0.0,0.0,0.0,8.578204254861e-05,0.03407595759315935,0.025115501387349144,0.14045162602472247,0.0,0.0,0.0,0.01202097691421461,0.0,0.030943764202860206,0.22045489737152404,0.03658036151140114,0.0,0.016658963659583997,0.033341036340416005,0.04986658838356698,0.0,0.00013341161643302263,0.0,0.0
0.0,0.0,0.0,0.0,0.0,0.0,0.0,0.014885083618647155,0.21011145512446353,0.118332243987286,0.25667121726960335,0.0,0.0,0.013855396246602314,0.21657825362982527,0.04233593204827581,0.02723041807529658,0.026947990110124706,0.023052009889875297,0.0,0.008541851185066326,0.0,0.0,0.0,0.041458148814933676
0.2685527281117407,0.08775594711018789,0.0,0.0,0.0,0.005833787756453046,0.1740585764680708,0.0,0.0,0.06379896055354756,0.0,0.0,0.08582355403040735,0.013115929224062906,0.05184339677524241,0.1227321079589192,0.026485012011368127,0.02707979796421584,0.0,0.022920202035784164,0.04605120756659763,0.0,0.0,0.0,0.003948792433402376
0.13912109406903808,0.0,0.09546076338210979,0.25668085276503355,0.0,0.029269175687038854,0.0,0.006482265333669246,0.0,0.0,0.07298584876311048,0.0,0.014320444801207366,0.20809973498561227,0.04788840238915791,0.0,0.029691417824022424,0.004685589083968128,0.0,0.045314410916031875,0.0,0.0,0.04069004734824712,0.009309952651752884,0.0
0.10799437219669444,0.0,0.0,0.0,0.0,0.0,0.09671430437453621,0.004792414328023797,0.09823823479795718,0.0,0.0,0.29226067430278835,0.01922051075432535,0.0,0.0,0.22067228347920598,0.06010720576646865,0.0,0.021522465675550485,0.028477534324449518,0.0,0.026567984148312518,0.0,0.023432015851687485,0.0
0.0,0.11528616909888789,0.0,0.13481803457546512,0.13384880433134386,0.0,0.0,0.0,0.013145522990107739,0.20290146900419534,0.0,0.0,0.026871783379627992,0.0011693255824518634,0.04594939037988745,0.17296364791431384,0.053045852743718855,0.0,0.018437943706287437,0.031562056293712566,0.034970249463388406,0.015029750536611597,0.0,0.0,0.0
0.0,0.023264209139067904,0.20801075866937546,0.039284117888976025,0.0,0.1539119989006316,0.0,0.0,0.0,0.0,0.04620047377125278,0.12932844163069623,0.0,0.07211323398660388,0.07256894373170447,0.022313050106906596,0.13300477217478504,0.04581020676017043,0.0,0.00418979323982957,0.0,0.0077410713218776794,0.04225892867812232,0.0,0.0
0.0,0.0,0.03006156012267305,0.15145959251271615,0.058938653318256984,0.23553628358908346,0.027756540998990935,0.0,0.01982594028467355,0.0,0.0,0.07642142917360581,0.10732482754251832,0.0024816852423420466,0.07467250103302943,0.11552098618211021,0.0,0.04891654923484646,0.0,0.0010834507651535444,0.0,0.0,0.010572831696950086,0.03942716830304992,0.0
0.038578059178751276,0.03746134765674025,0.0,0.06490139565977376,0.2122956651083938,0.0,0.0,0.0,0.0,0.019327210621604363,0.22743632177473658,0.0,0.17214901790683126,0.041148190363700946,0.03934434165340968,0.008149702182136231,0.03920874789392186,0.0,0.020688301422000642,0.02931169857799936,0.043663156779145666,0.0,0.0,0.0063368432208543365,0.0
0.0,0.034268413379409474,0.0,0.21479879695325066,0.0,0.0,0.0,0.0,0.0,0.14751737754686425,0.02220059969899324,0.18121481242148235,0.033923419317721484,0.08570020590836015,0.04437381080359572,0.09873472090935509,0.037267843060967566,0.04939036213917368,0.0006096378608263231,0.0,0.040358093053669164,0.009641906946330839,0.0,0.0,0.0
0.1649425187457105,0.07143309572795056,0.003193023910475823,0.039536410793100184,0.0,0.0,0.0,0.0,0.0,0.028973184270643295,0.08276076226969042,0.20916100428242915,0.1878723934425369,0.01871628937131664,0.0,0.09341131718614645,0.0,0.0,0.012589305964911132,0.03741069403508887,0.0,0.0,0.0,0.029094632783996204,0.0209053672160038
0.06383629887344003,0.028310792505652542,0.0,0.0,0.006664596664016087,0.0,0.0,0.22536993751326287,0.14691486066897125,0.07198982871009231,0.05691368506456482,0.0,0.019843511388152435,0.0,0.0,0.0,0.28015648861184755,0.0,0.011522467188572985,0.03847753281142702,0.03848646960580688,0.0,0.011513530394193124,0.0,0.0
0.0223754684987163,0.0,0.03630546570241363,0.13699170339829353,0.031512052352053885,0.0,0.21285198371642852,0.0503994729586805,0.0,0.02806703636156455,0.08149681701184898,0.0,0.08014703163665937,0.030318571325566517,0.11273218130933726,0.012907238996300474,0.0638949767321364,0.037467217044851724,0.01253278295514828,0.0,0.0,0.041854447024793996,0.008145552975206007,0.0,0.0
0.11379040620132383,0.0,0.0,0.23510656191648382,0.0,0.18870589867017892,0.0,0.0,0.0,0.0,0.010620990005199227,0.05177614320681413,0.036280130244147446,0.033459013274696706,0.02697769784634487,0.06746628518130586,0.13581687345350513,0.0,0.048295750233766845,0.0017042497662331582,0.0,0.0,0.00911842091763436,0.0,0.04088157908236564
0.10998037190500101,0.26604369108797676,0.0,0.0,0.0,0.0,0.02615045469529117,0.026622343213231214,0.16561293244245334,0.0,0.0,0.005590206656046481,0.0012308059196476928,0.0,0.049370782180783626,0.24939841189956866,0.0,0.0,0.03584787694460635,0.01415212305539365,0.041070991540674624,0.0,0.0,0.008929008459325379,0.0
0.0,0.19611774614393887,0.0,0.0,0.03165978168349909,0.023436677986294563,0.09755804383622971,0.14967641243676055,0.02800530951874775,0.0,0.0,0.0735460283945294,0.0066109603360019475,0.0,0.0,0.2651452288400549,0.02824381082394311,0.042412947178241275,0.007587052821758727,0.0,0.0,0.0,0.00440594050739164,0.04559405949260836,0.0
0.00011389589319443783,0.0,0.0,0.04349544124979891,0.0,0.0,0.0,0.09166785517438375,0.24307848565642554,0.02732551289852432,0.0,0.1943188091276729,0.09591767316057787,0.0,0.1058998364561573,0.07643742089417058,0.021745069489094215,0.0,0.022901302160741557,0.027098697839258445,0.0,0.0,0.028197567721397615,0.0,0.021802432278602388
0.23881146027978803,0.0,0.02877349590803021,0.05863974545283169,0.0,0.0,0.06842562978128666,0.19377908824739778,0.0,0.0,0.011570580330665603,0.0,0.044418072100836134,0.2322294976114965,0.0,0.0,0.02335243028766737,0.0,0.006653457948259667,0.043346542051740336,0.024434976024003092,0.0,0.0,0.02556502397599691,0.0
0.0,0.0,0.0,0.0,0.0,0.27171949721817645,0.0,0.14433160252433933,0.003583950645086431,0.0,0.18036494961239777,0.0,0.11624377652911089,0.005185392735542804,0.0,0.12959184473777535,0.048978985997570966,0.0,0.03520726104493684,0.01479273895506316,0.005559214394708571,0.0,0.0,0.04444078560529143,0.0
0.0,0.0,0.07306864468191443,0.0008581530583743335,0.055402653206840374,0.03776813040901404,0.0,0.1469679575194344,0.1311372416482443,0.0,0.0,0.15479721947617814,0.1631041749712646,0.07606584698355107,0.006854669151046544,0.0,0.053975308894137784,0.010675080557167801,0.0,0.0393249194428322,0.0072845256847206,0.0,0.0427154743152794,0.0,0.0
0.01027745280754988,0.0,0.2926161147736584,0.054961490188571174,0.0,0.0,0.03196940020017599,0.0,0.0,0.21017554203004446,0.0,0.0,0.0760663749464946,0.002073210068507525,0.0,0.19411344471352904,0.027746970271468833,0.031247159919377397,0.0,0.018752840080622606,0.006593103456267742,0.0,0.04340689654373226,0.0,0.0
0.19343430010196838,0.0,0.0,0.0,0.0,0.0005294010192082865,0.02549246729489995,0.29069703039597444,0.0,0.025994519841897407,0.06385228134605152,0.0,0.028997632582652588,0.0,0.008133323005279414,0.2334836745617388,0.029385369850329166,0.04314597845981898,0.00685402154018102,0.0,0.003912728735989114,0.0,0.04608727126401089,0.0,0.0
0.0,0.02529787075969082,0.0,0.0,0.0,0.22091302206991348,0.0,0.27831976014402066,0.07359746197631878,0.00187188505005631,0.0,0.0,0.010226636426205027,0.0,0.13193368688946983,0.07506262279279195,0.0827770538915332,0.011353291084235148,0.038646708915764855,0.0,0.032413597409480605,0.0,0.0,0.017586402590519398,0.0
0.04401655546381113,0.2939112627516937,0.03092854413462096,0.03325624715440961,0.0,0.0,0.04362014066144186,0.0,0.0,0.13135790884494597,0.0,0.02290934098907671,0.2608388731555669,0.0,0.01221460545906089,0.026946521385372176,0.0,0.04289120282895342,0.0,0.00710879717104658,0.03567443120932197,0.014325568790678034,0.0,0.0,0.0
0.02775766130552765,0.0,0.018804979592589643,0.04080728682147895,0.0,0.03418267042644714,0.0,0.09303596249482377,0.14249846655258888,0.0,0.16122956723556497,0.08168340557097897,0.0,0.04621524317753266,0.17163639551037538,0.02341947971623276,0.058728881595859234,0.024193156588428383,0.0,0.02580684341157162,0.0,0.03815124595463787,0.011848754045362134,0.0,0.0
0.0008377714372264089,0.0,0.0947004843110425,0.21493914671358708,0.0,0.0,0.0,0.0,0.0,0.02903135951256688,0.0,0.26049123802557717,0.08820186674019662,0.09252169973631319,0.017660363148034652,0.037775200520961234,0.06384086985449428,0.0033837566603136457,0.04661624333968636,0.0,0.03746231826192366,0.012537681738076345,0.0,0.0,0.0
0.0,0.0,0.00871073749268958,0.0,0.0,0.1109679100796821,0.1364844298025462,0.0,0.1274810307401598,0.0,0.2163558918849223,0.0,0.11074089586487745,0.0,0.023391452881913577,0.13992552496664706,0.025942126286561888,0.0,0.03100761837165805,0.018992381628341954,0.0,0.0,0.031062991750469355,0.018937008249530648,0.0
0.2043139234362421,0.0,0.2805730432547121,0.0014690978918558972,0.0871545779122423,0.0,0.0,0.026489357504947502,0.0,0.0,0.0,0.0,0.05419141692970357,0.00043266979914252657,0.14256818389197187,0.07472344337718226,0.028084286001999748,0.0043681031297991,0.0,0.0456318968702009,0.015575967517152477,0.0,0.0,0.034424032482847526,0.0
0.0,0.0,0.0,0.24200588261621328,0.0,0.0,0.022780490726088565,0.06185555789310176,0.19923045730931857,0.0,0.07412761145527777,0.0,0.0,0.0,0.021494020522693946,0.27850597947730604,0.0,0.03456713001850819,0.0,0.015432869981491813,0.0,0.0,0.01877314714998813,0.031226852850011873,0.0
0.10816672237334934,0.04760976535236952,0.0,0.2012315783081645,0.0502672829364207,0.031248650538956573,0.0,0.0,0.0,0.05293405735051722,0.003951013294729688,0.10459092984549245,0.0,0.01073345571262957,0.12885683006233326,0.1604097142250372,0.0,0.0,0.014805014267131975,0.03519498573286803,0.03313261607252438,0.016867383927475624,0.0,0.0,0.0
0.0,0.0,0.0,0.03028724793736585,0.20725645570794984,0.08309038246887734,0.0,0.00047551604866113983,0.0,0.2538293603849538,0.025061037452191966,0.0,0.0,0.03240920000114879,0.0,0.26702949115191627,0.0005613088469349492,0.005676799379464852,0.0,0.04432320062053515,0.03585523369396587,0.014144766306034132,0.0,0.0,0.0
0.2864728126468008,0.0,0.0,0.13403805654083434,0.0,0.015560647088791457,0.09214502092039231,0.03570325103262347,0.0,0.036080211770557605,0.0,0.0,0.08416271907835282,0.0005439048000336899,0.0,0.10993474183043153,0.10535863429118192,0.0,0.044524173809480205,0.0054758261905197975,0.0,0.012465431551129329,0.037534568448870674,0.0,0.0
0.06665809228688829,0.08461714691458803,0.191451911718964,0.06163570968619898,0.09499117140627328,0.0,0.0,0.0,0.0,0.033028841566300725,0.06706238233034337,0.0005547440904433154,0.008532523710110373,0.16541511799617148,0.028436368943063985,0.0,0.09761598935065413,0.0006461092990357603,0.04935389070096424,0.0,0.0,0.024233472136854034,0.0,0.02576652786314597,0.0
0.0,0.021424467790018165,0.0,0.19276099389526039,0.034891419230743875,0.0,0.0,0.10933681392202363,0.0,0.0,0.11036924058934353,0.13121706457261043,0.08114302839550044,0.002928345617224215,0.07938325176091621,0.08308842764551973,0.05345694658083941,0.04272354611490452,0.0,0.007276453885095485,0.0,0.0,0.016936978111090996,0.0,0.03306302188890901
0.058162446592467144,0.2730155086616426,0.0,0.06646822461763194,0.0,0.0,0.15986036951522103,0.0,0.036492095923199304,0.006001354689837868,0.0,0.0,0.20990056489822784,0.028321991858956407,0.0,0.0578810080978331,0.0038964351449826684,0.0,0.0022719919318182832,0.04772800806818172,0.015360822973355337,0.0,0.034639177026644666,0.0,0.0
0.0,0.09077441436861333,0.0,0.10328759820351782,0.0,0.2583852797772199,0.0,0.033891362704509535,0.005570464679616749,0.03661157027584709,0.0,0.07147930999067553,0.2485601673573408,0.04142997085401376,0.0,0.010009861788645436,0.0,0.014394859600003557,0.035605140399996446,0.0,0.0,0.0038784285401693014,0.0461215714598307,0.0,0.0
0.03186907209859547,0.0,0.0,0.13026375956302796,0.0,0.0,0.29008835751595713,0.04522030784175743,0.08608229353878936,0.0,0.0,0.016476209441872558,0.05559638509754239,0.022551898594113717,0.0,0.22185171630834388,0.0,0.008157981706157669,0.0,0.041842018293842334,0.015750985799589244,0.03424901420041076,0.0,0.0,0.0
0.13269448902020625,0.0,0.0,0.28459709616970313,0.06833015579137705,0.0,0.006003497498291321,0.0,0.06977428300931762,0.0,0.0,0.03860047851110459,0.14135481292258067,0.10524273192470451,0.0,0.01620743259166052,0.037195022561054294,0.03007311220318149,0.01992688779681851,0.0,0.02615996295608069,0.0,0.0,0.023840037043919314,0.0
0.0,0.03070317344652681,0.28796730956824784,0.0068455533904878685,0.0,0.23500274837440854,0.039481215220328866,0.0,0.0,0.0,0.0,0.0,0.05463061987349521,0.0,0.2233905112061226,0.0219788689203822,0.0,0.005298045142103289,0.044701954857896714,0.0,0.0,0.03277718140123737,0.01722281859876263,0.0,0.0
0.020113154098362562,0.0,0.0,0.20229955429207455,0.0,0.1591211052903114,0.1532385330259632,0.06522765329328822,0.0,0.0,0.0,0.0,0.1981573407974402,0.06211213351535896,0.011059809514595398,0.0,0.028670716172605425,0.04494374754656211,0.0,0.0050562524534378955,0.0,0.026075718957639292,0.0,0.02392428104236071,0.0
0.06378921348811128,0.0,0.04419807455314348,0.0,0.0,0.2965662251805083,0.0,0.0,0.0,0.02033112011732141,0.17511536666091548,0.0,0.16935590663173092,0.0,0.07057236620595211,0.02229936559545398,0.037772361566862964,0.0,0.04385769474860944,0.006142305251390562,0.0,0.034351877792025566,0.0,0.0,0.015648122207974437
0.0,0.0,0.09234506060241632,0.0,0.07637340961075398,0.18302741511731652,0.09549122871063218,0.14026348421398746,0.0,0.012499401744893501,0.0,0.0,0.22577404901143017,0.023553150949465473,0.0,0.0,0.05067280003910436,0.04981406602906464,0.00018593397093536607,0.0,0.03324509992696292,0.0,0.0,0.01675490007303708,0.0
0.1291659703792933,0.0,0.2068684285516725,0.00233071102312965,0.07164996768937434,0.0,0.0,0.0,0.04027454943767357,0.14971037291885658,0.0,0.0,0.03316049086964782,0.014960866541093298,0.25187864258925885,0.0,0.0,0.0,0.01687594403265539,0.033124055967344614,0.0,0.0,0.03912533926455297,0.0,0.010874660735447031
0.18289235531593173,0.0,0.0,0.026784449369505445,0.0,0.013362940130567269,0.0,0.0,0.0,0.1982671375016913,0.17869311768230423,0.0,0.09785826349293703,0.013978156173241607,0.12758005050828725,0.0,0.060583529825534096,0.017912727622043698,0.0,0.032087272377956305,0.0330266907783718,0.0,0.0169733092216282,0.0,0.0
0.0,0.0,0.20854254895638863,0.04097461414439732,0.0039279017048268194,0.0,0.0,0.2055776127082952,0.0,0.14097732248609207,0.0,0.0,0.0037415374849056326,0.1889659334572392,0.03591120787521924,0.0,0.07138132118263592,0.03720521957467295,0.0,0.01279478042532705,0.0,0.011535637801080467,0.0,0.0,0.038464362198919536
0.1006479582667889,0.02514865080895982,0.0,0.06982440130934665,0.0,0.0,0.0,0.0,0.011227029972461833,0.161755258813076,0.23139670082936678,0.0,0.07613445705599774,0.10054091162524642,0.05645859394642916,0.06426235784600831,0.0026036795263183476,0.043858334446664385,0.0,0.006141665553335618,0.03024447631635368,0.0,0.019755523683646324,0.0,0.0
0.0,0.022315423759830755,0.24202569161233287,0.0,0.0,0.0,0.0,0.1292502085955177,0.0,0.2064086760323187,0.0,0.0,0.22022819844235175,0.0,0.0463376131492404,0.029187682293368374,0.004246506115039461,0.01927543956028389,0.030724560439716112,0.0,0.029405223639210342,0.0,0.02059477636078966,0.0,0.0
0.0031700499563929174,0.0,0.08191042440173896,0.0,0.05496107841494342,0.05994958758749008,0.0,0.1674696464921754,0.07192059386560365,0.1149384294298578,0.0,0.0456801898517977,0.028303245385156175,0.06405524336784084,0.00343132997146528,0.0,0.20421018127553767,0.03049230616505856,0.0,0.019507693834941442,0.0,0.0,0.0,0.03275634088592982,0.017243659114070185
0.0,0.010494869092571135,0.031638161098482095,0.044537345998001174,0.0,0.2430470778934009,0.0,0.0,0.044177544368549704,0.0,0.0,0.22610500154899488,0.0,0.23046620619429065,0.0,0.04715818379953522,0.022375610006174107,0.0,0.04705754394989578,0.0029424560501042224,0.02870855320750913,0.0,0.0,0.021291446792490874,0.0
0.22833805953942565,0.0,0.0,0.007303907971526913,0.030481591663551952,0.1733961412120164,0.16048029961347912,0.0,0.0,0.0,0.0,0.0,0.009853052052432199,0.025761388536378473,0.23253804694682173,0.0,0.031847512464367546,0.018936046581501446,0.031063953418498557,0.0,0.0,0.0,0.0014782870005314447,0.04852171299946856,0.0
0.05021047254693009,0.008740088109314259,0.0,0.0,0.0,0.19827069600975225,0.23273222669560364,0.025637274704064555,0.0,0.0,0.0844092419343352,0.0,0.0,0.24245315313517946,0.035112355229568765,0.0,0.02243449163525174,0.016204961350376773,0.03379503864962323,0.0,0.02739305726829043,0.0,0.0,0.022606942731709573,0.0
0.02511884065573151,0.0,0.268242754043544,0.1192997659292232,0.14037765899828178,0.04497802261482356,0.0,0.0,0.0,0.0,0.0019829577583959646,0.0,0.03166025358282612,0.027569776683704868,0.018751254064971745,0.17350263755165654,0.04851607811684072,0.04655635041852704,0.00344364958147296,0.0,0.0,0.006410694083415505,0.0435893059165845,0.0,0.0
0.0,0.0,0.0,0.027232747842839796,0.025172744838444793,0.24317105773140232,0.0,0.21206170891110315,0.07289883621234727,0.019462904463862674,0.0,0.0,0.05473889937258964,0.1749554274300879,0.06770046957048294,0.0,0.002605203626839525,0.0,0.04109021917096302,0.008909780829036984,0.0,0.0,0.04720323167967177,0.0027967683203282342,0.0
0.28385169934278426,0.0,0.0,0.0,0.25017343078204773,0.0,0.018196666438711318,0.0,0.0,0.0,0.047778203436456626,0.0,0.08396212321128083,0.1639699843888561,0.007530719906785943,0.0445371724930771,0.0,0.002124200526300739,0.047875799473699264,0.0,0.0,0.022378892059689248,0.0,0.0,0.027621107940310755
0.06823693077513025,0.0,0.27094285563553067,0.0,0.026125349496140676,0.0,0.09082268710904062,0.0,0.054784247325516885,0.08586637262689495,0.0,0.0032215570317458697,0.13609125598162605,0.00820692111866006,0.0,0.11205362083931325,0.04364820206040065,0.04802511472913239,0.0019748852708676157,0.0,0.0,0.00786671501301138,0.04213328498698862,0.0,0.0
0.00022717230339208694,0.22070542934731127,0.0,0.0,0.0,0.0,0.0,0.03826648989452003,0.07576120867824385,0.0,0.0,0.2650396997765327,0.0835216074468933,0.0,0.2155094108909144,0.0009689816621922809,0.0,0.0,0.020406794497467625,0.029593205502532378,0.00024079840928328128,0.0,0.0,0.0,0.04975920159071672
0.0,0.03785706209246564,0.0,0.0010036606352606947,0.19542160715914927,0.0,0.0,0.0,0.24382451366042535,0.02972476037789345,0.09216839607480568,0.0,0.0,0.2940611474923109,0.0,0.0059388525076891074,0.0,0.03638128108776647,0.0,0.013618718912233534,0.0,0.0,0.012555138214909937,0.037444861785090065,0.0
0.0,0.025128019405585726,0.0,0.0,0.005480836964519842,0.10573785049103177,0.28483007167381635,0.0,0.0,0.0,0.0,0.17882322146504628,0.07167986475040619,0.04141890774179997,0.03826951614226977,0.1126993307765134,0.03593238058901066,0.04816309580542912,0.0,0.0018369041945708806,0.018547223205164116,0.031452776794835886,0.0,0.0,0.0
0.0,0.0,0.2220052532632732,0.027468460912486017,0.0,0.026037076245869907,0.026199593483606558,0.0321342506236961,0.0,0.01983070017938038,0.0,0.24632466529168784,0.0,0.1696481176805532,0.09794207591433246,0.02793738086870514,0.004472425536409197,0.036546752677988965,0.0,0.013453247322011037,0.01736269924777295,0.0,0.0,0.03263730075222705,0.0
0.10493083245352505,0.0,0.0,0.0,0.0264902667577724,0.2616530302830514,0.0,0.00018940841916703643,0.0,0.036529564774851794,0.0,0.1702068973116322,0.0,0.014617408720453529,0.20560007782201742,0.0,0.07978251345752904,0.0,0.00712940893914938,0.04287059106085062,0.009719075169678015,0.0,0.0,0.0,0.04028092483032199
0.2586268009525574,0.0,0.0,0.0,0.013064523781940118,0.22869469350360055,0.0,0.06105610268265092,0.0,0.0,0.03855787907925102,0.0,0.015750591465110764,0.0,0.0,0.23192121486665024,0.05232819366823899,0.04196920624408372,0.008030793755916282,0.0,0.0036966807522084144,0.0,0.0,0.04630331924779159,0.0
0.2540533739521165,0.02552219147292581,0.0,0.059816497451508646,0.0,0.09412881511908774,0.13270241149598475,0.0,0.0031989400573558813,0.0,0.030577770451020628,0.0,0.0,0.0,0.005315989310767155,0.29468401068923283,0.0,0.0023988907947164045,0.0476011092052836,0.0,0.0,0.017679853933702395,0.0,0.0,0.03232014606629761
0.01897735669870193,0.0,0.2624562424187207,0.0,0.0,0.11483932966081317,0.0,0.20372707122176423,0.0,0.0,0.0,0.0,0.025812379763447163,0.0006047400217646381,0.08160210552927233,0.1919807746855159,0.0,0.006828306323521979,0.0,0.043171693676478023,0.027228861458617578,0.0,0.0,0.0,0.022771138541382425
0.0576736162206842,0.05667308427174539,0.12924026520588697,0.0,0.08334438281550191,0.0,0.0,0.0,0.06949666119478412,0.0,0.023540777279521752,0.18003121301187555,0.009360084654279788,0.0,0.2906399153457202,0.0,0.0,0.02302490188030254,0.026975098119697463,0.0,0.02613555357946723,0.023864446420532773,0.0,0.0,0.0
0.0,0.07960688294600007,0.21169844991811881,0.05119533518099553,0.0,0.0,0.013351309115668952,0.03024791817974885,0.0,0.18757927191723797,0.02632083274222989,0.0,0.07430939333080927,0.011643356592395848,0.0,0.13655509984613357,0.07749215023066133,0.03641975264676344,0.013580247353236562,0.0,0.042419290723707696,0.0,0.0,0.0075807092762923065,0.0
0.27646364558157355,0.0,0.023870169068768488,0.0,0.0,0.07685711271313858,0.06221352144115154,0.0,0.0,0.0,0.16059555119536786,0.0,0.0,0.0,0.01459808135103502,0.08589814356198149,0.19950377508698347,0.0,0.04599253533305835,0.00400746466694165,0.0,0.023712782215818684,0.02628721778418132,0.0,0.0
0.02869599144033565,0.0,0.0,0.0,0.11620143105732919,0.0,0.23597325627588742,0.0,0.1640439857706478,0.005764917482364407,0.0,0.04932041797343553,0.00566944529448038,0.1627111026526768,0.05559453724139119,0.0760249148114516,0.0,0.0,0.030456262215108255,0.019543737784891747,0.03498940240871085,0.0,0.0,0.0,0.01501059759128915
0.027240090812444936,0.0,0.0,0.0,0.015626201224754777,0.0,0.2714663208057995,0.027432533279252276,0.0,0.17722551192652292,0.027106313297630826,0.05390302865359471,0.026410722759280667,0.02608369646362846,0.24742708337219957,0.0,7.849740489124235e-05,0.03201372103786089,0.0,0.017986278962139113,0.0,0.02953058337670207,0.02046941662329793,0.0,0.0
0.2435503283575581,0.0,0.0,0.0,0.0,0.01153136677053368,0.0,0.0,0.2713178756423336,0.0,0.0,0.07360042922957451,0.293979864737331,0.0,0.00602013526266898,0.0,0.0,0.0032086746539961436,0.0,0.04679132534600386,0.015233228359444198,0.0,0.0,0.034766771640555805,0.0
0.0,0.0,0.0,0.00042081186572162643,0.0,0.25342510615161373,0.02870747770295239,0.28622140626898157,0.0,0.0,0.0,0.031225198010730693,0.0,0.0,0.022780553849952312,0.13496870764122906,0.1422507385088186,0.0,5.994466581531188e-05,0.04994005533418469,0.0,0.0,0.0,0.0077666251157527955,0.04223337488424721
0.03424520966430292,0.0,0.0,0.0,0.2792812241066112,0.0,0.0,0.02490931112323258,0.0,0.2615642551058533,0.0,0.0,0.006732546749645907,0.23846840971847924,0.0,0.054799043531874855,0.0,0.01201576606170595,0.0,0.03798423393829405,0.0,0.0,0.0,0.0030381696225758315,0.04696183037742417
0.0,0.03975466660484479,0.0,0.0,0.0305852680472901,0.13635961422335424,0.03201476623428534,0.01269265420058685,0.08627296231994211,0.26232006836969646,0.0,0.0,0.0,0.0,0.01573987706040164,0.03379142231071487,0.2504687006288835,0.03433125090074146,0.01566874909925854,0.0,0.036663104191326415,0.0,0.013336895808673588,0.0,0.0
0.0,0.018079322214306637,0.0,0.0,0.2977707269214824,0.2268014232346407,0.0,0.0,0.057348527629570184,0.0,0.0,0.0,0.04076370498872933,0.0,0.2507421944242104,0.008494100587060238,0.0,0.046979162447652885,0.0,0.003020837552347118,0.004146730098332711,0.0,0.0,0.0,0.04585326990166729
0.0,0.0,0.0,0.23953665691441822,0.0,0.21293696277713492,0.14001041929583458,0.0,0.0075159610126122045,0.0,0.0,0.0,0.02003000022517687,0.027951996969045635,0.25201800280577746,0.0,0.0,0.0,0.014118630192720846,0.035881369807279156,0.0,0.0,0.04997607899365797,2.39210063420342e-05,0.0
0.02891567176602809,0.0,0.0,0.0,0.12567175334494574,0.0,0.04255855247252768,0.24353670862641033,0.1560754199451049,0.0,0.0032418938449833012,0.0,0.013815480582432316,0.0,0.2861845194175677,0.0,0.0,0.02075453100428997,0.0,0.029245468995710032,0.0,0.0,0.0,0.005992145545774583,0.04400785445422542
0.0,0.004463043538904032,0.0900111312525663,0.0,0.29644772532605146,0.0,0.0,0.0,0.05863485593690212,0.0,0.0,0.1504432439455761,0.062156205905029994,0.054517434295425285,0.06230828097210905,0.08306310310033287,0.0379549757271028,0.0,0.04927365529404684,0.0007263447059531608,0.0,0.032282412606627835,0.0,0.0,0.017717587393372168
0.0,0.12764502712137443,0.14601707441523012,0.17780797363471382,0.0,0.03741899475110225,0.0,0.09698852617616135,0.0,0.0,0.014122403901417946,0.0,0.0,0.0,0.01708601276829258,0.2829139872317074,0.0,0.0,0.04639238502094048,0.003607614979059523,0.0015989563512692484,0.048401043648730754,0.0,0.0,0.0
0.0,0.013401909635271214,0.07827394104535045,0.0,0.0,0.15356313080980702,0.1971103541172077,0.0,0.0,0.0,0.06391294133358871,0.0937377230587749,0.025800232365718385,0.10022608752538434,0.08802267218613952,0.08140030983653238,0.00455069808622538,0.0,0.01333361164784673,0.03666638835215327,0.0,0.03739749780528904,0.012602502194710964,0.0,0.0
0.0,0.025172728284300852,0.22663486554145684,0.05729871207666701,0.0,0.08616146712322889,0.0,0.20404622918646034,0.0,0.0,0.0006859977878860279,0.0,0.02480578245848436,0.0,0.16174151499734937,0.11345270254416626,0.0,0.0,0.028574181485987938,0.021425818514012065,0.0,0.04254232534773876,0.0,0.0074576746522612425,0.0
0.04690999255185638,0.0,0.0,0.03981745809429607,0.1394643838458906,0.2156771918382692,0.0,0.04253857042311553,0.05709297886397658,0.0,0.02073434101772187,0.037765083364873865,0.03628697703230235,0.03866247808139872,0.05284287521959047,0.14886148246125988,0.023346187205448565,0.0,0.03433270649409074,0.015667293505909265,0.03796668216484057,0.0,0.0,0.0,0.01203331783515943
0.0,0.19516433358285606,0.0,0.024248482114565095,0.0,0.12753618179993767,0.0,0.25305100250264106,0.0,0.0,0.0,0.0,0.04674721063226442,0.10109755433629206,0.05165408457299548,0.028225691181826468,0.07227545927662156,0.00725400437683521,0.0,0.04274599562316479,0.003871987977733894,0.0,0.0,0.04612801202226611,0.0
0.0,0.0,0.019373704488365395,0.0,0.22057794747816775,0.0,0.07476936391390768,0.28527898411955915,0.0,0.0,0.0,0.0,0.07175977215024723,0.10927615740001353,0.08329901085175818,0.032650529146898505,0.00301453045108252,0.0,0.029535962389774763,0.02046403761022524,0.0,0.030988089323611207,0.0,0.0,0.019011910676388796
0.002738290013356459,0.04088219359622884,0.0,0.0,0.0,0.2614652167937824,0.0,0.0,0.0,0.2569800642135907,0.0,0.03793423538304161,0.026011969510840866,0.04895763234952183,0.14234425159727598,0.026319849745526668,0.05636629679683465,0.029611429470923576,0.020388570529076427,0.0,0.0,0.0,0.0,0.015535731937731237,0.034464268062268766
0.0,0.0,0.0,0.2885988144170335,0.0,0.0,0.05733268435629682,0.19949519712174527,0.0,0.02595750009149033,0.002298971201534661,0.026316832811899473,0.16506352441222133,0.011940284348238295,0.08026113916764714,0.04273505207189321,0.0,0.013755075567089964,0.03624492443291004,0.0,0.0,0.0,0.016523946422498215,0.0,0.03347605357750179
0.1165211641517016,0.0,0.0,0.07048755813589483,0.012568679826575169,0.2451487604060919,0.0,0.0,0.0,0.08067790406470798,0.07459593341502847,0.0,0.0,0.007759639130554219,0.07393481357936715,0.0457202690026426,0.17258527828743603,0.0,0.00037087214459562146,0.04962912785540438,0.0,0.02367917257946672,0.0,0.0,0.026320827420533283
0.0,0.29637383926879785,0.0,0.0,0.0,0.0,0.0138414700100975,0.28978469072110463,0.0,0.0,0.0,0.0,0.1359883079846755,0.006809805319612172,0.06250555105817318,0.0,0.09469633563753913,0.03157507926671419,0.01842492073328581,0.0,0.026486324474656885,0.0,0.023513675525343117,0.0,0.0
0.0,0.006686474189519176,0.0,0.027996922807992056,0.045672961362321934,0.20483165049297808,0.0,0.03851183452037068,0.14819932992165824,0.12810082670515985,0.0,0.0,0.026169722343011126,0.026292580307437027,0.0,0.0010156423204105147,0.2465220550291413,0.0,0.03202044803165773,0.01797955196834227,0.042851981177355156,0.0,0.007148018822644847,0.0,0.0
0.038172408620207744,0.07269423433367896,0.11846211106115478,0.0,0.03333345555530828,0.0,0.0,0.0,0.0038215129088075006,0.029970968426671914,0.12272730291957828,0.18081800617459257,0.040153965404076654,0.0697729086973853,0.07281989533105589,0.11019967936486896,0.007053551202613195,0.0,0.020206883307169913,0.02979311669283009,0.0,0.0,0.01885908674275411,0.0,0.031140913257245894
0.048147729366296396,0.026449455897027605,0.0,0.06737271625561383,0.16381316040904734,0.03234682686456702,0.00031729305656025275,0.2615528181508875,0.0,0.0,0.0,0.0,0.0,0.13812834100426388,0.058754646699638854,0.014271262423045106,0.08884574987305216,0.011850551643691268,0.038149448356308735,0.0,0.0499610100917056,0.0,0.0,0.0,3.898990829440119e-05
0.0,0.06970588276845652,0.12744660138167035,0.0,0.04338207792442751,0.02675904158968096,0.0,0.0,0.0,0.025237561062068432,0.01102428831320501,0.2964445469604911,0.22876278416856774,0.0005732768099757091,0.0,0.026201955294108986,0.044461983727347575,0.008252391550136129,0.041747608449863874,0.0,0.014003426815436149,0.0,0.035996573184563854,0.0,0.0
0.0,0.04238569324731678,0.28857047211663983,0.0,0.0,0.04955201250454518,0.09243645480271712,0.0,0.0,0.0,0.00178713088664062,0.12526823644214044,0.02110317438052578,0.04202991350070684,0.11845233347088138,0.07100681658164613,0.047407762066239874,0.012512531870240567,0.037487468129759435,0.0,0.0,0.0010073409174110037,0.048992659082589,0.0,0.0
0.03410916134457021,0.0,0.0,0.0,0.0,0.0,0.005734869615239724,0.16204488183872132,0.0,0.0,0.13684106009711083,0.26127002710435787,0.14492480502935207,0.0,0.059198969118923556,0.09093302834692696,0.004943197504797381,0.0,0.048410720213161826,0.001589279786838177,0.0,0.0,0.0,0.029575093546635095,0.020424906453364908
0.1196899506336411,0.0,0.0,0.0,0.008429002201915003,0.0,0.0,0.0,0.19986277583557122,0.0,0.054646145959785924,0.21737212536908676,0.03773835383475246,0.02107048682973195,0.0,0.0,0.24119115933551558,0.0,0.01285872581223177,0.03714127418776823,0.0,0.02149723415833488,0.0,0.0,0.028502765841665122
0.10260829793809356,0.15274254703624565,0.0,0.0,0.0,0.19216903508578237,0.025260631077260974,0.012584662933899038,0.08166172913062726,0.0,0.0,0.03297309679809117,0.016157881039482735,0.19170682146949228,0.0,0.02720211224622049,0.06493318524480449,0.042012387939690546,0.0,0.007987612060309457,0.0,0.0,0.0,0.01004920097191548,0.03995079902808452
0.11056188838588513,0.023164467733937766,0.056087962501080044,0.17355741710740125,0.054265622818481754,0.0490411281816341,0.0,0.052856561342291955,0.02534144117576474,0.05512351075352331,0.0,0.0,0.1047749111906528,0.025167604597902595,0.07637944300533969,0.006319002562088283,0.08735903864401665,0.04446589017046962,0.0,0.005534109829530384,0.005347519399735115,0.0,0.0,0.0,0.04465248060026489
0.0,0.0,0.0129094917717123,0.0,0.0,0.0,0.24329325883133343,0.0,0.12051206999969,0.0,0.22328517939726425,0.0,0.05246540169376472,0.010558102666401503,0.05545924678874961,0.0,0.1815172488510842,0.029983708782569358,0.020016291217430645,0.0,0.048236131690742964,0.0,0.0,0.0,0.0017638683092570384
0.0,0.0059168534527156424,0.0,0.04254913808715596,0.2642493408214823,0.0,0.029482167372420792,0.0,0.0,0.21383839007128413,0.043964110194941064,0.0,0.10078561581965867,0.03292883633177656,0.03810207589087153,0.025123481769490315,0.10305999018820292,0.000630162606643607,0.0,0.049369837393356396,0.0,0.013527112161486665,0.0,0.03647288783851334,0.0
0.03041082717341633,0.0,0.0,0.0,0.0,0.28629625051844704,0.0,0.026857553791258634,0.0,0.0,0.007606635528485506,0.24882873298839248,0.13861262413244912,0.008604394485450861,0.12547646181336955,0.02730651956873045,0.0,0.0,0.03297778879476525,0.017022211205234755,0.0336779349171567,0.0,0.0,0.0,0.016322065082843305
0.14067009973737363,0.035700020271247704,0.0,0.0,0.0,0.0,0.1788086735930711,0.0,0.013551205125130972,0.03824903990525911,0.0,0.19302096136791744,0.0,0.09118529168100525,0.17107504690544556,0.009214302281479625,0.02852535913206956,0.017279085332145415,0.03272091466785459,0.0,0.0,0.036262959109799535,0.0,0.0,0.013737040890200468
0.0017038577244176123,0.047211682277193565,0.0,0.0,0.02844348732263762,0.19833454192289868,0.0,0.2625679284323987,0.026573322259358337,0.03516518006109552,0.0,0.0,0.008386766360494013,0.0,0.0,0.0,0.291613233639506,0.0,0.035276226749115916,0.014723773250884087,0.0,0.0,0.04273381896149994,0.007266181038500061,0.0
0.0,0.058233675548556525,0.00013121483731048933,0.0,0.1863233310996374,0.0,0.0,0.14081538418540246,0.0,0.07651388714111898,0.0,0.1379825071879741,0.04441738659515222,0.1453661164840964,0.0,0.006705796530601327,0.10351070039015006,0.02941004434642073,0.020589955653579274,0.0,0.0,0.019929595295451824,0.03007040470454818,0.0,0.0
0.0,0.1125295982996933,0.0977841672552571,0.0,0.0,0.07541205267372358,0.006037009560232898,0.06613442717636536,0.08637031296687059,0.0,0.15573243206785717,0.0,0.013209712521738637,0.0,0.0,0.0,0.28679028747826135,0.02843203176302976,0.0,0.021567968236970242,0.010744697074953631,0.0,0.0,0.03925530292504637,0.0
0.0,0.07476702092409503,0.24022721169491543,0.0,0.0,0.26800477574780124,0.0,0.0,0.0,0.017000991633188245,0.0,0.0,0.010302055110694541,0.22931573824614682,0.03438343505081776,0.0,0.02599877159234088,0.04615232667187062,0.0038476733281293807,0.0,0.0,0.0,0.0,0.048196622564594664,0.0018033774354053386
0.21450416271194883,0.0,0.0,0.0,0.0,0.007433946457749641,0.04380203481969339,0.0627511548502783,0.04714826326359059,0.07553742117863413,0.0,0.14882301671810516,0.056555137823082996,0.0,0.007060214040330359,0.2363846481365866,0.0,0.03496984700864604,0.0,0.015030152991353962,0.034106347910680214,0.0,0.01589365208931979,0.0,0.0
0.0,0.034905668155716926,0.23199759732126665,0.06991480852163218,0.0,0.06985458424276678,0.15952722536571926,0.03016949476920953,0.003630621623688657,0.0,0.0,0.0,0.030287371545328144,0.23258766568309053,0.03597792281371288,0.0,0.0011470399578684676,0.035012369597495756,0.014987630402504247,0.0,0.011754226525290262,0.0,0.03824577347470974,0.0,0.0
0.0698180074652034,0.0681001357883983,0.1755512077407893,0.17617911521182944,0.1038516398403378,0.006499893953441638,0.0,0.0,0.0,0.0,0.0,0.0,0.0,0.2649722432273286,0.0009278502185317006,0.0340999065541397,0.0,0.018519912921092126,0.03148008707890788,0.0,0.0,0.0,0.012194521416281995,0.0,0.03780547858371801
0.0,0.21057684885475467,0.0,0.0,0.0,0.11984482583503689,0.0,0.0011771529378544754,0.0,0.0,0.22234231676917135,0.04605885560318258,0.025621987132493217,0.0002604928988192978,0.2063244688860272,0.0,0.06779305108266026,0.03327991413419945,0.0,0.016720085865800552,0.0,0.0,0.0,0.035190377679943964,0.014809622320056039
0.0,0.0,0.053976187739338155,0.011234705766044129,0.0,0.0,0.0,0.05024275681006064,0.0,0.2811341072306841,0.0,0.20341224245387296,0.1192405967059538,0.008917489628516184,0.0,0.0,0.17184191366553003,0.04040418839651576,0.009595811603484244,0.0,0.0,0.01954144724729768,0.0,0.030458552752702324,0.0
0.0,0.0,0.0,0.2647933622104075,0.0,0.294967547454091,0.0,0.0,0.0008373439213825717,0.03940174641411892,0.0,0.0,0.17702831994155382,0.02530527359682855,0.004302615976767676,0.0,0.09336379048484997,0.041898604797655566,0.008101395202344437,0.0,0.0,0.0,0.0,0.01766127398044009,0.032338726019559914
0.0,0.0,0.0,0.2384375168249832,0.0,0.22638111868614896,0.05624270364780626,0.0,0.0,0.05416785098757041,0.0,0.024770809853491116,0.0,0.0,0.0,0.0222582913339881,0.2777417086660119,0.027296098582635736,0.0,0.022703901417364267,0.0,0.0,0.0,0.026062006390797844,0.02393799360920216
0.0987495488831488,0.0,0.0010629885669097838,0.0,0.26788646562152363,0.0,0.0,0.07093004206530161,0.0,0.07976288382175584,0.08160807104136034,0.0,0.13121289986208565,0.08541986526030149,0.02458613564201234,0.032326831612808214,0.026454267622792287,0.03913255452136823,0.0,0.01086744547863177,0.0,0.022012032856571495,0.027987967143428508,0.0,0.0
0.21874776464033108,0.09839018940848993,0.05774801737246775,0.04097934919751342,0.0,0.0,0.04366090567532714,0.07988737125676351,0.0,0.006572059393086693,0.05401434305602041,0.0,0.0,0.04868105236781754,0.0,0.0018736596644350345,0.24944528796774743,0.02525680328376252,0.02474319671623748,0.0,0.0,0.022216190382961933,0.0,0.02778380961703807,0.0
0.0,0.0,0.0005453237613833872,0.0,0.0,0.20233377104434694,0.2928772329483271,0.0,0.0,0.07362689139875969,0.0,0.030616780847182924,0.04331640378749707,0.13116636112159707,0.046565096362800595,0.048002149560338325,0.030949989167766923,0.014055536035827446,0.0,0.03594446396417256,0.04476340411934114,0.0,0.0,0.0,0.005236595880658862
0.0,0.0,0.0,0.003692376245767237,0.0,0.0,0.09620431769858576,0.039429384794780684,0.0,0.26600781192659556,0.0,0.19466610933427078,0.0,0.0234949158836516,0.0,0.0,0.2765050841163484,0.0,0.0030353481657858436,0.04696465183421416,0.0,0.004334303302338353,0.04566569669766165,0.0,0.0
0.12362302871612044,0.0,0.06055996599043243,0.0,0.0,0.19685501765453997,0.026978114849214307,0.0,0.17596752348375141,0.0,0.016016349305941424,0.0,0.0,0.22315988008410348,0.06543745543308624,0.0,0.011402664482810299,0.01688803318279579,0.033111966817204214,0.0,0.024682039593489736,0.0,0.025317960406510267,0.0,0.0
0.03717518496022612,0.0,0.06888971121971554,0.00892686948172905,0.0,0.25937479229153,0.0,0.0,0.0,0.026014990492423107,0.0,0.19961845155437627,0.004781451831766315,0.09125362721541547,0.12325858398557568,0.05531537208151205,0.02539096488573046,0.027338804877730872,0.02266119512226913,0.0,0.0,0.033646009841194036,0.016353990158805967,0.0,0.0
0.2753063062179485,0.0,0.0,0.0,0.0,0.011475604110598892,0.0,0.0,0.26363424522779555,0.0,0.0,0.049583844443656995,0.07171255636502201,0.04363389141787222,0.13609165145135008,0.047699952324035885,0.0008619484417198287,0.0,0.029967993646291328,0.020032006353708675,0.0037871581805786064,0.046212841819421396,0.0,0.0,0.0
0.0,0.1125882102831498,0.0,0.1424907790163785,0.0,0.07975840119442823,0.0,0.2019438772438274,0.020850044208210905,0.04236868805400519,0.0,0.0,0.04114836728397362,0.03627325336412167,0.0036131962370828385,0.12408688559196296,0.09487829752285892,0.020537721659004957,0.0,0.029462278340995046,0.04867517982429353,0.0,0.0,0.0,0.0013248201757064745
0.07010122869039087,0.18547375071923583,0.0,0.0,0.0451529664913211,0.0,0.0,0.0,0.24048111332704816,0.0,0.0062851484321048146,0.05250579233989915,0.0,0.0,0.2836698399834575,0.0,0.016330160016542472,0.02734691493577659,0.0,0.02265308506422341,0.0,0.0,0.016270206105974107,0.033729793894025896,0.0
0.02581711586845003,0.15724734522221925,0.0,0.07722696203678953,0.0,0.05073700578338648,0.0,0.0,0.0,0.0,0.2870465258547872,0.0019250452343675395,0.0,0.14428280945139857,0.026335898799671423,0.014708021264122184,0.11467327048480783,0.03729784758548887,0.012702152414511135,0.0,0.0,0.02238366529330801,0.0,0.0,0.027616334706691992
0.0,0.18044211319846643,0.0,0.04235763798380042,0.20989443466216084,0.01612544162451013,0.0,0.0,0.0,0.0,0.0,0.1511803725310621,0.01123410608235037,0.20972554510484095,0.0,0.07904034881280864,0.0,0.0,0.04685237733004337,0.0031476226699566345,0.04657180934912419,0.0,0.003428190650875816,0.0,0.0
0.0,0.0,0.23859998848012925,0.03489459440832748,0.0,0.035546578086920105,0.2749837891206543,0.0,0.01597504990396892,0.0,0.0,0.0,0.14033250941494516,0.0016060854928294788,0.08887233274734813,0.025242090455721396,0.043946981889155814,0.0,0.036112379359546073,0.01388762064045393,0.0,0.0,0.0,0.014307250296346483,0.03569274970365352
0.0,0.0,0.007849894729435758,0.0,0.0,0.0,0.0,0.2399718446066071,0.11539458328351998,0.0,0.0791417945891755,0.1576418827912617,0.0045306049035118146,0.025175190989565298,0.02643872651379769,0.13919057715998204,0.10466490043314317,0.031494391294707304,0.0,0.0185056087052927,0.02751031474327681,0.0,0.0,0.0,0.022489685256723194
0.0,0.0107113355014814,0.0,0.14855762551583426,0.0,0.265918827921033,0.0,0.12368886908581547,0.0,0.051123341975835866,0.0,0.0,0.02811500701361209,0.05229431061521638,0.03435324674452597,0.08010770781885079,0.10512972780779475,0.0,0.01214346767030175,0.03785653232969825,0.0,0.0,0.039769163832010644,0.0,0.010230836167989359
0.0,0.20645037668603575,0.025540883320503107,0.030291399130672324,0.14983411145517855,0.0,0.0,0.12326415259810095,0.0007514064354705585,0.06386767037403879,0.0,0.0,0.0530397154857257,0.025128617151861835,0.05769695648222727,0.1032703754284133,0.06086433545177189,0.0,0.030701041750800018,0.019298958249199985,0.04732644356389738,0.0,0.0,0.00267355643610262,0.0
0.0,0.21307834059203795,0.06363371067870824,0.0,0.0,0.0,0.0,0.00630683749431582,0.0,0.28187485886802893,0.03510625236690896,0.0,0.299177343966802,0.0008226560331979771,0.0,0.0,0.0,0.016678290126586073,0.0,0.03332170987341393,0.03329329142188672,0.0,0.0,0.01670670857811328,0.0
0.0,0.0,0.11730887051674338,0.25964545176773857,0.0,0.0,0.0,0.0,0.0,0.0,0.2102889576941999,0.012756720021318113,0.23251138631664578,0.004354342031830882,0.037351180364520724,0.02578309128700261,0.0,0.04811206413777894,0.0,0.0018879358622210657,0.0,0.0,0.0,0.00303261807817104,0.04696738192182896
0.01725128614306548,0.06345224272022829,0.04766877738525657,0.0,0.0,0.15522153277671308,0.0,0.19940801879526773,0.0,0.08144903560425748,0.0,0.035549106575211376,0.0277998750028029,0.014274174733108602,0.15626788215222173,0.10165806811186678,0.0,0.018365914293608135,0.03163408570639187,0.0,0.0002686908091810575,0.0,0.0,0.049731309190818945,0.0
0.0,0.0,0.0,0.0365117527227374,0.05731865205379579,0.15988135966418768,0.0,0.0,0.02763141860570338,0.0,0.019412677298988434,0.29924413965458724,0.09663363400583827,0.11377390943306717,0.005559762417828684,0.08403269414326585,0.0,0.0,0.008629371361845786,0.04137062863815422,0.0,0.0,0.01923867438854026,0.0,0.030761325611459743
0.0028171402555168257,0.0,0.12322430448229227,0.026215837620826778,0.03580111760013187,0.0,0.09790928546944991,0.0,0.0,0.07176047748971154,0.19259450680630477,0.049677330275765985,0.031582389085989135,0.000548530739473807,0.20778244131632792,0.0,0.060086638858209133,0.0,0.022214747261270124,0.02778525273872988,0.016562645268663703,0.0,0.0,0.0,0.0334373547313363
0.025159109621508895,0.1778824595102427,0.15849901797559693,0.06742166852591536,0.0,0.0,0.0024174632723865663,0.0,0.0,0.0,0.0,0.1686202810943495,0.18343670584404348,0.002013119410657793,0.05374715261799953,0.06080302212729921,0.0,0.04639652180095262,0.003603478199047383,0.0,0.0,0.0,0.04174820414209755,0.00825179585790245,0.0
0.0,0.043770053847286355,0.0,0.22596532160462107,0.0,0.29296876333328276,0.0,0.02901526620350116,0.008280595011308733,0.0,0.0,0.0,0.0,0.06599808029487134,0.02200483326168151,0.0,0.2119970864434471,0.01085689358471787,0.03914310641528213,0.0,0.04370112516894914,0.0,0.0,0.006298874831050863,0.0
0.0,0.0,0.0,0.0,0.0,0.011910725174675507,0.24238596200784482,0.1332842140376146,0.12495283869885496,0.03285160738086014,0.0,0.05461465270014997,0.03160295263204808,0.05899502444063173,0.07877601550066324,0.07720228409132668,0.053423723335330256,0.034956611435719896,0.0,0.015043388564280107,0.0024256472543387753,0.0,0.0,0.04757435274566123,0.0
0.04491282147769983,0.10528969936492674,0.0,0.25572007058958757,0.0,0.017021992604468905,0.08773797591911658,0.0,0.0,0.0,0.08931744004420039,0.0,0.01594143644075674,0.0,0.1323470970605443,0.10332259203276953,0.04838887446592942,0.013056163963369435,0.0,0.03694383603663057,0.04738789564463285,0.0,0.0026121043553671494,0.0,0.0
0.03832897054441764,0.0,0.0,0.03872286046530939,0.0,0.031240747320347075,0.008973054269974634,0.07105558715986482,0.20766966899177441,0.11489340595296596,0.0,0.08911570529534607,0.0,0.049210526555184514,0.0,0.247947421090114,0.002842052354701474,0.01888651561366732,0.03111348438633268,0.0,0.0,0.0,0.008549016308462998,0.041450983691537005,0.0
0.0,0.19097081114421752,0.08249130492633103,0.0,0.0,0.0,0.0,0.0,0.0,0.0026001389801373342,0.29755591876841353,0.026381826180900562,0.0,0.005168496196846173,0.03327013578221633,0.028112099118007577,0.23344926890292986,0.038858907009847427,0.011141092990152576,0.0,0.027611087619097766,0.0,0.0,0.0,0.022388912380902237
0.19468914367122417,0.0,0.026312974607448837,0.0,0.02269220913778247,0.0,0.0,0.0,0.06728523745948271,0.0,0.040991600048594395,0.24802883507546739,0.07640391920080955,0.007880536813833772,0.041558889678882716,0.0,0.17415665430647398,0.0,0.0406691850151021,0.009330814984897906,0.0085139881894606,0.0,0.0414860118105394,0.0,0.0
0.0,0.2536624046851231,0.0,0.0,0.0,0.0,0.21224446034661013,0.055960643514831016,0.0,0.04121313696904497,0.03526777950934762,0.0016515749750433129,0.0,0.03111742567581753,0.2654651325540572,0.0034174417701252624,0.0,0.0,0.01863017190068339,0.03136982809931661,0.0,0.0075236230359463085,0.0,0.0,0.042476376964053694
0.0,0.016095523991684457,0.23914495778090022,0.0,0.0,0.09357820202730299,0.025030755308308738,0.22615056089180358,0.0,0.0,0.0,0.0,0.0,0.12997442205276505,0.011676854576506634,0.08035720912676175,0.07799151424396658,0.014427558807345864,0.0,0.03557244119265414,0.0,0.0,0.0,0.02616535882913167,0.023834641170868334
0.0,0.20060696065600303,0.10339555724339722,0.14761899517669316,0.0,0.0,0.0,0.0,0.005167629791177797,0.05601070473562675,0.0,0.08720015239710197,0.047174858848717416,0.09213662136777148,0.030281308650915703,0.04080885732478065,0.08959835380781475,0.03415357301747798,0.0,0.015846426982522026,0.0,0.0,0.0375754393477544,0.0,0.012424560652245606
0.0,0.06416512047432718,0.0,0.0,0.0,0.0,0.1999272924059005,0.0,0.2847659880655532,0.00638937251906424,0.0,0.04475222653515487,0.03656056534246996,0.0011140429781825167,0.0265790882357446,0.0,0.2357463034436029,0.0,0.023487467626769308,0.026512532373230695,0.0,0.018158408259365363,0.0,0.03184159174063464,0.0
0.05865067521299888,0.0,0.0,0.005934981687735097,0.0,0.0,0.0893621375322956,0.0,0.09174279458009343,0.09581081718771825,0.25849859379915874,0.0,0.010553706668368523,0.10960434643090816,0.1270930778258819,0.05274886907484142,0.0,0.0,0.046507577871173614,0.003492422128826389,0.0,0.0,0.04992910526964162,7.089473035837984e-05,0.0
0.1314040650016398,0.006786951974366295,0.0,0.0,0.0904732339763582,0.028892214338482602,0.034256460262490004,0.0,0.056341426082994174,0.0,0.2518456483636688,0.0,0.027083649236207916,0.008348074340360445,0.040825357022827524,0.0,0.22374291940060406,0.0,0.019851817387985138,0.030148182612014865,0.0,0.0,0.01807325966164576,0.03192674033835424,0.0
0.0,0.22372865075206005,0.0,0.0,0.08515362374044708,0.06042526322841832,0.030101536728052335,0.0029751855618385115,0.0,0.0,0.19761573998918364,0.0,0.12437533325013553,0.03634666206130832,0.022780396880207443,0.0,0.11649760780834872,0.0200416722538143,0.0,0.029958327746185703,0.0,0.0,0.0,0.04076386758528405,0.00923613241471595
0.0,0.0,0.0,0.03694021719636174,0.004989332232846921,0.20257533438680564,0.0,0.07230148637913371,0.0,0.18484483837915908,0.0,0.09834879142569289,0.08571711146526739,0.009421359417262909,0.16834367827031194,0.0,0.03651785084715774,0.01718084542425031,0.032819154575749694,0.0,0.0,0.04297212289192276,0.0,0.0,0.007027877108077243
0.15020782719162215,0.05726031020857835,0.0,0.13059216094395779,0.0,0.0,0.0,0.01338835067590849,0.0,0.17497109861077442,0.0,0.07358025236915879,0.035641705031486975,0.0013041131450577392,0.0,0.19044463780878484,0.07260954401467042,0.04279817709369744,0.0,0.007201822906302564,0.0,0.0,0.011172909158841574,0.03882709084115843,0.0
0.0,0.11115425330110457,0.0,0.016269483118967365,0.03769683564126362,0.10329873215101476,0.13719061953825956,0.0,0.1943900762493901,0.0,0.0,0.0,0.042371220368930526,0.025283803949033668,0.055621949815103655,0.04065151104686772,0.13607151482006438,0.021301202270328428,0.028698797729671575,0.0,0.0,0.024325974613693173,0.0,0.0,0.02567402538630683
0.26018236226943203,0.0,0.03398703084681452,0.0,0.017363544925939944,0.0,0.0,0.10041571149544637,0.0,0.0,0.0,0.18805135046236707,0.0,0.1565603762546629,0.0,0.1303222623914997,0.013117361353837398,0.0,0.04490460425857743,0.005095395741422572,0.02297212743723449,0.0,0.027027872562765513,0.0,0.0
0.0,0.0,0.044658661123376575,0.25540793972339076,0.12546108762308578,0.044044431462278516,0.0,0.024739738471338812,0.10568814159652956,0.0,0.0,0.0,0.0,0.03395288576268938,0.2190626930929877,0.025171803122700016,0.021812618021622876,0.010354283319423986,0.0,0.03964571668057602,0.0,0.026793244771733,0.0,0.023206755228267,0.0
0.16256384566613763,0.03368860310292854,0.0,0.2183520111739785,0.0,0.0,0.0,0.036154027958606616,0.00040881432046746546,0.0,0.0,0.1488326977778813,0.02107776713369186,0.0,0.0,0.27892223286630813,0.0,0.017379236370774792,0.0,0.03262076362922521,0.03536099186575937,0.014639008134240634,0.0,0.0,0.0
0.0,0.04378562717280925,0.09492601122571365,0.11662267914878033,0.0,0.0,0.0,0.06163649386638505,0.19309498676791093,0.0,0.07341859162089787,0.016515610197502917,0.2791907727196638,0.0,0.0,0.020809227280336184,0.0,0.016219212161252015,0.03378078783874799,0.0,0.0,0.0,0.03669421505993331,0.0,0.013305784940066692
0.02822356794682547,0.0,0.0,0.00037319377656830355,0.0,0.049626861082828516,0.25388144460779316,0.17555521891176548,0.0,0.0,0.0,0.092339713674219,0.08497574228218209,0.04689801555569452,0.036903062907365856,0.0634979427574412,0.0677252364973163,0.017602277754071055,0.03239772224592895,0.0,0.04279300088645141,0.0,0.0,0.007206999113548593,0.0
0.07297845817297643,0.1300772139975146,0.19555053061953018,0.0,0.011725847404441603,0.06707666446467153,0.0,0.0,0.0,0.12259128534086564,0.0,0.0,0.015811448380598947,0.05668509140028525,0.09157896892711767,0.0,0.13592449129199816,0.023550633714907045,0.026449366285092958,0.0,0.0,0.0,0.0,0.040672910328111225,0.009327089671888777
0.06629132290095928,0.019537421069506622,0.0,0.2934674386796445,0.0,0.0,0.1343828094980701,0.03493089387328775,0.0,0.0,0.051390113978531785,0.0,0.0034846024008531873,0.2221471659916259,0.0,0.0,0.07436823160752093,0.02090507238167142,0.0,0.029094927618328582,0.0181382304885883,0.0,0.0,0.0318617695114117,0.0
0.2906844708152182,0.0,0.0,0.0,0.0,0.02915646518591657,0.0,0.0,0.18708287803870585,0.0,0.02063692824502794,0.0724392577151315,0.0,0.024993801491725864,0.2750061985082741,0.0,0.0,0.004407634739157257,0.0,0.045592365260842746,0.011734356525316882,0.0,0.0,0.0,0.03826564347468312
0.0,0.009091828836532256,0.029565883391372855,0.0,0.26356840098687806,0.0,0.0,0.0324038592624664,0.04105791755012535,0.1114899310603571,0.0,0.11282217891226798,0.0,0.03589755029259672,0.0,0.260822199706633,0.0032802500007702573,0.04663156673564461,0.0,0.0033684332643553958,0.0,0.0,0.02396085945522201,0.026039140544777992,0.0
0.0,0.0722314191384415,0.06782880736050394,0.046595374142549065,0.012682265989527819,0.13345261344837292,0.0,0.18604727065609192,0.0,0.02796313358245617,0.0,0.053199115682056625,0.0,0.2805927155617947,0.0,0.0,0.019407284438205274,0.015432864270695214,0.0,0.03456713572930479,0.0005548627111226431,0.0,0.04944513728887736,0.0,0.0
0.2774475612119085,0.0,0.0,0.08226992608210881,0.0979114548717607,0.0,0.019853132333491508,0.0,0.0,0.0,0.0,0.12251792550073043,0.0037122138784429493,0.025666702335986415,0.0,0.2286039501604314,0.04201713362513925,0.008580620613981085,0.0,0.04141937938601892,0.029566392437887903,0.0,0.0204336075621121,0.0,0.0
0.11560322162474646,0.028223786338980435,0.0429940743973007,0.10849759839216824,0.13745640047487442,0.0,0.08771260402539152,0.0,0.0,0.07569233342099006,0.003819981325548283,0.0,0.07972152172615266,0.025432012428019363,0.09929183726989252,0.05749648365526855,0.0380581449206669,0.013128231620673218,0.036871768379326784,0.0,0.015552633641518633,0.0,0.03444736635848137,0.0,0.0
0.11063559265971257,0.0,0.0,0.09713308606386364,0.0,0.015213533727652773,0.11597000344374847,0.233436356527382,0.0,0.0,0.0,0.027611427577640523,0.0038170663932189375,0.2632425343014398,0.0,0.0,0.03294039930534126,0.03153413804982447,0.018465861950175536,0.0,0.0,0.0,0.0,0.04902746773366305,0.0009725322663369507
0.1153344840654105,0.0,0.0,0.0,0.0,0.030733227163510634,0.0,0.0,0.1811140861352553,0.2681216326168975,0.004696570018926094,0.0,0.028806101760865722,0.025158911784177448,0.08228071504326623,0.07492312865689851,0.08883114275479209,0.022997952452742512,0.02700204754725749,0.0,0.009614115759103634,0.0,0.0,0.04038588424089637,0.0
0.1395500116612467,0.03765756500314471,0.046304601440893954,0.0,0.2979234002054473,0.07260155193872539,0.0,0.0,0.0,0.0,0.0,0.005962869750541833,0.0,0.05456192113831966,0.04243029295083878,0.007776533816070574,0.19523125209477096,0.04282990350531539,0.0,0.0071700964946846135,0.0,0.03373625339943793,0.016263746600562075,0.0,0.0
0.0,0.0,0.0,0.22701901543566927,0.018703258632778774,0.0,0.0,0.027752822984169184,0.0,0.0,0.06657285452090952,0.25995204842647324,0.028051998772902542,0.055498707167054115,0.08555144374119232,0.0712551219184373,0.059642728400413694,0.010828493899961024,0.03917150610003898,0.0,0.0,0.04934947001235414,0.0,0.0,0.0006505299876458648
0.0,0.0,0.2861288847021385,0.0,0.0,0.0,0.006689995129842363,0.0,0.26798180716375536,0.0,0.0,0.039199313004263825,0.0,0.12404138781975046,0.1469819248564298,0.02625655486203392,0.0027201324617857625,0.0,0.049299114539471764,0.0007008854605282389,0.036139787591746804,0.013860212408253199,0.0,0.0,0.0
0.12155271494482911,0.02990111993779186,0.0,0.05560678405566438,0.06552366199595341,0.005335045028726948,0.0,0.0,0.11617170041153976,0.0,0.03926006349197897,0.16664891013351554,0.0,0.026331395259919423,0.003734228020266739,0.029266797237874065,0.24066757948193976,0.0,0.02789236482660623,0.022107635173393772,0.038230361565734464,0.011769638434265539,0.0,0.0,0.0
0.0,0.039725921551273156,0.2907349832735168,0.018875207551369177,0.0,0.0,0.0,0.08006465097835774,0.0,0.170599236645483,0.0,0.0,0.005054081854374781,0.2949459181456252,0.0,0.0,0.0,0.0,0.012601506945814037,0.037398493054185966,0.0,0.04071868062726239,0.0,0.009281319372737615,0.0
0.06863134157704809,0.0,0.0,0.2918226368429598,0.0,0.04832762531785516,0.027291511511623793,0.0,0.0844871978220824,0.0302272127486366,0.04309520324451933,0.00611727093527481,0.00045200990092858495,0.24622194851963103,0.0,0.027244576278793526,0.026081465300646894,0.0,0.037934306454223465,0.012065693545776537,0.03917571348735815,0.0,0.0,0.010824286512641855,0.0
0.0,0.0348231911476552,0.05656930412143476,0.0,0.0,0.0,0.09736175606766873,0.0,0.10412540436158765,0.012335714209348314,0.0,0.2947846300923054,0.0,0.02830630097526178,0.17561390887003256,0.00033530726288388824,0.09574448289182177,0.0,0.0037295072344898372,0.046270492765510166,0.04657192857981595,0.0,0.0,0.003428071420184052,0.0
0.28013049052808253,0.0,0.0,0.1266587674459587,0.04920524385968396,0.009494128696087345,0.0,0.0,0.0,0.13451136947018746,0.0,0.0,0.0,0.05223350814410442,0.1649339143404649,0.0631941622177084,0.019638415297722256,0.0010898550523709277,0.048910144947629075,0.0,0.0034304012362179476,0.046569598763782055,0.0,0.0,0.0
0.13135198924488622,0.1731858708602985,0.053096521887520634,0.0,0.04918779981553191,0.16494343585572024,0.0,0.0,0.026316656912677875,0.0,0.0,0.0019177254233645469,0.05088679884096403,0.025275388473117104,0.055220682815384795,0.037974575398814464,0.13064255447171963,0.037101504676062366,0.012898495323937637,0.0,0.0,0.010765709973030745,0.03923429002696926,0.0,0.0
0.09746089150887802,0.0,0.0,0.005783110151629467,0.23212732072840236,0.13734863490713256,0.12728004270395757,0.0,0.0,0.0,0.0,0.0,0.08231427935319259,0.00449433502893215,0.05687687746631663,0.11714441453731553,0.03917009361424314,0.037323316308611514,0.0,0.01267668369138849,0.032079140540222484,0.01792085945977752,0.0,0.0,0.0
0.0,0.0,0.03791178258198072,0.0,0.11093307829074811,0.009106255401415075,0.09381732671151027,0.06723886311425384,0.0,0.0,0.28099269390009196,0.0,0.19516937368164936,0.10080305500470102,0.0,0.004027571313649614,0.0,0.022723733152854586,0.027276266847145417,0.0,0.0,0.0,0.007654140055997127,0.042345859944002875,0.0
0.040653029208416465,0.052012531618735466,0.016062532932558216,0.12659574074337648,0.0,0.0,0.118761172496721,0.0,0.0,0.0,0.06544398743497343,0.18047100556521897,0.02770706476256698,0.010768863768838177,0.11616366798838235,0.03717450497057424,0.10818589850963828,0.006031176184086405,0.0439688238159136,0.0,0.0,0.027766905450572178,0.022233094549427825,0.0,0.0
0.10773311014089137,0.06112610603108948,0.1763349984404244,0.18707955042481464,0.022790059835338328,0.0449361751274418,0.0,0.0,0.0,0.0,0.0,0.0,0.09883595633655803,0.08926760346431234,0.09094142022320206,0.0,0.02095501997592758,0.0,0.03649049719678833,0.01350950280321167,0.047006002406697306,0.0,0.0,0.0,0.002993997593302697
0.1513218013136736,0.23840850274194458,0.0,0.013239053233119469,0.0,0.0,0.06681227360227293,0.0,0.06805071463744791,0.0,0.06216765447154151,0.0,0.19189274784795676,0.0,0.09316393933598666,0.014943312816056598,0.0,0.03610722997625525,0.013892770023744755,0.0,0.0,0.029422768564862138,0.0,0.0,0.020577231435137865
0.016967990239840747,0.0,0.0,0.291943030400267,0.05660942035863485,0.07527874461766072,0.0,0.05040442737688888,0.0,0.0493521626088121,0.0594442243978957,0.0,0.035482524729209215,0.10590757061080461,0.03652808794947593,0.08612941315711943,0.035952403553390806,0.024298908109840582,0.02570109189015942,0.0,0.018555311619228167,0.0,0.0,0.0,0.031444688380771836
0.2646418573596923,0.0,0.0,0.11333683530894564,0.01969650966376535,0.04698663026983249,0.15533816739776418,0.0,0.0,0.0,0.0,0.0,0.04738138455013044,0.0019217912674059368,0.048453297594699324,0.05142324710256517,0.15082027948519913,0.0037119079873385655,0.0,0.04628809201266144,0.0,0.04422513815652304,0.0,0.0,0.005774861843476961
0.263648487429148,0.0,0.005443409550020317,0.028504024328392254,0.059416960246497175,0.05676193193750037,0.09502486805993887,0.0,0.09120031844850301,0.0,0.0,0.0,0.2577646738747571,0.0,0.025466535042796914,0.0,0.016768791082446,0.010085163837568203,0.0,0.0399148361624318,0.005079540095059919,0.044920459904940084,0.0,0.0,0.0
0.0,0.0,0.0,0.028664140646429505,0.0,0.14865597697993652,0.003770447165233448,0.0,0.0,0.0,0.129831673387758,0.28907776182064254,0.025607082806394243,0.0025242253177029106,0.0,0.27186869187590285,0.0,0.0,0.013863887525460028,0.036136112474539975,0.0,0.03911707224781741,0.0,0.0,0.010882927752182595
0.03758143860503229,0.009993292277702737,0.0675730582591255,0.0,0.0,0.0,0.29440065037359653,0.03296749293545063,0.050686780415158575,0.028639870307741924,0.0,0.07815741682619173,0.08191450061773828,0.0129936984415438,0.027393304327447597,0.029034226710343475,0.14866426990292683,0.01707797948909718,0.0,0.03292202051090282,0.004992794766040767,0.045007205233959235,0.0,0.0,0.0
0.0,0.0869272334194808,0.0,0.019907003021712666,0.0,0.16681972681604043,0.2334335995807987,0.0,0.028670358393048583,0.0,0.0642420787689188,0.0,0.0,0.031171625920830948,0.1313310494150087,0.12055986146058012,0.016937463203580194,0.0,0.029447877223914846,0.020552122776085157,0.0,0.0,0.0,0.03416530392626546,0.01583469607373454
0.0,0.0,0.08019028597686434,0.0,0.0697757781867428,0.003351344550748925,0.035121433405003115,0.0,0.2745937260769529,0.13696743180368792,0.0,0.0,0.23583391627570655,0.05902553466211737,0.0,0.0,0.005140549062176092,0.0,0.04058429802863824,0.00941570197136176,0.04134978887681795,0.0,0.0,0.008650211123182053,0.0
0.08762879020698769,0.15852411163457789,0.0,0.0,0.13168660006698646,0.0073645534488889774,0.0,0.0,0.12037569189368064,0.033413051159837656,0.061007201589040716,0.0,0.0006042778228821932,0.19382845220211103,0.0,0.0,0.10556726997500676,0.01766664897279202,0.03233335102720798,0.0,0.009489549612961994,0.0,0.0,0.0,0.04051045038703801
0.05220249474556911,0.0,0.1576990611037883,0.007937737730663308,0.0,0.0,0.0,0.0,0.21763628849252262,0.11782337559178008,0.0,0.04670104233567661,0.029947678202473495,0.00612974359181595,0.11211378582746123,0.08187304761595499,0.0699357447622943,0.0,0.016152481169170452,0.03384751883082955,0.0,0.0,0.0,0.005879780219486992,0.04412021978051301
0.05542377168707771,0.0,0.042702405985304275,0.0,0.08548888090321569,0.0,0.0,0.0018690440725310786,0.21540440224804872,0.12536877846785224,0.0,0.07374271663597035,0.0,0.0,0.27747927339846246,0.0,0.022520726601537533,0.026524099006110025,0.0,0.023475900993889978,0.0,0.0474026544315124,0.0,0.0,0.002597345568487605
0.0,0.0,0.0,0.0,0.20216728751967597,0.16601572989889818,0.0,0.0,0.23026546173310136,0.0015515208483244392,0.0,0.0,0.05490586151419178,0.08721899117571115,0.07959258258973378,0.027815818931204668,0.05046674578915858,0.0,0.02025570360468794,0.029744296395312064,0.014883682059630185,0.0,0.0,0.03511631794036982,0.0
0.16960602189386143,0.0,0.060477935601726256,0.0,0.0,0.0,0.0,0.0,0.24104454363999828,0.01038024225742984,0.11849125660698412,0.0,0.053936577804319756,0.003033855462745483,0.0,0.0,0.24302956673293474,0.0,0.0019800929695895156,0.04801990703041049,0.0,0.0,0.0,0.042117948503554534,0.007882051496445469
0.0,0.0,0.21969348703020228,0.0486031121077458,0.0,0.0,0.12793603407038334,0.0893819998751608,0.0,0.11008411279026895,0.0,0.004301254126238829,0.0,0.021718852089724183,0.19229383708445735,0.0,0.08598731082581844,0.017247600642807275,0.0,0.03275239935719273,0.0,0.022024292988285607,0.027975707011714396,0.0,0.0
0.1753890941061346,0.01748937915502835,0.0,0.0,0.2552838621434876,0.0,0.11779986978302823,0.0,0.034037794812321234,0.0,0.0,0.0,0.15119738564619453,0.02520240831801095,0.0,0.11873721682355809,0.004862989212236379,0.0032896153724336977,0.046710384627566305,0.0,0.00676933207570167,0.04323066792429833,0.0,0.0,0.0
0.1922974381188286,0.04841710405293383,0.0,0.18339102138209362,0.0,0.0028667332529215273,0.0,0.0,0.10116296412041034,0.0,0.07186473907281202,0.0,0.07635756860203104,0.0157939783571584,0.07981602990353101,0.12803242313727956,0.0,0.02099903888493509,0.0,0.02900096111506491,0.0,0.028101009079614027,0.0,0.021898990920385976,0.0
0.0,0.0,0.0,0.0,0.1559818181118749,0.12050994020544073,0.07721131581278345,0.0,0.0,0.24577031120842868,0.0005266146614723022,0.0,0.0,0.23327450271858963,0.0,0.05171878259327774,0.015006714688132639,0.0,0.0435353613553374,0.006464638644662603,0.0,0.007277005661446512,0.0,0.04272299433855349,0.0
0.0,0.0,0.11959264752043261,0.0,0.14060448368749312,0.0,0.06243121222173311,0.2682956444045435,0.0,0.009076012165797676,0.0,0.0,0.04956109815234597,0.013906988207391169,0.03123742371262562,0.052819264930478754,0.1524752249971585,0.0,0.016280147325010763,0.03371985267498924,0.0,0.0,0.049020230368374475,0.000979769631625528,0.0
0.026209046426318133,0.0,0.0,0.03828187618765391,0.0,0.0,0.06851061057625973,0.029360514156088275,0.02514663488326648,0.20976787994791993,0.00037526389124742376,0.20234817393124596,0.026714636440698686,0.0,0.23117378508703704,0.028168662595728623,0.013942915876535678,0.025338373474562057,0.024661626525437946,0.0,0.03688715565012346,0.0,0.0,0.0,0.013112844349876543
0.0,0.0,0.04296542969599326,0.0,0.035498556736654405,0.0,0.20525802787439915,0.0,0.04736390696344718,0.2645299700670178,0.004384108662488284,0.0,0.02704789124389918,0.0,0.2420586956571665,0.0006215879366053279,0.030271825162329014,0.01854814643610994,0.0,0.03145185356389006,0.0,0.0,0.0304376371707527,0.0,0.019562362829247303
0.0,0.0,0.0,0.0,0.002795688967684007,0.0,0.025000181150124996,0.15795018998265858,0.22745031465703877,0.0,0.18680362524249358,0.0,0.05146526567758522,0.09875910335884797,0.0005563631734976648,0.0,0.1492192677900691,0.04531592640866311,0.0,0.004684073591336893,0.0,0.0426347077245986,0.0,0.0,0.0073652922754014055
0.23075050039251707,0.0,0.014844557413754011,0.0,0.14406203928750635,0.0,0.06824285230116484,0.0,0.0,0.14210005060505765,0.0,0.0,0.0,0.019040791436150173,0.1036943473424786,0.0,0.1772648612213712,0.014356468129209377,0.035643531870790626,0.0,0.0,0.004703619198032305,0.0452963808019677,0.0,0.0
0.0678371584207209,0.0,0.050929374019384244,0.03324786234565773,0.01862184084748153,0.0,0.25718426126985705,0.06474975272624123,0.0,0.0,0.0,0.10742975037065736,0.24393044279466075,0.0,0.04230347959353215,0.0,0.013766077611807093,0.0,0.016326069252463084,0.03367393074753692,0.0,0.02713774568898515,0.0,0.0,0.02286225431101485
0.023771065663783952,0.0,0.123511314611643,0.04609507476003362,0.09177748634116659,0.0,0.038648044287507004,0.0,0.0,0.24174637341246696,0.03445064092339887,0.0,0.00114251212869948,0.025552408513289063,0.11374306039189816,0.13392411632945625,0.025637902636657026,0.017553982456363325,0.03244601754363668,0.0,0.0,0.01353915826856554,0.0,0.03646084173143446,0.0
0.25007772400037187,0.0262499337574277,0.0,0.0,0.0,0.0,0.05185656374919856,5.6568520167887826e-05,0.2001617491824449,0.07159746079038914,0.0,0.0,0.02512543951657747,0.24588514926429494,0.00018923644469426293,0.0,0.028800174774433335,0.04364723425669944,0.006352765743300563,0.0,0.0,0.0,0.010298616416845818,0.0,0.039701383583154184
0.0,0.0,0.0,0.038130356675272536,0.0,0.13895223091738684,0.001980019068116401,0.16206415430120527,0.10518324862743972,0.09475803786725945,0.058931952543319864,0.0,0.13253664312486474,0.16614948879503813,0.0013138680800970914,0.0,0.0,0.0,0.016065126568610325,0.03393487343138968,0.010892610444615689,0.0,0.0,0.0,0.039107389555384314
0.047296767351993646,0.0,0.0,0.0,7.606549553895725e-05,0.21693615365418445,0.0,0.13384351956799093,0.0,0.05794119276445969,0.11551686033632769,0.02838944082950455,0.0,0.0,0.0,0.009988637029994751,0.29001136297000524,0.0,0.018827476901298868,0.031172523098701135,0.010034682524979383,0.0,0.0,0.0,0.03996531747502062
0.18991680169915875,0.0,0.0,0.0,0.0,0.19113112667818233,0.029607126339002955,0.0,0.039127667904784336,0.04907370562653811,0.01244810443746891,0.08869546731486455,0.028223117952245653,0.0594494608576569,0.05366215591441137,0.023001664624465457,0.13566360065122057,0.0,0.03009871646095054,0.019901283539049464,0.0,0.00021134485224101607,0.0,0.0,0.04978865514775899
0.0,0.0,0.0,0.050429044319006966,0.0,0.0,0.017663216947454985,0.0,0.23653312002257615,0.2389372384900057,0.05643738022095607,0.0,0.04332035098566784,0.03229569764046013,0.05382046108327647,0.16673643877827618,0.0038270515123193793,0.012188570670941722,0.0,0.03781142932905828,0.0,0.0,0.02917008930710798,0.02082991069289202,0.0
0.0,0.13188039107537852,0.0,0.25365272982343506,0.0,0.02502275187143736,0.0,0.07827975634958281,0.0005299121840112164,0.0,0.11063445869615512,0.0,0.018875231417834537,0.21980339555340705,0.0,0.0,0.06132137302875842,0.0,0.016661212670642585,0.03333878732935742,0.007493573685807053,0.0,0.0,0.0,0.04250642631419295
0.0,0.009116020886168585,0.0,0.037780528229496554,0.0838798097457856,0.03197327471069937,0.0,0.11756865486955562,0.0,0.2449283048332973,0.07475340672499697,0.0,0.04148211792476132,0.0,0.016686826473118366,0.15049234248523757,0.09133871311688274,0.03113314897138425,0.0,0.018866851028615753,0.0,0.0,0.0,0.010200161108402543,0.03979983889159746
0.004724902941996456,0.05589882264010482,0.17132991879277243,0.02845572996814213,0.12245957823418707,0.03636335076165911,0.18076769666113798,0.0,0.0,0.0,0.0,0.0,0.02633390177768535,0.005078341984839252,0.2685877562374754,0.0,0.0,0.0,0.025699008679579846,0.024300991320420157,0.0,0.04580294910040278,0.004197050899597224,0.0,0.0
0.0,0.03362214248993893,0.0,0.2819762138676095,0.0,0.16452957398081877,0.0,0.00280727186769969,0.0,0.0,0.11706479779393306,0.0,0.2709684345640989,0.028742489164948978,0.0,0.0002890762709520933,0.0,0.047606611263919546,0.0,0.0023933887360804568,0.0,0.0,0.021241931121456788,0.028758068878543215,0.0
0.03781328654661119,0.21172780290890827,0.0,0.0,0.0,0.2923846808873729,0.054754559770947425,0.0033196698861601703,0.0,0.0,0.0,0.0,0.0,0.0309656167542229,0.025458800651466166,0.00011295871352995368,0.24346262388078097,0.0,0.0011336544518714409,0.04886634554812856,0.036037068440118614,0.013962931559881389,0.0,0.0,0.0
0.2906760980031319,0.21221263672591836,0.0,0.0,0.0,0.02218486174573031,0.0,0.0,0.0,0.07492640352521943,0.0,0.0,0.03130599953931137,0.033177107255824595,0.005231652081174321,0.19791698684966674,0.03236825427402295,0.0,0.02538242990770397,0.024617570092296034,0.0,0.0,0.011976368823814136,0.0,0.03802363117618587
0.0026622749253956135,0.2754625870656518,0.0,0.11367918039737829,0.17123921719988652,0.0,0.0,0.0,0.0,0.0,0.036956740411687776,0.0,0.0,0.027316494064596093,0.04202483942580273,0.2257851317645058,0.004873534745095387,0.0,0.04122929739858833,0.008770702601411676,0.0,0.0,0.004473737151529558,0.045526262848470445,0.0
0.00027197378611687473,0.0893760454508411,0.028618077843386207,0.0,0.2413843756498785,0.0,0.0,0.025126767604619772,0.0,0.0,0.0,0.21522275966515753,0.18377537227090796,0.01057575441297659,0.07987618423171278,0.0,0.025772689084402643,0.02333937726464371,0.0,0.02666062273535629,0.048134420458619306,0.0,0.0,0.0,0.0018655795413806964
0.026112498407095015,0.08004010905183803,0.13877363468572732,0.1275954058093509,0.00014742124735600548,0.0,0.0,0.0,0.2273309307986327,0.0,0.0,0.0,0.036344995932794555,0.1639873330499028,0.0,0.09811490899247524,0.0015527620248274032,0.0,0.013219858834265574,0.03678014116573443,0.0,0.044573746782898334,0.0,0.0,0.005426253217101669
0.0,0.11946394808964664,0.0,0.04789160789931213,0.0,0.04847823285161432,0.014559326495486302,0.0666979104499967,0.27339319339847723,0.0,0.029515780815466644,0.0,0.025839047420006003,0.12594460125099105,0.00769094101143003,0.14052541031757296,0.0,0.04772314138678431,0.002276858613215693,0.0,0.0,0.003177260429215019,0.046822739570784984,0.0,0.0
0.0018566001447289926,0.0,0.22897334873729258,0.0,0.0,0.0,0.0,0.0,0.11425527252623122,0.02530842076521275,0.0,0.22960635782653435,0.19863088819212094,0.001312888917784416,0.03177948510213593,0.02625301836180182,0.04202371942615689,0.049557061697106455,0.0,0.0004429383028935474,0.0,0.0,0.049415380514225865,0.0005846194857741377,0.0
0.27874397656289995,0.10052836105378005,0.0,0.0,0.0834228464009279,0.0,0.06442149344099188,0.0,0.057111877420230155,0.0,0.0,0.015771445121170014,0.19190957772669182,0.0,0.0,0.003935189110804205,0.10415523316250394,0.00589323232632695,0.0,0.04410676767367305,0.0,0.0,0.0,0.022850908402382075,0.027149091597617928
0.07795889414883399,0.0,0.0525338252871545,0.0,0.03417259548507375,0.28840617516597583,0.07819765267364498,0.011091664473276697,0.0,0.03140401539861232,0.0,0.026235177367427847,0.0,0.0274923527054576,0.011082269327456706,0.2296016538101918,0.03182372415689387,0.023620059477020713,0.0,0.02637994052297929,0.0011798515228393508,0.0,0.04882014847716065,0.0,0.0
0.0,0.2217369377021846,0.14646619767082975,0.0,0.0068930542421982155,0.0,0.03189433680613364,0.0,0.19300947357865383,0.0,0.0,0.0,0.14062260264891463,0.15894236992114813,0.0,0.0004350274299372292,0.0,0.047288134552687135,0.002711865447312868,0.0,0.016559011424699538,0.0,0.0,0.0,0.033440988575300465
0.0,0.29674425462809373,0.026583983451893927,0.0,0.028792528016976852,0.047684298456438276,0.0993830851180352,0.08506239768157364,0.0,0.0,0.01574945264698835,0.0,0.04068163795655373,0.10774784099351345,0.015919640917500755,0.09689362199056967,0.03875725814186236,0.00017034548224840323,0.0,0.0498296545177516,0.0,0.0003405162342504514,0.0,0.0,0.04965948376574955
0.0,0.026743821781451356,0.0017937541055003114,0.20077534640427327,0.0,0.16764964693283638,0.0,0.05861409162615508,0.0,0.0,0.034380456671940764,0.11004288247784277,0.0,0.10642203755938562,0.03752024700385646,0.1312276605436014,0.024830054893156484,0.037476175958784747,0.012523824041215256,0.0,0.0,0.0,0.03146787864848859,0.0,0.018532121351511416
0.0,0.0,0.0,0.0,0.0,0.02554016605757161,0.0,0.0,0.21940950943857357,0.012590177354293464,0.1496882468534957,0.1927719002960657,0.0028459031892824616,0.03960131761158091,0.10287599673937853,0.1289654489653388,0.02571133349441927,0.018096340382819508,0.0,0.031903659617180495,0.0,0.0,0.01742964880607794,0.0,0.03257035119392206
0.28861435026603605,0.0,0.048875175143681775,0.12897823659926297,0.0,0.0,0.09343798465103317,0.0,0.0,0.03919911561245795,0.0008951377275280281,0.0,0.0,0.2229641976850529,0.0021145150304061056,0.03711063354031792,0.03781065374422307,0.030718432764136064,0.01928156723586394,0.0,0.0,0.0,0.0,0.03541474234052766,0.014585257659472342
