XOM,NVDA,LMT,JPM,WMT,MSFT,AAPL,BA,GM,PGR,JNJ,VTI,QQQ,SPY,IWM,VXUS,IEF,TLT,SHY,GLD,USO,DBB,SLV,DBA
1.0,1.0,1.0,1.0,1.0,1.0,1.0,1.0,1.0,1.0,1.0,1.0,1.0,1.0,1.0,1.0,1.0,1.0,1.0,1.0,1.0,1.0,1.0,1.0
1.0035871680808144,0.9988612393208705,0.9978722191172896,0.9977641285362587,1.0025445121361924,1.0006862462947361,0.9983999226519681,0.9981257239030714,1.0061573887052138,1.0011610269340339,1.000705412670765,0.9987897769425802,0.9944982397564044,1.0012814602402684,1.002588896095621,0.9997982708679679,0.9998240309377718,1.0011239825601115,1.000138513424557,1.000978234402576,1.0100014267426827,1.0008263613241712,0.9973457944955361,1.001559537931704
1.005693782220187,1.0001663460317702,0.9971287010419932,0.995796863552032,1.0040321224192803,0.9984240540039713,0.999163193117275,1.0005959048365258,1.007932062267005,1.0062839413692506,1.0000840420778172,1.0018112771067857,0.9958745711745357,1.002369966478984,1.0095733145646493,1.0027291820844064,0.9998520051913137,1.0043397202697733,1.0000212464814646,1.0058819634288778,1.0044969500810348,1.0044360427819259,0.9954553504790506,1.0018689628171795
1.0038212693454995,0.9978173493973,0.9954343610945549,0.9947527977008949,1.0026874869506697,0.9949517989522383,1.0005382299233645,1.0047047644394962,1.011266151599491,1.0061586694637525,0.9993330482566904,1.0063832764475216,0.9958479444865213,1.002478328404831,1.0102030006520575,1.0018734374968135,0.9992093931100535,1.0062797090416027,1.0000331828587539,1.0069920080773906,1.0013077361611922,1.002768362041843,0.9993872613597127,1.002846206160959
0.9987019315725946,1.002798423274434,0.994596206332303,0.9928630437708788,1.0020007864230445,0.9960071401599928,1.002847613420705,0.9911506421534669,1.0081540756800493,1.0064040604426554,0.9971557050172805,1.003979888756002,0.9917294117471893,1.005105556116017,1.0103796151199598,1.0006517710127667,0.9981980698088702,1.008308561717693,1.0000423410310593,1.0052984322988099,1.0045298707596095,0.999532048123198,0.9999822341203142,1.0036144454472544
1.002339346952646,1.008118782402682,0.9953627933115307,0.9957189185508513,1.0042265047930061,0.9962793712062318,1.0070784650215459,0.9797814362475077,1.0087258787538935,1.0065558886841692,0.997320598569694,1.00248549878462,0.9931352342550761,1.0051341912728902,1.0085443477555116,1.0015591326012565,0.9983549365680108,1.0103706953388585,1.0000648093326412,1.0038988588155855,1.0132685613228516,0.9998324968621569,0.9988600384247625,1.0054544622661892
1.0041278342801911,1.017011967006102,1.0003869195534927,0.9965126534996408,1.0058048741213088,0.9986136017490083,1.011786625858566,0.9766232963014764,1.0093267754938213,1.0147187206597938,0.9953431086985354,1.0030412629851868,0.9956280847149502,1.0050256080379205,1.0089262132605068,0.9977842856051201,0.9975788088334135,1.0100524597832647,1.0004353737994984,1.0058533923735298,1.0152473537299413,0.9999599617754833,1.0000876887225962,1.0049875486140878
1.0014061158747065,1.0279263773904943,0.9994509428947345,1.0039819165289101,1.0054365804763667,0.9971424915324244,1.008334942759556,0.9741568200932439,1.0026170577484335,1.0170468228821155,0.9926595926886814,1.0026724527500104,0.9979419909377004,1.0124365551011232,1.0078404884089063,0.9987256193135641,0.9969501403872945,1.011739208813734,1.0004270707869911,1.0044494971867775,1.0197201514613963,0.9986638372155048,1.000132910879827,1.0028480567286897
1.0045188185484102,1.0404871639882374,0.9969735180241276,1.0074474683432828,1.0031969735902724,0.9984077024037783,1.0052814085551989,0.9769700905985962,1.0001102658775558,1.0222717206027767,0.9931523288267314,0.9996802979704598,0.9977025219553056,1.0095583946048134,1.0102009577009643,1.0006879446765402,0.9969264765137932,1.0084628309219832,1.0004094136241004,1.0049351802991384,1.0219814360903305,0.9985596886386845,1.0046715303430513,1.0016807836456438
1.0082992646757862,1.0457958817272501,0.9984449562432819,1.0126471865122146,1.006775272040025,0.997218205305227,1.0077620043250337,0.981448736521909,1.0043431844497823,1.0248585165751396,0.9944771170518922,0.9953165673943266,1.0016045447814284,1.0096782501997574,1.0072499101050079,0.9992418595762654,0.9973721006130775,1.0074089792883678,1.0005407307637095,1.00582175869862,1.0223417563365753,1.0009675871641204,1.0059096589509167,1.0010736634350308
1.0074238696620017,1.0513610690419894,1.0033404785644402,1.0128120409292762,1.00759331455222,0.999839477209813,1.0131648224449352,0.9759652185471991,1.0042948990791793,1.0283791403608498,0.9925418510958253,0.9956420700133108,1.0028923900472986,1.0100043818617428,1.0059780303752917,0.9971877692812527,0.9973587016616615,1.0041839744512,1.0009095160786647,1.0099469487589423,1.027638832075278,1.0023755598398505,1.0057860983465174,1.0004117261419276
1.010806845137004,1.0496046041520253,0.9943374603211655,1.0144833946088592,1.0066042359802507,1.0052083248298718,1.0114305677381017,0.9733857441090105,1.0118481201612926,1.029616140668415,0.9928605862261727,0.9949147669527331,1.0070125501867044,1.007808607811008,1.0071117826384097,0.9943906967882025,0.9971430893969132,1.0057170146655392,1.001009928260755,1.007342311093274,1.0296783989978582,1.0029888714615514,1.0053921471852691,1.0021763924396476
1.0106619037684876,1.0465068428595548,0.9944225822924683,1.0138325271299646,1.006661908062168,1.0021457241406704,1.0122614068855253,0.9669927808718679,1.0133105718606648,1.027351363258208,0.9929133489010266,0.9950138587346341,1.0052864111258557,1.0106153624339114,1.004602422582482,0.997927522690222,0.9960594690977211,1.0060372158738746,1.001125330861208,1.009456237635548,1.035793147990534,1.0046289861577165,1.0080558148325323,1.0024678180451532
1.0113977394123785,1.0460669161351226,0.9952836985754447,1.018086927970948,1.0085312365498367,0.997689258240181,1.0119113017247197,0.975014273823546,1.0193392477716892,1.0233601060623576,0.9978093196113592,0.9965377121677829,1.0028415693587738,1.0092138265433652,1.0024800555850997,0.9974807525082063,0.9950666234312882,1.0056547723293425,1.001040814959421,1.010381186086785,1.0293619077961813,1.0049851197101531,1.011402618246488,1.0003351528600108
1.01064199967935,1.0430426752176267,0.9989446173266583,1.0152365090067819,1.0135892677565763,0.9979035334287774,1.0101475238202373,0.965109521100324,1.0198525404414776,1.0225864991311753,0.9953897728599923,0.9957749169966493,0.9994858112612327,1.0108192603305888,1.0026616937208892,0.9953425878561182,0.9978554422070007,1.004166878215206,1.000920280920845,1.0100387419899435,1.0337850568022529,1.0051826205264784,1.0067033570744461,1.0014220549083956
1.0142346838784426,1.045991549099008,1.0030922974562602,1.01660572753228,1.0174514420200036,0.9956262990634358,1.0089099988695933,0.9680925394460151,1.0224752732142657,1.023210240003752,0.9964006956344593,0.9957791247824815,1.0002063766623597,1.017958132936919,0.9991724380510324,0.9967915970749125,0.9972352033292805,1.0045537052913012,1.000839884413789,1.0082735875712359,1.0326590671884313,1.0080437138160672,1.0027989281000251,1.0035252470585994
1.0188817996393569,1.0639239125972677,1.0041547301650504,1.0161134422918041,1.0175367829045654,0.9948903549162986,1.0104079475671066,0.9681644474130296,1.0253023000622474,1.025667518182922,1.000897846498278,0.9943476337316678,0.9968930122548023,1.0169613410859784,1.0005908752134631,0.9958642533713638,0.9963988286721175,1.003181244435066,1.0007701067857118,1.0088476347219126,1.0395154296608906,1.0130801140458563,1.0063368636456613,1.0057542084570632
1.0170875784085702,1.0613266867960478,1.0014755583568504,1.0159775226688672,1.016621705697906,0.9992284304976592,1.010419946234816,0.9725292434888054,1.0232946759148465,1.0302896898227345,1.002088485490184,0.9966350741741835,0.9902876973343572,1.0115371586353048,1.004849104057562,0.9968442728095136,0.9966373813612066,1.0023122294648774,1.001000144223291,1.0068371806446874,1.0387288231400442,1.0162243806124374,1.0082524094452667,1.0056054631571156
1.0166527851337155,1.0668716362154702,1.0010942237408111,1.0162996471954562,1.014629325414071,1.0024885357537008,1.0097802681900028,0.9743744361889776,1.0217253808714326,1.0313869384239054,0.9994188641461113,0.998256952375384,0.9912709907897953,1.014349437519803,1.0006456778890664,0.9977607863911298,0.9964552145492537,0.9999921291130465,1.0010641026556937,1.005207429691402,1.0386965821474423,1.0168064782524633,1.0062364848320657,1.0060409164803128
1.022962582392307,1.0656738835051776,1.0038640828971017,1.016999843782931,1.015563353886478,1.0022585844421452,1.0078735467867899,0.9651533123405833,1.0172307807973695,1.0313751014173078,0.9983786572740713,0.9986353904017681,0.9956842499644148,1.0128756325623132,1.0019298737019855,0.999695841330574,0.9959340281143363,1.0001664473568312,1.0004818445446213,1.0044488292758091,1.037430917490765,1.0171075386387238,1.007070006113073,1.0077462028062603
1.0292322255544533,1.0658856083849109,1.005053881870124,1.0178763494767977,1.0167916001399022,0.9942657958815633,1.0065692793494991,0.9580899674273351,1.0191179727769146,1.0338960738657696,1.0001275588523044,1.0017089547776583,0.9896627159150492,1.007149956761612,1.0038986916725772,0.9986033445622955,0.9939692899140071,0.9994372481195027,1.0008139310563495,1.0009664234817157,1.041291664135573,1.013961091817963,1.0111869696987144,1.0071292265183514
1.031960692672446,1.0742582618161605,1.0037467672147276,1.0170676569640185,1.0176584075928348,0.9948984007837826,1.0029389516969942,0.9597744765390591,1.0165306073361033,1.0328690149067317,0.9970110041921889,1.003447992696483,0.9917361716196696,1.010715369929147,1.0124078841423427,0.9997408239853295,0.9937287049792556,0.998833052022188,1.000787585568,1.0011367434822782,1.0349307826214331,1.012574914972009,1.007935949901939,1.0081169254011983
1.030310584583984,1.076934704677141,1.0031774539783922,1.0221420558862007,1.016499788462468,0.9946554877099996,1.0003238267549874,0.9513320155388715,1.0159320135260084,1.035224391572735,0.9959897489105206,1.0007039605196588,0.9924390559237148,1.0141411957785587,1.013847319739362,1.0002000349377702,0.9933784708081906,0.9975985303159035,1.0010278880188146,1.0034450867404643,1.0299606856530934,1.0089580318401707,1.0078542900548262,1.0064218612372555
1.0314559435601052,1.0821170067317596,1.0042637053572074,1.0172568140894531,1.0132584707501597,0.992960643484576,1.0008250332074806,0.9459172319012092,1.018537980539588,1.034113890927244,1.0009332837545408,0.9968782489459248,0.9920022945015542,1.0139276876289258,1.0187666679549794,1.00265989600427,0.9933715621860013,0.9997814195992648,1.0010943674917765,1.0037799158702758,1.0325361586796469,1.0100887713157864,1.0068931328396689,1.008311983999032
1.0315545128039534,1.0811727517264595,1.0054966206948912,1.0176107909584613,1.011211630793031,0.9879387723619345,1.0054207506395947,0.9534549501019298,1.0160604708373913,1.0293102402050158,0.9988572839583043,0.997153039540921,0.9906955364896024,1.0145075845555915,1.017599512475518,1.0005706424223495,0.9924358009399543,0.9969659812583566,1.0008075279121986,1.001409466744669,1.0246418134436788,1.0060665356265817,1.0027466657214685,1.0094504839651888
1.0248529389504966,1.0751991479427085,1.008862315178001,1.028349861282021,1.0233099062712534,0.9875701834574868,0.9976770265263493,0.945185363982658,1.0225401643874552,1.0355387107419125,0.9981374686640744,1.0004564050000722,0.9893489946900176,1.0135368696044027,1.0200993454317782,1.0038310288615262,0.9936493970022446,0.996516331012696,1.0011101701462224,1.0004927348467796,1.0300464319185032,1.0099977909381608,1.0069333416825257,1.0105470051798349
1.0275684289055023,1.0774094960063239,1.0075149338348592,1.0260840407045893,1.0274160271831716,0.9871717356263203,0.9960365605579732,0.9371572180487898,1.0170238868247685,1.0315900339425843,1.000125353398842,1.0014673592920984,0.9834241241777082,1.021208140009068,1.0231320971254756,1.0018441430934248,0.9927663643350512,0.9967655729110712,1.0009238976563293,1.0007957058437134,1.0300143320214086,1.0097198224708057,1.0051415737221534,1.0093611988097038
1.0290132686352498,1.069962199441364,1.0131323690355487,1.0325409001559012,1.031021041784415,0.9888612461300262,0.9959625279668514,0.9448216062958963,1.021089666210504,1.0326933653128594,1.0017392544920467,1.0048224286405836,0.9849679369066063,1.0239512973561937,1.021737891050436,1.0047689154079016,0.9932527280194255,0.9921670904480856,1.0009496546334162,0.9995939198300878,1.0353672087018624,1.0099565747721861,1.0101707403568856,1.0106772251268448
1.0324174245636608,1.0803937080714165,1.0181330254880083,1.0288153311648212,1.0311621408839933,0.992015499305782,0.9962043670908467,0.9474860248171085,1.0204347162704002,1.0369961266960688,1.0054666892940503,1.0079665057170037,0.9862858106347867,1.0235371735848684,1.0178291613164736,1.0096718580747963,0.9935678327097311,0.9907117220578403,1.000984153689054,1.00037328897113,1.0273154397758275,1.011996800706102,1.0061008233156004,1.0150954605785671
1.0258604576557164,1.08285716433307,1.0200974813241959,1.0362111462671508,1.0384580570642006,0.9913048226427669,0.9923804848332655,0.9444355715315165,1.0167670917121392,1.0474503248292975,1.011757609655505,1.007509677396175,0.9922653899942621,1.0220521295718035,1.019870297508498,1.005832229617782,0.9941166250585913,0.9916345009628607,1.0010406487979937,1.0022507409443229,1.0275182611700842,1.0107508518086008,1.0096764150287152,1.0177859197838843
1.0330329590717628,1.087028301343613,1.022045904417141,1.036663139556818,1.0376944017891592,0.9883829819478206,0.9926929283931496,0.9508923723070412,1.0195141007512514,1.050701384552622,1.0096618989791977,1.013995212006988,0.9948360651526922,1.0219038456617109,1.0179345262878041,1.006493045892993,0.9940475035402058,0.9937215688265953,1.0011102877985512,1.0044650799603854,1.0179396902787905,1.0111616265786454,1.0058801301327258,1.0151484226482956
1.0377754435112327,1.084199655212769,1.0246660127495824,1.037439804898039,1.0448654856001718,0.9884095128571712,0.9924836980795446,0.9514667755147185,1.020323300927547,1.049579973883069,1.0091141006921378,1.0162019537018376,0.9956020467561327,1.02549623724781,1.0201155543436413,1.0061601751417346,0.992876167807427,0.9972953718195096,1.0014300157647409,1.0066382429061647,1.0178568528008587,1.0127713114749493,0.9966486146312152,1.017081591345616
1.0382844835288436,1.0951167417359207,1.0247805919337092,1.0345209419915218,1.0439064951885395,0.9890463197289977,0.9961099293132828,0.9531747826189867,1.0279150051420207,1.0525961825751304,1.0043771949727573,1.0184061919049445,1.0030662191113384,1.02894504489588,1.0184928047825905,1.004597106467027,0.9930215847342957,0.9976767301001771,1.0013195424363852,1.0076419079321997,1.0211124474564224,1.0111019874983826,0.9958384009542127,1.0160578173693005
1.0442278646009764,1.1072626371995473,1.024480001823727,1.0359302289943928,1.0492286741213068,0.990727829268829,1.0027374907471298,0.9463469560275267,1.0226161085103889,1.0482090047528974,1.0088876411447987,1.0209113304986912,1.0001067545179505,1.033982251670179,1.0117500969000357,1.0041665784143965,0.9927925911407269,1.001000107985035,1.0013897874554485,1.0076907367241654,1.0205820254330655,1.013278532471031,0.995836815412449,1.0191036401815774
1.0370711035163158,1.1113107183286381,1.0234994681928344,1.038510486815108,1.0516096640413748,0.9971597567103474,1.0023048473360632,0.9459878511763778,1.0282487424775717,1.0526602212647747,1.010669252503548,1.0224270941668605,0.9976723817640438,1.0349641955000373,1.0130287880985847,1.0030600678442139,0.9940614212992446,1.000165866228158,1.0012326498816302,1.008536440936394,1.022769726155385,1.0112559937037906,1.0116645618773314,1.015431334829477
1.0352164896085876,1.1058444704568777,1.0242735348063254,1.040168845509984,1.057475645807847,1.0006955572340153,1.003383063369604,0.9424654427204843,1.0475144498962916,1.0552064579208793,1.0114045427838265,1.0272343296846205,0.9968339315823828,1.0354491899630858,1.0202832335752472,1.0041031290234366,0.9937810779424552,1.0008300474203131,1.0014673686101163,1.0106295844822506,1.0263543329642841,1.0109597837315216,1.0088579342151889,1.0174985215033516
1.036955086184051,1.0912836915244715,1.0183694779153594,1.0419035355610344,1.057047784884988,0.9977240501588812,1.002557729974575,0.9476708565143401,1.043747993737795,1.053376980567805,1.0103932959640984,1.0251095619371366,0.9961163450953442,1.0375044326902831,1.0211646352828072,1.0059026048686943,0.9933465141946936,1.0028562977033642,1.0013371233963368,1.012619376050855,1.0268645213405525,1.0128071243857186,1.010525945282047,1.0177202746928076
1.0351822884902082,1.1040868488862705,1.0157480420408802,1.0481642750392706,1.0571391928103415,1.002178508071496,1.0004057033362042,0.9450912989529683,1.047726349435838,1.0547672610933845,1.0103095451250217,1.0242446831155607,0.9995814431916977,1.0362920188718345,1.0165370408907235,1.0061992051526238,0.9931273123674118,1.0007960213465723,1.0010029320532092,1.0128685995507145,1.0270131253382693,1.0074556443178806,1.0120998412794266,1.0203271706000636
1.0410399636622465,1.0990802697562532,1.0118915223461167,1.0472547962813388,1.0539026534645588,1.0024962999904887,1.0041628889888963,0.9490771828138107,1.052187555096454,1.0523856873377775,1.010771033559567,1.0288004005412166,1.0036888900883707,1.0323048189471555,1.017747039669691,1.0041626716949321,0.992723012238142,0.9989821552661656,1.001412617641386,1.0157394174848793,1.0322020280297746,1.0089254921105646,1.0080973654218321,1.019821760240985
1.0431681204211456,1.107093570899291,1.013415361675457,1.045430140923803,1.0531753668379198,1.0064386055189891,1.007225615800457,0.9501711840404574,1.0556643593400252,1.0566769055006398,1.015253641037865,1.0284564517087662,1.0044439065107957,1.031939017971052,1.0193387637872218,1.0039889048572694,0.9924167379009793,0.9986496213264464,1.0014935574656354,1.0159488062683628,1.0278583437798094,1.0082064533558226,1.0074782326469363,1.0227598618188598
1.0403407473947952,1.11433373110054,1.0143660866860231,1.048986505763182,1.0542846404855877,1.0068862163500996,1.0034282866870128,0.9569120940451332,1.0573837902564491,1.0566993201726633,1.0159210334414348,1.0277460901821216,1.0047134207637065,1.0277489703054896,1.0204677115237826,1.006674807440022,0.9938761662482383,1.0005190471407213,1.001538007231681,1.0134528883882852,1.0281870566895788,1.0054535381077168,1.0109429282702354,1.0225695012717
1.0464718880894377,1.1095004376763076,1.010885388806407,1.0559866043714528,1.0552367999641958,1.0072725981579436,1.0051503246605127,0.950044382815114,1.0586495856055993,1.057187532643311,1.0173374831344746,1.0255197817259958,1.0166243313290595,1.029162685872394,1.0178498021511992,1.0048408995224507,0.9938979246259968,0.9999032749172122,1.0014004926132314,1.0152264767518724,1.0266984079190689,1.0025103180380537,1.0119986409220296,1.0215133524643087
1.0610583223289165,1.1125587667820722,1.0159772192338123,1.0653895771598376,1.0568487963026372,1.0022350109585862,1.0046934908456466,0.9530040259323141,1.0580516716867143,1.0647270439954795,1.0160281390098025,1.0248079047058096,1.01558975234042,1.0290199888471703,1.0180619308989158,1.003876385048843,0.9942771005172972,1.0006470421624978,1.0013839718501212,1.0150582986553993,1.028959334448953,1.0041113102744674,1.0112155568256453,1.0197542969744753
1.058066021081045,1.1222185884975602,1.0172345037793666,1.0654556841868141,1.0574887297566424,0.9975950367498826,1.002027979770511,0.9598956892576102,1.0664602283209252,1.0591580147888222,1.0115823815425562,1.0259937963030488,1.0149195289950304,1.0304647693978504,1.0236710173687726,1.0028228692922119,0.9952183767185141,0.999554799796762,1.001573881678963,1.0166755052922445,1.0232341243789476,1.0048484325775315,1.0133201229023583,1.021574787619049
1.0597517683777897,1.1143626591116267,1.019526136831357,1.0715416696779132,1.0622589403380887,1.000288697265673,1.0001547199536125,0.9482657353525149,1.0685687638542318,1.065168430137768,1.0157829705026729,1.0243751226293414,1.0159434318250569,1.0310927504192853,1.0209077933154058,1.0049505434994832,0.9964095161132349,0.9958103883866987,1.0015567561749739,1.0195180287087484,1.0151903292835958,1.0045269114105169,1.0090748854607088,1.0194337702061254
1.0625314743353624,1.113414026198749,1.028353065221509,1.0680451658469816,1.0600933420818281,0.9998042864327489,1.0047770806731753,0.9562215035002753,1.0673828093105042,1.0676990899788772,1.012768007164716,1.0250120578983413,1.0207338894269147,1.036377615031987,1.0198523387178267,1.0059161810964141,0.9974516778450273,0.9983051649607735,1.0017881919315086,1.0212195438140501,1.0234229134728365,1.0056585708169163,1.0083997726203822,1.0184651399642695
1.05796064279815,1.1127604809843499,1.0307057589488071,1.071521039691523,1.0585255630526784,0.9986737369730236,1.0015773343083956,0.9644476126584792,1.0666852865810221,1.0682536347110128,1.0097224316200428,1.027735602403525,1.0226541523349173,1.0362913022893272,1.0176877676591602,1.00561438323088,0.9969963186046598,0.9939192130384543,1.0015194229843254,1.0193558766220072,1.0270879552535885,1.0067941907137088,1.0041097604916918,1.0174339955780158
1.062134971483442,1.1096088595282831,1.0335910154873569,1.0690065141362888,1.0606246106951234,0.9967327493881558,1.0079997637967832,0.957336252280762,1.071285345490171,1.075809809721048,1.0081762113643344,1.0321021304730031,1.0214039083208335,1.0376232423359153,1.0208669816872067,1.0069716838228335,0.9977104454372504,0.9947640959978497,1.001616632359362,1.0249761122460164,1.0311644288262676,1.0089531227648452,1.0086359838388597,1.0198810909057372
1.0711708297676419,1.1124727434547905,1.0374443019255446,1.070802823819511,1.061731055791805,0.9995939289066059,1.0112650628874627,0.9528477732723658,1.0722658475685758,1.0822151546695156,1.0089574825630891,1.0312115870720244,1.019278573980668,1.0358482134027822,1.030004309449221,1.0066213761375606,0.9975604759733628,0.9977429199779138,1.0016717970020346,1.0275712794644472,1.032966532801495,1.0111382197374916,1.0079521088420356,1.0177826168163469
1.0731972846701596,1.118042622355942,1.0399086374666249,1.0613731173876784,1.065247211961399,0.9898360529108835,1.009927454957019,0.9503916116828167,1.0696516007184316,1.084351344831411,1.0085177661341729,1.0334186735860171,1.0189203663817075,1.0380482715316581,1.0316506071995755,1.0079451199704803,0.9972124527240519,0.998620312064773,1.0019934989469097,1.0270007347008603,1.033387743352292,1.0122656361759967,1.0081567473745061,1.0197258787965995
1.0745604426150106,1.1226834246935762,1.0373812661013861,1.0584137953312098,1.0664756758435188,0.9909594273279695,1.0080686316949266,0.9520429768882273,1.0612076954388734,1.087524672292702,1.0073165924829026,1.0394711511576094,1.0144850925441826,1.0351215546459474,1.0342889673671714,1.0091689156651324,0.9975840197772166,0.9995631822092671,1.0017723607497928,1.028354907391751,1.0294089030729525,1.0119932455592158,1.0129440890726196,1.0227966167406468
1.0720599616682152,1.1223267446270833,1.0366862219457547,1.0570679574881638,1.0740659948275568,0.9856235092747592,1.0068462918864973,0.9519855355374859,1.0642833938019673,1.0906854506362933,1.0066083953209888,1.0406499960340923,1.0125196062214896,1.031486969351648,1.033252046007613,1.011601987965981,0.9969288470531513,0.9977731682303761,1.0014958536878296,1.026693458179015,1.0317280554993662,1.0106333350723262,1.0181487033735928,1.0182577372388895
1.0788340397970964,1.1199994136475264,1.0389424921557466,1.0548295695258578,1.0742281523007264,0.9875630400585912,1.0083449598719574,0.945987253844773,1.0614805609644398,1.0908128782185962,1.0060825187696365,1.042374013169921,1.0129971847057266,1.0329082513111691,1.0285830292174378,1.0149276935579463,0.9963187518663348,0.9994779616488612,1.0019555138654117,1.0275106761437174,1.0364019115854382,1.016353798293008,1.0198860262135578,1.019370912751371
1.0826225449864404,1.1197062200205887,1.0370327125638714,1.0578305072798788,1.07178819813888,0.9909328722192478,1.0064285555740728,0.9347323936135578,1.0626406555242822,1.0916908042589009,1.0054351783657567,1.0436127180727266,1.0102399552793662,1.0346075649425042,1.0294911785065068,1.0159451824060284,0.9960743627329588,0.9974976811599255,1.0021545808198327,1.0278670612404743,1.0358441053854903,1.0168407858142563,1.0210290582037884,1.0198497023970676
1.0733052532219551,1.1169215401099521,1.036983422362444,1.057682645976189,1.0731549204097066,0.9903734132879876,1.0108626918122878,0.9306583473771395,1.0664377537893714,1.0977882702884025,1.007800240500189,1.0411947383774132,1.0111694010795103,1.0354171614470051,1.0287545546548802,1.017263110083683,0.9955392209148356,1.000408115325069,1.0025279178200224,1.0303902431532717,1.0390110760754756,1.0291725699445702,1.0172352187803755,1.0241879717443267
1.0783981493511492,1.1085485243062978,1.0367030399743697,1.060274695781071,1.0743193955935424,0.9963222966403834,1.0136163753970837,0.9301091795836751,1.0653263896787377,1.0999959975583629,1.0068762997591938,1.0445998756030443,1.0103098969726207,1.0273766776865532,1.0311416990807067,1.0192326164535863,0.9953093681262041,0.9984817890310238,1.0026933292914975,1.0304298774142402,1.0391760441736348,1.0309375772060927,1.0181806990318143,1.0235790405758345
1.0840473267721558,1.1171294615919294,1.0347493722193428,1.0599120364802408,1.0684176673761234,0.998231658668279,1.0177464806972423,0.9287115122695415,1.0667823910755048,1.1043311381649976,1.0125924016593302,1.046423922494825,1.0082305519719248,1.030908061109021,1.0327157692168887,1.017728017320334,0.9953025492459339,0.9991245881113754,1.0027591911065932,1.0300344627242568,1.0446867569189389,1.0298828397891133,1.014675076330132,1.0233125589112115
1.081217267630417,1.1224153897371278,1.0392907386019954,1.057430155220078,1.0691275313349897,0.9990533628990712,1.013223900749864,0.9230230042359219,1.0574495720146164,1.0997660288156723,1.0105135763840536,1.0453692033553954,1.0050388784677817,1.028081080831883,1.033449818717937,1.0173353251455717,0.9961798036262615,0.9962634653392822,1.0026766302246448,1.0331741750095664,1.0445884618336732,1.0291852227462708,1.0114534168826672,1.0219169989166357
1.0937458041217516,1.1155457951099983,1.0339902826832112,1.0578302606323389,1.0700343624433097,1.0012312965954902,1.0151465128637853,0.9294493506500314,1.0594059514759389,1.0973242929775855,1.0113520314685014,1.0462193461690146,1.0044868178699993,1.0282940378498016,1.0308157729541219,1.0168323728426683,0.9958172533670944,0.9951059719106511,1.0025657456830024,1.0337650764679844,1.047962647181829,1.0279661204449926,1.0033370211236818,1.0206304893265228
1.0928478449117107,1.1238054236062878,1.034531841945671,1.057901201293555,1.0735514643496316,1.003534758034194,1.0148123207424415,0.9320252400770513,1.0551388110753104,1.0931252220503114,1.0119135085033049,1.047286795237014,1.005867784660558,1.0297525203996425,1.0331690742231552,1.0193087172117141,0.9953872213520343,0.9949536089810191,1.0024877285289358,1.0323732106245342,1.045191059102178,1.031327494505257,1.0024787148041012,1.0210134405274758
1.0963516298854654,1.1339456887812034,1.0346394392006686,1.0584129963507631,1.0768705628842676,1.0018134581154652,1.0066720582817061,0.9321601244096912,1.0579347889418307,1.0915898503381036,1.007035424194727,1.0461709346814938,1.0015538081602597,1.033070678100248,1.0377787709365116,1.0209577605163518,0.9956491892841591,0.9958056722730168,1.0028684507104522,1.0322651965299479,1.0467044062141182,1.0292224578098648,0.9989433096206796,1.0234391802739728
1.0887445742643733,1.139418005962031,1.0374145862605006,1.0547445385365035,1.0800482790994796,1.0081847023819879,1.0033774256431776,0.9370845805302793,1.0521844909024503,1.095404681041775,1.0061542682345899,1.049214377524824,1.0039393599052908,1.0305011165080968,1.0349669773248782,1.0181646416358459,0.9951605417883189,0.9951690166687387,1.0028434094337966,1.034794565639628,1.0468983530102889,1.03146311618633,1.0027439824281463,1.0228555737962426
1.0880460420032099,1.1426755443338512,1.0329169034126813,1.0606351142070745,1.0867900572588245,1.0046927138434851,0.9997938396133247,0.9267354837889825,1.0499431763490228,1.1002866464345644,1.0049018516708128,1.0473753175743523,1.0025577482854353,1.034165574005194,1.0336898540816677,1.0185106541551134,0.9955918630398888,0.9962258800729994,1.0027273730470563,1.0309953239036949,1.0439926812839933,1.0294395572773851,1.0053841325271555,1.0254449040825222
1.0764550696764004,1.1471900034380742,1.0320641851523114,1.0618892888689826,1.0862448011351933,0.9953077097450064,1.0004133502960824,0.9271365931294927,1.0535287204361312,1.1001985378773529,1.0072028182553232,1.0504229785995691,1.0087278410586007,1.0316304430353622,1.0376910220723494,1.0226104794366233,0.9932263115404487,1.0010366762397853,1.0026567868759497,1.030042614516526,1.0525334207345116,1.029241536118418,1.006117746330454,1.0283009660255322
1.0783252920590192,1.144629456192486,1.0306495125843866,1.060555514827837,1.0843448507942466,0.9998006458885583,0.9931848400596743,0.9275021988814705,1.0586179017272568,1.1027914231782725,1.005475907916836,1.0498351694088675,1.0127892055859768,1.0305330400299397,1.0414057017118814,1.021417291340042,0.9927238871839958,0.9992181670517488,1.0029915092198494,1.0310924571587017,1.0520715389690933,1.0330255062178073,1.0073854351879838,1.0302957927661902
1.0887128136310522,1.1630995247070115,1.0292811194430243,1.0611686516229077,1.0900538812806073,0.9982128498986956,0.9995695769618783,0.9274376635830746,1.0550747350625431,1.1002548300185946,1.0095153227866414,1.0489554950554003,1.0137058525729277,1.0299217522792241,1.0389275525189725,1.02236825199172,0.9946850324558774,0.9983568184248358,1.0033097961800388,1.0351692908941887,1.059015725767899,1.034824055636076,1.0075519396952137,1.0321682920630586
1.0898849744379209,1.1610174893446332,1.02418219731675,1.061430140100609,1.0877702782229748,0.9989086395799649,1.003768313332696,0.9258881125539405,1.0594575407025784,1.1105960973557525,1.0050182607079747,1.0501848540447507,1.0118371068046403,1.0324026193806346,1.0416583922448701,1.0264379369194412,0.9957960595244825,0.9998892857246365,1.002828444587188,1.0321185542166327,1.0538818602589377,1.0372944391962169,1.0072364659256456,1.0331104832654054
1.0947266111495588,1.1573559704472514,1.022180002712663,1.0601207319080068,1.0887183128511413,1.0024352289495335,1.0071890393569052,0.9277893205153018,1.0552332130155844,1.1143155838378165,1.0064112002032477,1.0508618013618167,1.013101325640105,1.031512120840609,1.0406736991514327,1.0211562541908963,0.9955075923692263,1.0010608944826063,1.002787468489559,1.0334406707370556,1.0504784170832766,1.0337651180505403,1.0078861700957962,1.032940564565794
1.090784182619809,1.1713451311967589,1.0171611182809694,1.06288762074134,1.090220149610603,0.9995602097181899,1.031772942755432,0.9322157620329083,1.055033290333073,1.1083658750980876,1.0085885144819875,1.0552378716760924,1.0126298534502045,1.027661240290537,1.0449560670034643,1.0212248337151355,0.9955098514290731,1.0028040112603684,1.0031979634200876,1.0347046952018737,1.0507473039187034,1.0351016038241652,1.0050826203710048,1.0314303379992342
1.0796562276780692,1.1716183913110672,1.020987107748751,1.073224155776497,1.0978524994521675,1.0020508524519827,1.0317762595103228,0.9330633126412258,1.0488938383351394,1.103973954151413,1.0079642895484586,1.0540566653139514,1.0114114350266887,1.0258895928508556,1.0396761517167912,1.02380517814431,0.9954947940474365,1.0030170589797753,1.0033815361851464,1.0367448150165353,1.0463147430238557,1.0354780431944095,1.0060183088178711,1.029585432172582
1.0843950457861469,1.1742633151832012,1.0145670271577456,1.0646236914743687,1.0970185552268943,1.0016133472765854,1.0353720120626166,0.9380963244907129,1.050982631801208,1.109270686265155,1.0092341625961412,1.0589425006754598,1.0115872657073148,1.02891117518088,1.0397229485729815,1.0255228746451401,0.9957752248088777,1.0026556744567245,1.0030824354424202,1.0392303402592025,1.0419391556925117,1.0265760765545469,1.0044959511883425,1.0291305702267353
1.0840845190083839,1.1733159140515477,1.016136632631433,1.0675937164129488,1.0995852009552407,1.0055939396621227,1.0365595058076984,0.9491775684262492,1.0500832606628676,1.110388177529281,1.0118435154915881,1.0598096392025453,1.0127228183469612,1.035037596556767,1.0418684128333868,1.0260143852256003,0.9947932314720505,1.003221438348837,1.0034588360501497,1.041829429497436,1.0391308781407527,1.028916080445328,1.0030465774686972,1.0266854044549294
1.087354420247066,1.171175529263801,1.014473258331351,1.0676577579281825,1.1006633379701176,1.0091621150359928,1.0384731811183647,0.9514538157928861,1.0494682770480033,1.1167543348444182,1.0127703359001023,1.0597618640110285,1.0159473165443695,1.0379602217609762,1.0399125914130511,1.0240900665386437,0.9954821314412086,1.0033473434735076,1.0034207869305196,1.0428416252950778,1.0372139730139252,1.030144599385385,1.0035970485271304,1.0253852175779454
1.09164463725002,1.175769934869366,1.0106668879309952,1.0694989780338016,1.1032931086503266,1.0105944905124609,1.0443783320604916,0.9484335499702758,1.051905553103389,1.1167828553377928,1.0092001095927141,1.0595166201514317,1.015297446445811,1.0391593220536632,1.0409418206025005,1.0215845410286102,0.9973362079753147,1.0027689133327515,1.0033478337930133,1.0434139454791826,1.0285868490519288,1.0268355611942535,1.0061343084795444,1.0271234528471551
1.095679995479592,1.175355338967191,1.0096921193989394,1.0695360821152677,1.1029348540230817,1.0142643093391994,1.0423123613175485,0.9493541191761713,1.0514319892311992,1.121207499764357,1.00998342873853,1.0587947614193813,1.0198476201516595,1.0430948357595669,1.0374406913746217,1.0219820718669241,0.9989173507442107,1.0040452565404998,1.0031977439691508,1.0442141699931071,1.029285018126542,1.0286473075214688,1.0081996713332644,1.0272794851654963
1.0978911666490367,1.161945508334346,1.0093957340219597,1.0695823809033034,1.1021316378012664,1.0163981273723486,1.0445387024904256,0.9480007588328019,1.0474816752149692,1.1255137313786605,1.0132297025936752,1.0548107457492977,1.0215136397246931,1.0436633566089972,1.038495610863521,1.0169069882789576,0.9985664327651317,1.0011465767664811,1.0031366808818543,1.0448358314898663,1.0324007754976057,1.0334989504469225,1.012601231126661,1.028292147543574
1.0945570034639507,1.1718983552674105,1.0124913996469604,1.0732746585704254,1.0977024610111237,1.0183199565216727,1.0431271112523763,0.9530469093262445,1.051402540964723,1.125689381210055,1.0155978310452616,1.0567036504552494,1.017781746028758,1.0412159894411406,1.0392771835831585,1.013969453948972,0.9997723073036906,1.0008218809672333,1.0033064927143556,1.0426292756621742,1.029779502969159,1.035044998870905,1.0141294345098075,1.0294247415540438
1.0932697096194546,1.1769494742613051,1.0113314792898505,1.0739424376682334,1.1026154064379454,1.0149631510308903,1.04074681751329,0.9449510576029704,1.0550217738593979,1.1341529240926647,1.0177915133830557,1.057955049164414,1.0231219188452552,1.0408489486717853,1.0410432176339308,1.013587855799199,1.0003200048743277,1.0032818481557026,1.0034179260453098,1.043147510946189,1.0221566609889952,1.0356273284928459,1.016820889416649,1.031650549850731
1.1029494413340541,1.17778336575229,1.01186133657175,1.0683622087234435,1.101338103853682,1.016640067719332,1.0404937204218696,0.9365271556350294,1.049811920105489,1.1328323528893232,1.0163883423747349,1.0572768560365196,1.0209458120415003,1.0419956909682138,1.0457133405057657,1.0138177404276842,1.0006416492557266,1.0017298592778634,1.0035494807966474,1.0466284967401587,1.0150723839083997,1.0352241192904588,1.0113859405574153,1.0284626616470953
1.106098510859853,1.1799998615277163,1.0113491854663423,1.0693038276712252,1.1040656674894092,1.016702123747453,1.0464515742617644,0.9284600072118935,1.0543358017593432,1.1347206682957596,1.0187870069661817,1.054724012243823,1.0251379193206576,1.0448249044787399,1.0473236024192047,1.0111334700164014,1.001820435037843,0.9989778881390461,1.0036201360409733,1.048549058456202,1.023055042685786,1.0347684693395705,1.0166589596571962,1.027892311328981
1.1065777793744467,1.1843341601047237,1.013763146353748,1.0732363594781573,1.1004899526387533,1.0138021843194518,1.0538658671319212,0.9272814492126676,1.0547588682838271,1.1314339856760074,1.0233074067117944,1.055950026928523,1.0233735669096953,1.0457773281498148,1.0533836361928204,1.0092392026838302,1.0011435588404491,1.0002015411180376,1.003709206647108,1.0492069495684604,1.0165897496926555,1.0331074313302193,1.0164926816589457,1.031707867804952
1.1119597607053522,1.1872148331084005,1.0164720215378913,1.0701897510823064,1.1023005595848394,1.0083269009739353,1.0549483615171966,0.9265692787741071,1.0543336110280837,1.1346799408081123,1.0224814814631051,1.0539926264865922,1.0241860245659897,1.0487250412365015,1.0502229389820597,1.0083981318206652,0.9992043082827607,1.0003890437035299,1.0037682084459776,1.049819465658816,1.017724563642471,1.0330535604490485,1.0185855184915233,1.031724345783074
1.1102657957128257,1.194348231769108,1.0132942303006265,1.0759725628671533,1.1029236401912654,1.0087570820029699,1.0572973661593208,0.921888508338467,1.0473398854390186,1.1302899894309635,1.024852141099785,1.0549131622779624,1.0220503749984549,1.0513617169932212,1.0499980432823304,1.007762694042614,0.9981159137878696,1.0003630331583404,1.0039824082362798,1.0474410869981916,1.0242498341733333,1.0309051871496997,1.0247011768646586,1.0321676701794262
1.1089537971601329,1.1820208698745893,1.0166504815530273,1.0735269082381442,1.1015327563940995,1.0091070470829735,1.0600615767235484,0.9236831519609806,1.049990475726974,1.1318063193991326,1.0235332948023572,1.0535218841804006,1.025847122479305,1.05531531122005,1.0489151184282104,1.006732765930245,0.9974130571207617,0.9997596201250272,1.0039399472699186,1.0470335899883636,1.0146256867902388,1.027203539431464,1.0249141885585469,1.0332637208311086
1.1092432828132757,1.1911061541636914,1.018702377787259,1.0726957597582212,1.1035905384934115,1.004889997935078,1.0596447820039676,0.9219041561590424,1.0566134496111153,1.1386021883793886,1.0217438210731906,1.0515794816693858,1.0273937966588789,1.056280031503538,1.052625393721988,1.0032194318988323,0.9981634121947163,1.0014873754197382,1.0039994118881783,1.0487826198915804,1.0195851942848575,1.029805133870481,1.0199918214224803,1.033663244994119
1.1133419084891838,1.2067219350963216,1.0194608576650093,1.0754278638947452,1.1006278799236695,1.005476280930122,1.0639850024817812,0.927159303947105,1.0568643843843522,1.139914611258349,1.0231914846322299,1.0504082918025697,1.0294127202875012,1.0595292681293749,1.0491970603223233,1.0040572118616804,0.9967700376298454,1.0033497184334714,1.0039509654815943,1.0534006073713316,1.0138332119699356,1.0380920565503708,1.0196963219348638,1.0325888393613138
1.1109901654584753,1.205652414361576,1.020351761718225,1.0780329688485308,1.1013232670480602,1.00568464629186,1.0640796030988402,0.9207798773152026,1.0619775295860827,1.1381664651040668,1.025962512529675,1.0535556666183856,1.0353141900824967,1.0604527599208742,1.0481577620828173,1.0059416537586638,0.9963724812339981,1.0049200286509918,1.004100868796232,1.0541760001106109,1.0110308907218977,1.0409511600442882,1.0211996289161092,1.0361286381837944
1.1068006645655886,1.2099273119652607,1.0282290776334155,1.0715557355130683,1.10418021475214,1.009868274803639,1.0614164629583092,0.9270286856247341,1.0605240618152905,1.1383052896288774,1.0275314688872796,1.0541219520668847,1.035535409710223,1.0558699595688605,1.0456387290619018,1.0035077523551286,0.9969959460665699,1.0036172913747072,1.0044344182987859,1.0546402182493175,1.0145722341610481,1.0420927828102136,1.0213260878342163,1.0374414183239822
1.1073090948194029,1.214537020692824,1.035465961450653,1.0724680144228917,1.1045740224087297,1.0069319614590067,1.064308721380627,0.9267908267930622,1.063942879960712,1.1413037348839046,1.0196838687860823,1.0576701377121798,1.0350306213753364,1.0584131294650883,1.045240305063785,1.0000133984913921,0.995684132513896,1.0059556068059732,1.0043905319692699,1.0561595330058473,1.010681393257913,1.0390091604952063,1.0206402137747224,1.036938750913784
1.106937572371516,1.2335009622204873,1.0378427449306906,1.0744997952741049,1.110439790642462,1.0128380888530621,1.0643244612066969,0.936652247735082,1.0689742697563993,1.1470586156031486,1.0202765014188504,1.0627681213036277,1.0320994106208423,1.0545277120781944,1.0389952026502864,1.002561617707025,0.9958660978708184,1.0014361801905172,1.004282298350236,1.0566536315247543,1.0082373409187417,1.0380869930672743,1.0232500337703803,1.0341385995115022
1.1117499518886187,1.265532315671245,1.0366925306645316,1.0748083289626318,1.1061471589535303,1.0141142287018785,1.0720577477122653,0.9289920684879187,1.0725126019816924,1.152614024083401,1.020932089756706,1.0617062380937934,1.0334531445339994,1.0561879911764813,1.0384643579232244,1.0020694725574633,0.9958603591892973,1.001223167397975,1.0045900160102346,1.056346581281621,1.0029448916676058,1.039844324449737,1.0246762356125356,1.0339262623928211
1.1167109161303352,1.2763770027439645,1.0378502664660876,1.0723474075550508,1.1095541922144618,1.013148556153386,1.0680753022059577,0.9342196787936332,1.0709205839919491,1.1529971364512681,1.0205807395172757,1.0586814945958531,1.0309437808393378,1.0555009620367417,1.038294007897184,1.0034543261900641,0.9952158628554241,1.0038459439628233,1.0051657576203903,1.0563897286861361,0.9990715018243163,1.0423641274186657,1.0271277915676238,1.0327216521372296
1.11943361892178,1.2800818376878809,1.0372500564738631,1.0726540328490444,1.111133142587499,1.0126763855320735,1.069979827503148,0.9367337616585364,1.0687575307660746,1.154161055014376,1.018307359536083,1.0575666117735465,1.0292664093285713,1.053195323184214,1.0340895278975801,1.0074250377355256,0.9958947405115622,1.000937473998857,1.005429624254832,1.055980706762111,0.9976044242513005,1.04266851939513,1.0301400951324087,1.033869543517499
1.118823673533533,1.3237498687211249,1.0354189612410802,1.0809185683482765,1.1084535842763585,1.011381018223041,1.069634391665639,0.9310117491329941,1.0601327729946755,1.1550212419829788,1.018220680314944,1.05856134624266,1.0306906635727617,1.0524831261795204,1.03687148992835,1.0086343978950734,0.9959593886785332,1.004124194345156,1.0051262537003898,1.0575757722204437,0.9942774686154078,1.0418447201674594,1.0343890532686588,1.0321028313223946
1.1212828765765745,1.3333965806674655,1.0377923691607853,1.0849878522100558,1.108226976526835,1.0179324446615763,1.0724355166406943,0.932526663010432,1.0663001793137967,1.1567898650802066,1.0193012668325523,1.0516127388325407,1.0287292522622926,1.0532340408002314,1.0422213391451982,1.00727155092748,0.9939311784300922,1.0007475952226026,1.0053830926543679,1.0605725972477902,0.9946743440951398,1.045131797685657,1.0327963295185882,1.035226688564117
1.1245457511108377,1.3317006745987718,1.0401026968184535,1.078677905985588,1.1122724933201118,1.0202639615428508,1.0769899864411896,0.9333481915131867,1.0713739490902043,1.1638136044026972,1.0210987155741376,1.0572014845610154,1.0297863028550878,1.055274791220102,1.0444148681961265,1.0051722101479865,0.9937053928186621,0.9994564236077779,1.0053195098040046,1.0627147270638675,0.9965399213361944,1.0465431693310634,1.0345088534509972,1.0363620589094678
1.1266789296250197,1.3453036985801856,1.0463546114014486,1.0782299111700835,1.1120983166600704,1.0208271794105361,1.0744372954674488,0.9313016848204051,1.06689334144902,1.163082507518951,1.023142234885906,1.0560404373995946,1.0351840094748372,1.0544229900917816,1.0472101722659297,1.0058983325458268,0.993259201767748,1.0013266225157287,1.005349174854101,1.0619503665952512,0.9946759708885576,1.0469216383003184,1.0385063480900902,1.03587391120172
1.125568741308379,1.344924295593737,1.049349286291891,1.0862519620835438,1.1136521560513546,1.012171054142067,1.0806039120410582,0.9311463489824211,1.076755964054768,1.1673178093607992,1.0254956460530558,1.0566226327158148,1.035775693529277,1.0541552319841574,1.0504785715595228,1.005372739789988,0.9937408494341079,1.0025758844179282,1.005646031117118,1.0617086612416982,0.9915190954801347,1.0432533486774234,1.0370408037020749,1.034999979356965
1.1211459759197713,1.34593907154826,1.0499237265029604,1.089249986029692,1.1100409420579456,1.0175520306611054,1.0790790464425941,0.9312358458241758,1.0745171832298888,1.1673595629372664,1.0267781940326282,1.056946378368654,1.0403553363639437,1.0571555049156112,1.0497882735087372,1.0046969947266484,0.9941460295502914,1.002377650929977,1.006001399409677,1.0627641956241194,0.9901075651369163,1.0448209084665383,1.041300108156895,1.0360878698152558
1.1290622970910311,1.3538914124456947,1.054855832899943,1.0914781529195223,1.1136406734179625,1.0172111091837277,1.0814978209397668,0.9372753361530836,1.0746043187838095,1.1653375800493615,1.0272459558450382,1.056620170848292,1.0373100107873279,1.060058495085388,1.0523204168761486,1.002719788117237,0.9942239342256769,1.0006478665728618,1.0060337269411654,1.0655310889432055,0.9796899340014896,1.0447372188420307,1.0424650467580958,1.0364162702832915
1.1315925089323395,1.3418376349672931,1.0598455701209468,1.0950362085354448,1.1096114915699562,1.0180822941949013,1.0783953985288435,0.9431178964661423,1.080180831428896,1.162324961766885,1.03014094431214,1.0581219168564417,1.0368072137902216,1.0604776969987106,1.0513264987101858,1.0020698998675956,0.9929950115090872,1.004124224204369,1.0063288551379765,1.0639401630441199,0.9821771008038972,1.0469767350516583,1.0429290824068058,1.0374362538898168
1.1271923138341502,1.3423292629456087,1.0613610971494323,1.1000753758096877,1.1084622722301505,1.0149732055224527,1.0833597246940991,0.9431758199676413,1.0786774473388647,1.1602470548317607,1.0304324777847378,1.0619700580673992,1.0375971823738572,1.0624188113729365,1.0441491644555785,1.003930574522057,0.9912544611171176,1.0023757271178309,1.0059693795243057,1.0614721875780673,0.9815483166990991,1.0474872810987153,1.0460460793364081,1.0360816851810262
1.1312682006127701,1.3207832818979652,1.0607249163393404,1.0982048637208122,1.109604783174987,1.0146986176535304,1.0838517775393315,0.9473902511305379,1.0824593159762033,1.1623977610570537,1.0324911048839704,1.0602030219611251,1.0454816057290057,1.0672891088562815,1.0444748555183174,1.002347892640938,0.9916152092252479,0.998973407721192,1.0060518867903097,1.0687187964245086,0.9792147522657079,1.047269006219157,1.0481632048282747,1.0359593466811414
1.1296142069606228,1.3156992966914942,1.0686673877574535,1.0978641391288215,1.1095637751098282,1.0120694851333165,1.077118300612023,0.9478616169255561,1.0848735075862959,1.1625120099734425,1.0343639310750372,1.0612934112531505,1.0443266554648318,1.0731040103303118,1.055492792445375,1.0011029717402602,0.9918859876460753,1.0003046786147012,1.005761272646772,1.0702833931817983,0.9924739239275416,1.0509028974854553,1.0459658034907566,1.0342777958146205
1.1315395064685838,1.3058046965078147,1.070357197584612,1.0972832968760273,1.108609127981068,1.0131758282289691,1.075496317101696,0.9520232826547469,1.0863831085655724,1.1681986052478248,1.0333611083927863,1.0588883850818773,1.046722587044315,1.0764560789079192,1.0548378045978986,1.0055410467286598,0.9903505664178704,1.0004906194739365,1.0057725493668903,1.0705321685170188,0.9978662421634055,1.0490224109858994,1.0454291387945096,1.0365183784411285
1.132191471027297,1.3095473609680621,1.0693010897369513,1.1024931927968,1.1129886547364238,1.012613957483926,1.0786238967280897,0.946099882490343,1.0896649270971013,1.1714991406761632,1.0314456457961483,1.0617124710147723,1.0440998701395083,1.0741600635531874,1.0571491532532111,1.0085211018372582,0.9907711149591159,1.0054916273647425,1.0058395428781912,1.0722995043263481,1.0028341677453885,1.0461845680900614,1.0499004962025547,1.0374628525332323
1.1390417692525616,1.3118887040632081,1.061439609794373,1.1041883667073216,1.114605416321187,1.015933602661501,1.072321339749828,0.9507220577255353,1.0898267576783245,1.1697559163100448,1.0297851316959477,1.065320536180397,1.0370767726783279,1.0687362002159118,1.052095491941592,1.0075810100644909,0.99099802364224,1.0045320703085798,1.0059913531378226,1.0728921920612309,0.9921932897246885,1.048233546391301,1.051325746039151,1.0364115475474425
1.1439130163989524,1.310451397257993,1.063261128485533,1.106028245737715,1.1117824760106934,1.0264352705292112,1.0680027223723239,0.9547724877669235,1.0906959615591405,1.1722970706793372,1.0299471301707472,1.0674950130139935,1.0351863904120167,1.072172260428009,1.0525582084042826,1.0086097749920055,0.9922794305706032,1.0037796463584587,1.0057579095033327,1.0744998414524574,0.9931547188741877,1.0455244196394995,1.0538501259097726,1.0378222590624222
1.1397789384238834,1.316702697369385,1.0640574667770564,1.1120751317954876,1.1127233007592443,1.0279498476417321,1.0664211751505122,0.9552449003495972,1.0943591976036038,1.17117725168874,1.0311932262860894,1.071550556577798,1.0350734037493798,1.075575218991603,1.051296345823815,1.0075139120693148,0.9925779129018655,1.005793828981926,1.0058310492984839,1.073948547966791,0.9909233951102417,1.0446636878163187,1.055583904178058,1.0373864335729928
1.1385822929586686,1.3280576619619262,1.063656845402789,1.1126430655834871,1.113123504483256,1.0368663461522556,1.0658013832002253,0.9649083665223667,1.0978760775451109,1.1723136210852625,1.0279985847557829,1.07718573453847,1.0356657563836815,1.0759097678289844,1.0532759744514717,1.0036919494046355,0.9924843093592127,1.0069123886250309,1.0062510881956521,1.0722739827176617,0.993485294178085,1.0440927196692735,1.0526776688508357,1.0344148568401548
1.143363815355888,1.3483772241949679,1.0589234577239532,1.106742035771027,1.1088412154333038,1.0436275178227659,1.0581263466598094,0.9632055072666301,1.0895062097697483,1.1738955999566476,1.0281938355966556,1.0781779829066358,1.0411674232492971,1.0726068560812763,1.0570076936044859,1.0022562236596353,0.9925155975302908,1.0062072970710514,1.0067185169321726,1.0748730101214643,1.0008501804864112,1.041808293469949,1.0568398792495908,1.0355276145909318
1.1445785123158703,1.3656375248619574,1.0570268353997934,1.1179256447369028,1.1097903237073794,1.0489938911831977,1.0587715056626807,0.965008780846326,1.0862903122707948,1.1821533715156152,1.0295526539450028,1.081903422492912,1.0400208045774357,1.07268224463655,1.0564978510667116,1.0018060797882578,0.9915389484902994,1.006199071607717,1.006450959934886,1.0743229323470511,1.0001960169460704,1.0425613430000524,1.0589891677033691,1.0359913998637063
1.1434648259987024,1.3784084445662175,1.0544853905082017,1.1152864659958237,1.1106063742270256,1.0483803259343982,1.0558115234026018,0.9633100687867201,1.0945096941603767,1.1812613560505603,1.0300995710216185,1.0863466796001784,1.0456195678583766,1.0763344933966335,1.0552322371183576,1.001948091118808,0.9922676588252473,1.0047370040395769,1.0064128900986333,1.076444194863716,0.9927404651551368,1.0366016825072824,1.0611707767682244,1.0354953705852064
1.1367543520066095,1.3913906927229596,1.059950457804457,1.1256186398958483,1.1136173106495006,1.0483498223455612,1.0559194618103678,0.9668228480796391,1.0990101229764144,1.1826617002782913,1.0311233633377979,1.0858568161991473,1.0469157383037007,1.0750418096230239,1.0596453824862972,1.003154028046279,0.9929095372840063,1.004767335507394,1.0068673672080657,1.0758767440993195,0.9900219002553144,1.0358205468060115,1.0635130674428805,1.0350519151489908
1.1340755626964616,1.3999116160542966,1.062361053677485,1.1252481058459223,1.116236536708942,1.0514416156698634,1.060189773319657,0.9735311587957818,1.0934772582529686,1.185816320661275,1.0308467845593132,1.088038759906056,1.047779809143624,1.0717007495929223,1.0603629483631574,1.0011492445508763,0.9935711342900302,1.0049014450701839,1.0070003269084924,1.078242510552918,0.9908995881818974,1.0401870394676747,1.063954378986262,1.0326022734166007
1.1410901891203975,1.415662559520379,1.0668728428341943,1.128983331594921,1.1170025679229338,1.0505794869599832,1.05672011708987,0.9943629504071263,1.099024028304028,1.1910408061383666,1.0315812446461412,1.0902008938382937,1.0468691824637342,1.0705811291389797,1.0612985214231652,1.0018819465395707,0.9924327267262859,1.0022695945167837,1.0070996518217412,1.0804831063584737,0.9923550028094158,1.042850110756091,1.0645429050788335,1.0317948880437176
1.1367174086622114,1.422158460437491,1.0591684736979898,1.130008427984356,1.1207764971316203,1.0588429746351333,1.0639213054319567,0.9956543999755149,1.0958815714372028,1.1937703479100168,1.030820629614698,1.0912744127809024,1.0484343659340685,1.0717151685421071,1.0541493944827647,1.0023090115406146,0.9916776814549616,1.0038318245201412,1.0076496358132754,1.0782961228478019,0.9780963593526442,1.040491055906638,1.0658178519747632,1.032849262903744
1.1401291685682855,1.4223412243407454,1.0569576640448755,1.1325799091550783,1.122084604241379,1.0619754471372322,1.065945352821792,0.9992549030894156,1.09942914361891,1.1958891716750286,1.0362886035862777,1.0965912289577084,1.0503534291091077,1.073964739734229,1.0543093563719739,1.0118371467121527,0.9915123610905944,1.0018222926812788,1.0073403532583414,1.0783972046756405,0.9800626256680912,1.0378827620272424,1.0643287606514054,1.0334483478585679
1.1436573228774802,1.4194002575342959,1.0624907566669637,1.133186876062036,1.1186185349210014,1.056110768304913,1.0702784072389924,1.0034005576309455,1.104151893813104,1.2023942892026533,1.0347652293362033,1.1026271205752642,1.0548183984751853,1.0776831439317691,1.0569697528958957,1.0091918148442274,0.9931694482381147,1.0000364332841183,1.0072253053437954,1.0747869466137858,0.9732533742873456,1.041975431822874,1.0658195787527927,1.0324635805202576
1.1450701888114356,1.4337899473470586,1.0678765719265115,1.1325645263275128,1.1227041439141776,1.0590747564442442,1.0728472908321085,1.001178567035902,1.1052370011493422,1.202979802067801,1.0350343863082492,1.1087301730760966,1.0580371461114373,1.0753783600732205,1.0589447089055979,1.009516218844005,0.9932179894505279,0.9996749275446424,1.006711697057036,1.0736096864121052,0.9739300391153591,1.0427069562962492,1.0645316369003928,1.0321541313854774
1.1438686732336174,1.4179588617234813,1.0672464193154592,1.13401139153043,1.1320966289625753,1.061565691012926,1.0831952912961471,1.0070683267514018,1.1118949488241334,1.200392416520188,1.0379778196195422,1.1128365532363584,1.0581399617859661,1.0759765498384266,1.059323481586641,1.0105482059315873,0.9947612423085209,0.999055453161117,1.006282287421184,1.0759970187253656,0.9792846970297535,1.0361800711715912,1.0642862006884248,1.0320583640265193
1.1375069335043146,1.4274988538195374,1.0680944511192971,1.134194324225791,1.1322377386473341,1.070634160796799,1.0875358217142828,1.011627293818666,1.10951985642685,1.199719761057067,1.0437734321312095,1.1140324868985658,1.0607903366934706,1.0790324957185604,1.0578414577234556,1.0104965760527345,0.9935971686150994,0.9988234251615521,1.006518682560981,1.0772495311970345,0.9755779974025206,1.0353598339053924,1.0618781649668452,1.0333597379243715
1.1351986536553162,1.429616929132482,1.0727458335011881,1.1389929347124348,1.134104644647094,1.073899662762712,1.080686688969979,1.0137387392717512,1.1118248865340918,1.206454987676939,1.0420736368722732,1.1140975356644593,1.0654583904617252,1.0799286712297052,1.0597674980795313,1.0102557065249544,0.9935572171176555,0.9991542471378578,1.0063561061586592,1.0763072718244693,0.9784745177994957,1.0321477892407065,1.0684308257948927,1.0320851746007402
1.135402076943159,1.4367045354235983,1.0761937771659178,1.1425880769247645,1.1348332452405623,1.074624645219406,1.0822572037430749,1.0152229627081455,1.1138198336234668,1.2107492322243734,1.037243573394876,1.1159475323098615,1.0676597778734653,1.0838947685116431,1.0623760459854936,1.011433184011898,0.9946450384420054,1.0001180850175062,1.0062728666790641,1.074536755956886,0.9787118914018534,1.0308766767552942,1.06799742003495,1.0329126360647793
1.134697194931016,1.4342520725256693,1.0763474046888235,1.1404763405890568,1.1397427576116785,1.0799461012581302,1.0846248835240615,1.0047028127338757,1.1160736772221769,1.212493830246929,1.0393072034876247,1.1193954945194349,1.0655257757194556,1.0842128218879032,1.0627528086879294,1.0107973584242465,0.9959610207192117,1.001202514751996,1.0066855579952885,1.0742218448041188,0.9799717850136349,1.030486463636883,1.066612055305872,1.0321347678307786
1.133407216825436,1.429953084804062,1.074883162186242,1.1512537021274751,1.1371025303619529,1.0808666201117842,1.0816152601919629,1.0107475438236582,1.1122497861089977,1.2220692189680984,1.0390468578754757,1.1348429241617146,1.0707595296873644,1.084041390879031,1.066815960658043,1.0152955912898285,0.9966611064613057,0.9991759987142289,1.0068567733338678,1.0733033176409432,0.9826982115600731,1.0318142974011402,1.0630828259425613,1.0311345450578404
1.1422489143940693,1.4262618501820197,1.074265450674467,1.1534007028175481,1.13810413468153,1.0817246777919123,1.0793580119419295,1.0124962047786776,1.112635352085199,1.2224625980865116,1.0408267273842167,1.1341372801666014,1.0727930713592184,1.085504424535007,1.0635126630853426,1.0203781238383272,0.9967386024843408,0.9969552086712691,1.0063864312622819,1.0732843859610834,0.9850624739811805,1.0311298051461326,1.059263162453194,1.0386231617624615
1.1474235589248543,1.4467335231692486,1.0743272764073255,1.1574523053265837,1.1450819622065203,1.0838393664996533,1.0799283608440626,1.0140621708164748,1.1074701002791725,1.2219991286994645,1.04311566276229,1.1339026556075702,1.0726984530654804,1.0868340911708168,1.062439243558047,1.0195380980527913,0.9982145480598139,0.9972365728098757,1.0062765079325462,1.074298250047509,0.9747804925622181,1.029201965346064,1.0565171794386166,1.039589697079975
1.135976582306657,1.4454734294065115,1.0745590621774306,1.161346472963886,1.1460258573647364,1.0865046910407372,1.084293242959491,1.0137758902364211,1.1049123814356274,1.221541277691354,1.0439039877187506,1.1309943089577474,1.0749994929981095,1.0876625480697355,1.0593382575243853,1.0188358382499485,0.9985345176929702,1.001030772681361,1.006339252605156,1.0775923055427925,0.9782769734362524,1.0315852252129702,1.0594538656912103,1.03905214037996
1.1480993629854863,1.4666632279212295,1.0732782293074163,1.1726875568413626,1.1483042164150015,1.0898724660798702,1.0806345409814953,1.0244196231665639,1.1104742683569058,1.2166914544658596,1.042893851144751,1.1314458167979775,1.0700542414134584,1.0903927557585213,1.0703570182219702,1.0192225289098304,0.9985074220143024,0.9998013494905985,1.0063239193362556,1.0784241153967489,0.9796252953124768,1.0314411121286988,1.0585613691051206,1.0401833953778417
1.1482992785827164,1.47087981348352,1.073820374231602,1.171730909073756,1.1513743700596384,1.0937383405099503,1.0750522475039486,1.0299126018357216,1.109593256095568,1.2242574926622471,1.0471614888634497,1.1323004919543678,1.0685770272000288,1.0915034559423937,1.0693611256388253,1.0176392309155162,0.9976122681171496,1.0004424168655954,1.0068371836724646,1.0792211478771847,0.9823086873050204,1.0323039773346165,1.055810499433685,1.041582811939942
1.1434608562558273,1.4796219715957164,1.0661722385202062,1.1606689571310063,1.1513200396382566,1.0887311739639862,1.074793301778566,1.0306009380653278,1.1078278487712159,1.2293350895180724,1.0479634026392095,1.131639962002482,1.0743012211511505,1.0934611284316766,1.0712619915309605,1.020477320128627,0.9974519918499569,0.9988187884125941,1.0068693458772988,1.078117969345709,0.9822358975319025,1.0343808646299812,1.0580391414549801,1.0427592372906107
1.1399783980828855,1.4747150368751747,1.0698507570860252,1.1597323647305402,1.1543810021651792,1.08932974012997,1.0791169659346247,1.034822067630506,1.1090871215116702,1.233171364182841,1.049941459650804,1.1348800563539738,1.0783457186802097,1.0989963754977212,1.0709623821858165,1.0217585655901364,0.9973207704048729,0.99752032416219,1.0069761949779497,1.0782973700994962,0.9855333461345118,1.031801126328464,1.0605574004521492,1.0434134544574074
1.143777754895052,1.4855063763830314,1.0652588278569073,1.1601827915939837,1.1571407249232517,1.0889450990678753,1.079771693240361,1.0206146925831312,1.1094110418620844,1.2362319416520466,1.0512208305845192,1.1354533795817459,1.0784953047567356,1.1046344661328336,1.0738304124057074,1.0203486257327077,0.9975555431625149,1.001434751678928,1.0069265700177354,1.0795501998107881,0.9967036910291779,1.0344538342804588,1.0645279421264247,1.0473530340747292
1.143468930871958,1.488303203190927,1.0654962052449408,1.160739124476753,1.1568433703797552,1.0925069083566832,1.0758024581408399,1.022148117513252,1.1097899358441177,1.238288312862143,1.0508865591018681,1.133927701630474,1.0779427272093578,1.103157313937792,1.068176654830357,1.0220236820324973,0.9970979693602989,1.003269686140867,1.0068452336571028,1.080877214694712,0.9974107084344923,1.0365784160275946,1.066368583307035,1.0502908728711369
1.1467364823153516,1.5029914215689668,1.0656666870191644,1.15876272315938,1.159054453610614,1.0912985481889126,1.0719976497743668,1.02077024384664,1.1054035864156502,1.2383227498225657,1.050050523976668,1.1359188467957695,1.0812229046979422,1.1018208497622157,1.066855915525103,1.028320925714529,0.9957413435383418,1.000946843437845,1.006807285733485,1.0820614451710149,0.9935103990533626,1.0393022296195786,1.0678632251704772,1.0511713992212206
1.1417707245832898,1.5174964188467486,1.0605934277653708,1.15645668777804,1.1645632316743035,1.0967230900032188,1.0741856401919543,1.0233665193744477,1.1010979316340168,1.2436809335114698,1.0521217498008744,1.137768213184067,1.0795472176805634,1.0994028092696992,1.0701433194197254,1.0275092526574159,0.99579183599205,0.9990131978924042,1.0068560048242894,1.0841504793413348,0.989591267783867,1.0382273730393197,1.0722809782290512,1.0474386858276643
1.1502459053607135,1.505393496797339,1.0571946319034793,1.1583341514052379,1.164689083436415,1.1007594685412707,1.0702776028091046,1.0267057730196723,1.1056909143529574,1.2455655937978845,1.0561027052484662,1.1358851257468499,1.0804044136662745,1.099083296455514,1.0736823335003636,1.0263767056860438,0.9970103949596631,1.0000273411824845,1.0068619115677486,1.0830798115846312,0.9895601205254787,1.0389750534869462,1.0722379005723333,1.0470879871590006
1.1457359501289421,1.5147097624465655,1.0586661909499904,1.1600164535946964,1.167037521488038,1.107658028090703,1.0697242489514247,1.0372527578877662,1.1024609773802168,1.2441254617042667,1.0582634491757088,1.1313295939844688,1.0824757562079474,1.0977421250386408,1.0667715107664406,1.023305050845043,0.9958595465663859,0.9983972350132829,1.0069036505398625,1.0819833602844835,0.9799527265416711,1.0330336561654139,1.0706909891520882,1.046427819006147
1.148101895438343,1.5236568489162963,1.0545236393885877,1.1610552076215004,1.1648794176875585,1.1090968725214405,1.0700717944158809,1.034035790964213,1.102690952477895,1.2431710048885838,1.0570449459293751,1.133033617360227,1.0818111036990528,1.1002032179373546,1.0677751971495257,1.0283827644754584,0.9956333296750599,1.0003718861656676,1.0070842546749619,1.0795602592611226,0.9838930819727316,1.0320356421681798,1.0596837863270736,1.0474473812342529
1.1501559262851702,1.5372568104131257,1.055922885155439,1.167078385686805,1.1644042260029592,1.1073184244657324,1.070913466799977,1.03264940273405,1.104971402847247,1.250025435851905,1.0547804582040572,1.1319983393762134,1.0818476283086784,1.1042065955388487,1.0722556118010715,1.0280656515722464,0.9949893353354187,0.9992635621765407,1.0070535207314457,1.0813977844917841,0.9796916059681486,1.0338988821572408,1.0603891316891279,1.049426448543886
1.1567497979551482,1.5906808389046116,1.052485811845257,1.167456181808845,1.1614863102119741,1.1062939459783132,1.075786343200222,1.0384602628338513,1.1090332662476072,1.251710581048498,1.0522059423723757,1.132473486035228,1.0804820916470221,1.1042603067338124,1.0697431149267873,1.0288995004610408,0.9944016753783848,0.997711156999577,1.0072874045889115,1.0816964736823371,0.9812078580600604,1.031437083459658,1.058146120909225,1.0514417202496018
1.166643030638201,1.5942450303292748,1.0546541160443106,1.1699536943886057,1.1606415948164286,1.1129475466058625,1.0763181981310888,1.0247203164895398,1.1004516664653314,1.2581652815001088,1.051922574077289,1.1324366546837037,1.080026906579315,1.1071920432907567,1.0699093141540108,1.024894028940273,0.9943310271207314,0.9968251669262737,1.007497032060469,1.0814150334103259,0.9792564544320101,1.0305935762820344,1.0620048042777288,1.0532581536377383
1.1678936795718642,1.6311350297053089,1.0552208212596306,1.1683791684771587,1.161732647546954,1.1148746343814335,1.0798861515755214,1.034158361727473,1.1030595145884599,1.2528185040910342,1.0505355524709912,1.1307569429999222,1.0800533475000529,1.1111691966297192,1.0708122850466701,1.0243003982453365,0.9929039086524536,0.9919685159841926,1.0075897812326,1.0866815714300115,0.9782191986898942,1.0313894831652595,1.0685700447325492,1.0534379439367294
1.1608304475844136,1.6320309511725177,1.0529103170763003,1.1663645789386814,1.1608430680547348,1.122224763351892,1.0772046333493586,1.0332811930285593,1.1072311874498828,1.2545444406532704,1.0500597480536098,1.1311747144959599,1.0821901624048103,1.1117959258322954,1.070907018086208,1.0239869087191769,0.9926431703208636,0.9916377058820279,1.0074057510548005,1.0865406306006393,0.9752827015889795,1.031364540827332,1.0658522279826312,1.055046772984607
1.166687271763915,1.6444446086969033,1.0533039040132057,1.1649851459348726,1.1647317508684865,1.1245771985955324,1.0781903256106582,1.027893421661511,1.1122348998222005,1.2506773919496437,1.0487694055272108,1.1365439130121366,1.0843435614399008,1.1133906144776204,1.072251341875823,1.0260234246844067,0.9915262057550494,0.9948247702813033,1.0073767159705909,1.0888297052519929,0.983109163728697,1.0301514435434078,1.0613783582359286,1.0548696375833893
1.1620039735715697,1.6498144880365897,1.0553474011403001,1.1657121040030964,1.16247911790147,1.1239231239568095,1.0820740333514773,1.0244776945135634,1.1154515067715804,1.25066069466309,1.0497594950431075,1.136237248711678,1.0801038487380306,1.1127908714256198,1.0724450500331941,1.0271025407453558,0.9913111923337347,0.9922934424389569,1.007136948465615,1.0919989894777018,0.9798676368170274,1.0311367962018525,1.060577318053888,1.0530673116991012
1.1559413439168074,1.6460523765948674,1.0605893244847124,1.167846808203582,1.160603213030458,1.1275361996367874,1.0862161941047157,1.022004457926766,1.1169186327978795,1.2584236717254427,1.0520233728982715,1.1423062343444905,1.0804454246839759,1.1138936666012342,1.0720400037961748,1.025126964814629,0.9910080299866506,0.9907893622925769,1.0074773735565206,1.092373261853299,0.9822353690580816,1.033821138392667,1.060088703720646,1.0559940750007046
1.1551658031106569,1.642672675429419,1.0630900950712296,1.174656285837514,1.1610888763277343,1.1235517884596093,1.0845628807777414,1.0182247177283386,1.1190536026005085,1.2599148015245853,1.0503289534743498,1.1398540193410553,1.0824351697175696,1.1138199630290875,1.0741412266674737,1.0282422956595478,0.9910781882523376,0.9905221775348234,1.0076895208251184,1.094592573676414,0.9791807083249047,1.0333196262537927,1.0689732074523333,1.0567883158510119
1.1543101490858256,1.6314599605999651,1.059869123549366,1.173878762574998,1.161056028839185,1.1335529830267752,1.0809447243022123,1.0120216531964963,1.12281999491162,1.2609843890792645,1.0453627318221803,1.1423666221515536,1.0862732142378493,1.1122076849657654,1.0726728567339299,1.0247517512450381,0.992845276952459,0.9893095742895319,1.007643890883998,1.0932745476167898,0.9796929867704439,1.0296309043119167,1.063603677007197,1.0563408523115043
1.156517156301023,1.6628791256719935,1.0591188767302324,1.1757780529800113,1.1594619705874103,1.1369373359819008,1.0832571416573027,1.0168665744056031,1.1201603575572885,1.2685389122714141,1.0478343904118763,1.148274730459059,1.0910410259069634,1.1122243420840816,1.0779888518357803,1.023344318677392,0.9925425454847882,0.9884871367779268,1.0080210788315704,1.0944855540197775,0.9854316334206205,1.0303480815795338,1.0679490174933126,1.057115182579551
1.1609021941231625,1.6741621582471677,1.062644873866605,1.1771492250038391,1.157271828992058,1.1389857480828296,1.0787027162252498,1.010870615164391,1.1217495538198508,1.2724304414199303,1.0541830855799152,1.1500285557323835,1.09212056694459,1.1154173642207381,1.0787091371199289,1.0268075362829516,0.9930381650974799,0.9873110201349202,1.0079797085645323,1.0913121516150726,0.9812690087805012,1.0276347405581192,1.0661472647881876,1.0592687538329828
1.166218893327259,1.683438294876642,1.0651152050469475,1.1809862116011174,1.15844185805066,1.1310100063296877,1.07303429503597,1.007043003702528,1.134187094332441,1.2735810524458366,1.0519066469149803,1.1525275304856661,1.0880808436884069,1.1170997058770264,1.079752548771688,1.0241582367688769,0.9937082105957893,0.9886495048941765,1.0085555608201089,1.0908048473770031,0.9861510367922719,1.0228143163054166,1.0663966802578406,1.0612764894296243
1.1678451288218048,1.6888685765615596,1.0597930281051429,1.1854238416820684,1.1638633203353856,1.1300521106193218,1.0732101869673372,0.995529501649989,1.1268470614755375,1.269407382358293,1.0522534757648228,1.1488557244222621,1.088383298834451,1.1225820764794523,1.08419841849315,1.0267888005342287,0.9950699944109317,0.9883777851057568,1.008562197363076,1.0906277653746161,0.9810662572164508,1.0261333284716008,1.0649482350319972,1.061847882188892
1.1636235552304588,1.7022833603554823,1.0520928094305289,1.1880005902594195,1.1678858269105177,1.1301445068856402,1.0783632481389993,0.9884956561331839,1.1287745784512755,1.283944664274248,1.0522487794714606,1.1518065751930409,1.0894977449511118,1.1284089530751018,1.0867771120632672,1.027299737125598,0.9952764725422658,0.9885224297591286,1.0086667493974377,1.0904643411736952,0.9809137196189364,1.0279861746260275,1.0643712902418743,1.0644041655182452
1.1676915005706638,1.7078965339887964,1.053789465041199,1.1850033300215823,1.1704836854818956,1.1304420194404226,1.0799442408301891,0.9923491028121438,1.1329646674602867,1.286803697850955,1.0543557209430086,1.1480960335827959,1.0823176051081351,1.1285490432439231,1.0825515672863817,1.0275467751133625,0.9957355724356911,0.9894955187336322,1.0090396968423518,1.087213041556309,0.9752429087010036,1.027197026145841,1.063405884659728,1.0665550013280025
1.1707534627302865,1.6950909606427247,1.0543144689328512,1.1781296261155871,1.1725594822820833,1.1304312625546613,1.0826648936381693,1.0004490993112853,1.1323191253978502,1.2862846363887026,1.0559396474840583,1.1544917422960992,1.0844623124632353,1.1320981199302875,1.0836872450057229,1.0274770941432265,0.9948890774340247,0.9857224351710399,1.0094803878198773,1.0898694575675856,0.9814697294185056,1.0331603519761265,1.064205288356446,1.0674639323760364
1.1689611671375992,1.7191568375524127,1.0554778818134465,1.177304734439987,1.171876216664152,1.132447509802354,1.102401156455008,1.0063410749443704,1.1378301305727692,1.2856228661139004,1.0557755716676167,1.1506372071552597,1.0794501741041829,1.1361561272062366,1.0807900155409365,1.0280979287638627,0.9956051888879485,0.9863105784258518,1.0094425357507482,1.0893247763063498,0.9885080204360253,1.0325705281276063,1.0613531708812025,1.0685044371608814
1.1709832327519827,1.719883467618367,1.0558919026855278,1.179319774468927,1.1769923321989069,1.1318111052420108,1.101568531744152,1.0205424023464276,1.1356381027864988,1.2912048723943774,1.0519805725366405,1.1516207015420001,1.0784576098833705,1.1408566499757817,1.0750432618358299,1.0261003219565514,0.9954010052802051,0.98585577366539,1.0094773075079908,1.0911549475170823,0.9834653587529972,1.031271525548082,1.0646961925460323,1.068291965272804
1.1747783651861718,1.725723260659829,1.0509745245380075,1.1868133784971293,1.178245962711885,1.1249539272093263,1.1057093531898852,1.0278794522141919,1.1295367962552094,1.2941670463510053,1.0551453837177616,1.1498459983561857,1.0803081552886151,1.1418553503899427,1.076516970550567,1.0239134273997292,0.9953786291140819,0.9848043455706914,1.0099062679955948,1.091332668268572,0.9770049551903294,1.0286086766220413,1.0836663548879022,1.0685157135408831
1.1827891685766028,1.7452661470463888,1.0512852038077125,1.1912564336813534,1.1805621519532612,1.125483062832802,1.107779584272558,1.028636646339682,1.1288119728939072,1.296395411821887,1.0572119982402584,1.150135259588486,1.0855733341687397,1.1418896957795168,1.0766326135398872,1.0255005203354177,0.993370329822301,0.984455979807626,1.009954062453856,1.0888260590771555,0.9764328573663392,1.0294242830516482,1.083674924962971,1.0682479047346156
1.1785143840552668,1.7442960529795857,1.050937348901964,1.1911365689138471,1.1810262742189335,1.1284245143240774,1.1071818449249962,1.0406153846160118,1.1343764474661109,1.2991419092836365,1.0629411270867277,1.1495675468064444,1.0891097481908714,1.1437501439478517,1.0770108682265935,1.0254720781485243,0.9936996212502671,0.9845125076251151,1.0098770344949963,1.0907713291995194,0.977875309114406,1.0311101247304382,1.1082794519179253,1.070125351042029
1.185254866759248,1.7483961811922595,1.056081501442139,1.1916936934391351,1.183731177136521,1.1380863077510481,1.105264110014647,1.0381505176179975,1.1366382513708333,1.3000373609067148,1.0622195876720617,1.149187649069872,1.0877805560793388,1.1442654901428873,1.0810557999050043,1.023769428973457,0.9941730045740134,0.9849190727325189,1.0101016765923387,1.0931865211232517,0.9797764198215525,1.0327353405636754,1.103058872341863,1.073439333120301
1.1835962925604726,1.758731182852231,1.056567050817093,1.1945213008095725,1.1838923809285649,1.1426810271259584,1.1010182488634246,1.0411943137003479,1.1384286717713876,1.2997037171551142,1.0628591706365307,1.1511960092805185,1.090571946485201,1.142861787914986,1.0866093908623669,1.0189802896986326,0.992852587799338,0.9865471137421203,1.0101571961235836,1.0931102419663288,0.9792461660551247,1.0327814777117583,1.100805128795631,1.0710577047545036
1.1877835623577773,1.7499279340115903,1.054537128798503,1.1941617857598905,1.1837328229123685,1.1422400112997382,1.093055147451274,1.0412150049106512,1.1405271240085892,1.3048727932730033,1.0607033319852641,1.1522158442602481,1.0913723065049745,1.142563471912106,1.092379287278212,1.020444013012751,0.9933958176342604,0.9877807893658511,1.010262760524434,1.0937220805533134,0.9799857635241918,1.0261226262361887,1.0951051880157183,1.071802375859735
1.1904122579123657,1.763102569936972,1.0549667093456536,1.201295517415174,1.1862382596653192,1.1367508358170288,1.091594708595106,1.0359221289603127,1.1423496208089317,1.310735409730958,1.0588783285554166,1.153445893139743,1.0967609526797013,1.142572628332799,1.0900464997134374,1.01832398102479,0.9949001692975349,0.9892358553273124,1.0104742603217745,1.094993193072532,0.9856825277444954,1.0275231980417745,1.0933474322346413,1.075053417219178
1.1913429884138584,1.7385007849001013,1.05586201551892,1.2063639372107864,1.183681253290952,1.1368696428425085,1.0948483403610842,1.0259390836224915,1.1390161884062484,1.3101225921822561,1.057107452082147,1.1546224934254956,1.098897380174183,1.1442561561623463,1.089288870155142,1.0144579203290187,0.9931456575010815,0.9880355133986019,1.0108808906494957,1.097451480614766,0.9848263708062306,1.0284272300394004,1.0895649835155745,1.0738285052318808
1.1952214813866464,1.7494050196991866,1.0586094202583458,1.2039953565495694,1.1936001778873713,1.1365427205524317,1.0952099585470343,1.0249507517699379,1.14122365953643,1.3105276869286713,1.0563167137347127,1.1548931293990194,1.1005787073648605,1.1448647840602846,1.0859652495715844,1.0158862000632771,0.99392170504589,0.9818124292386353,1.0107587203918809,1.0989169002305241,0.9926340180743721,1.0272512319218243,1.0869089153119331,1.0755688301643693
1.2016940579988407,1.772820032815567,1.0625802496571715,1.2068045387493112,1.1919318955576335,1.1316774927436917,1.1028672866227323,1.013613025608546,1.1435193580733,1.3065729095012832,1.0568475178585528,1.154321185999462,1.1161491551042693,1.1515659183725016,1.0893434215227904,1.0182848731832728,0.9929641690322923,0.9816251991744761,1.0102705830499952,1.1038151431740817,0.994322896078854,1.0251845913925293,1.0854247791441647,1.0771168080786462
1.2000847158915138,1.79130739605809,1.0652259240110613,1.2049057683028066,1.196746274629255,1.1317641611334666,1.104214620433417,1.022098804372945,1.151604844906187,1.30707986130214,1.0553214755176044,1.1588951201809556,1.1171479922431793,1.1547923708584,1.0894408891840794,1.01699419082475,0.9920197334008698,0.9829534819480895,1.0102716218569376,1.103372841298723,0.9966060557725177,1.0307299798395801,1.0797679241635463,1.0765102716340966
1.194537398429204,1.7974172723136632,1.0599880661441325,1.212789421188353,1.1975528146566212,1.1322159926415485,1.108125876907483,1.028585511716677,1.151790870045194,1.3135713576596708,1.0590927040152662,1.1613342390475414,1.11848124977329,1.1540139551634139,1.0910049968331412,1.0186472301069824,0.9905654721176503,0.9845724702805589,1.010416585420707,1.105922411343201,0.997381483235726,1.0308416622271457,1.0802070450521102,1.0763534226997253
1.1927244804819368,1.8016473892710474,1.0639366119746672,1.2093838758010622,1.2070936849122458,1.1329631576561592,1.1274046569428071,1.0291549207817225,1.1588731570079243,1.3092794892829522,1.0612392745401582,1.1569741982664403,1.1198595124253319,1.1566706343797206,1.0884509352330067,1.0242026113432061,0.9903493168157816,0.9833419290602464,1.0105759243675139,1.1111459801465082,1.0001510177099866,1.0333303083131307,1.079418331450085,1.077661314033241
1.190313145369498,1.813437661757738,1.0598726770408766,1.2092985935279856,1.20975781133998,1.131907516119336,1.1195299965981453,1.0268302453775273,1.1577560714779764,1.3129033230015443,1.061738674048952,1.1594662968088725,1.120377810584974,1.1554216560710984,1.0850768156581614,1.026928465843978,0.9899321432873573,0.9816814365020593,1.0104167110253885,1.1163045458236038,1.0036704893281172,1.035566030435495,1.0807354503979965,1.0789677525726544
1.1885307780481698,1.8148618832474341,1.0628686195755064,1.2111636237704952,1.2076979306694073,1.1361201827810568,1.1250664534160073,1.0229136787554842,1.153952218065392,1.3156274613965036,1.0626487300277734,1.157961915732554,1.121092119011085,1.1519133824070062,1.0835470013002302,1.026553754239612,0.9900479865020508,0.9842331784178054,1.0106462659915827,1.116215848696729,1.0040980002612725,1.0362058630325728,1.0820815992500237,1.0802041245028486
1.1949816672978597,1.827487110971224,1.0642392786939339,1.2119341119204432,1.206790835913685,1.1359384281593192,1.1156960806504805,1.0206923084767026,1.1390619505709207,1.31204315434587,1.064400823681624,1.155930050339979,1.115072499054623,1.151540553530083,1.079188505208413,1.0290685867051692,0.9904792945381512,0.9821720757253748,1.0107501387970406,1.1159608919875967,0.9994769717319184,1.0347920990052935,1.0812848855690276,1.081310135175537
1.1940780248055134,1.830061718374963,1.069629156546132,1.20527185412884,1.2075476800456144,1.1365124405771805,1.118865446687106,1.0168903468469535,1.143641924839406,1.315059036130715,1.0635326382573893,1.1606894243525792,1.1184992010841635,1.1511837107726568,1.0784056013666175,1.0255790057841532,0.9900660642953684,0.9792348573880337,1.0112544234889365,1.1178372548645683,1.003261818869849,1.0339231732305658,1.0841025060106344,1.0875868673099405
1.1974173400083197,1.830727230940526,1.0672198790373948,1.207372841324847,1.2076495509300593,1.139632777120608,1.11940513939629,1.013620852129186,1.138165749624773,1.3181052678764744,1.0647379163032467,1.1616401836866206,1.1236084058146032,1.1530484748527143,1.0717342778547223,1.027487500699748,0.9895718731556226,0.9845464266280389,1.011196433784583,1.1174288833411525,0.9943326085286851,1.0361873799789276,1.0897715546456332,1.0890375422642458
1.20082560963083,1.849575305154733,1.0673873184518718,1.2102174790859153,1.2107543794239348,1.147426834249028,1.1212619141965159,1.0065581789700464,1.1361748305194306,1.3263006145262488,1.0657207689579222,1.1619574385772549,1.127019841355621,1.1543812180666984,1.070509863978901,1.0251752692342155,0.9902248118740119,0.9845596876683324,1.0116886058917927,1.119760191284132,1.0018482044898696,1.0340995996839737,1.090023812772793,1.0875516030552002
1.2019267787397514,1.8542307811864958,1.0721419751496444,1.2152118406100676,1.2104894411713303,1.1481141313086993,1.1229044249616533,0.9942956566457792,1.145367577164784,1.3308573630757223,1.0673403685385858,1.1584229316856403,1.1288235243623057,1.1530479630514,1.0708181089475752,1.026770733746306,0.9902819955715169,0.9848607175129516,1.0116342959128855,1.1170441017959156,0.9927430089957504,1.0359722444561446,1.0924446956733747,1.089486166514918
1.2034429342906081,1.8663762796969394,1.0740799484181627,1.221662477036309,1.2087101275338696,1.1540126816291931,1.1276328090697705,0.9914800658014932,1.141565283663301,1.3353935697082235,1.0687744928827425,1.1684892974582004,1.1275604029447928,1.1573624028742846,1.0738805237920424,1.0297479908382559,0.9904311143617814,0.9830768899522411,1.011513119685987,1.1176445081129798,1.0012177848412005,1.036229858002961,1.0948696003504508,1.0894937028879828
1.2072454162156538,1.8666804326840274,1.0745327369265696,1.2256357331146646,1.2133405648751479,1.153994179246443,1.134108993363102,0.9882718780428533,1.140406479231527,1.3378572661854684,1.0695784198815919,1.1642399919382853,1.131201726937351,1.1554339434628902,1.0696654787212267,1.0295037828787947,0.9914592997321419,0.9837254024808009,1.0113400567415824,1.1172540955245196,1.0020779756313762,1.0393419774568562,1.0923336902470322,1.0895955615068649
1.1983749561128954,1.8709140362253815,1.0726363808611479,1.227716232060864,1.2107151420802138,1.157355334905415,1.14012645771669,0.9883770378726993,1.1440316697469664,1.3406863190171985,1.066960350595079,1.1643396289730175,1.1309004938582299,1.1526952976812275,1.072648884483126,1.0326154435266437,0.9904508556874617,0.9782247473949434,1.011249818655137,1.1161075724928495,1.0117805776956035,1.0428495090211316,1.120467073509426,1.0886381648687933
1.2034370448237732,1.886980571207954,1.06985738502635,1.229073095113008,1.2074911827188781,1.164357005180798,1.1371605457409604,0.9827224213549123,1.1588895348292791,1.3422225191899417,1.0673927186950425,1.1645866314156377,1.131044091953026,1.1511877608354053,1.0731668420832643,1.0321900822391217,0.9891675431859005,0.9766419470945334,1.0115351029426363,1.1156858800423513,1.0125359962932678,1.0411755226453836,1.1198250399822167,1.0918677147464437
1.2089394586424895,1.8832057109819766,1.0661740484955597,1.231997494328715,1.20692667454792,1.1685021115177392,1.1399949235157991,0.9789477092108416,1.1567337595050011,1.348033558462967,1.0650232376425164,1.1658711823897265,1.1275444657018183,1.1489626842721365,1.0764714965832018,1.0377086966931386,0.9888971738727971,0.9739765296483515,1.0120399366644866,1.1153583155851363,1.0143550371818555,1.0425171003446854,1.1271184897350452,1.094286134270034
1.207346371133617,1.9223710785849994,1.0662171340129223,1.2337448151707135,1.2161955152410764,1.1714384340775947,1.1480833726141084,0.9839396564844941,1.1486254523859034,1.3440003484949503,1.0627368875169925,1.1656732980741262,1.1286844700174088,1.1540434534093404,1.077722910804241,1.0387793445792253,0.9893924968095047,0.9713627005695031,1.0120448124228316,1.1155965343185728,1.0196803371047418,1.043497081176544,1.1280202961312633,1.0961014450117086
1.2007452247482944,1.920443537658116,1.0668587842025452,1.2410725675876926,1.2103346667956068,1.172524509576333,1.1493064629397913,0.9835298442486504,1.1562996098837004,1.3444825853313143,1.0637092949202283,1.1687714189230745,1.1297472506370838,1.153229392032999,1.0797866181103541,1.0332238408896042,0.9904089108546542,0.9726792569060768,1.0119516790746206,1.1172603354567034,1.023077388268114,1.042684819883965,1.131135780071814,1.0977218477460364
1.1999507158446114,1.9396801904349177,1.0633932256664884,1.2373976055464067,1.207475078788532,1.173579559980815,1.1446734621295243,0.9663417571705349,1.1628504311726622,1.3470911189009203,1.0662739457405872,1.1674258518900695,1.124549318218805,1.1564478729732304,1.0821961656541943,1.0349078398425209,0.9897623642868288,0.9741403463664662,1.0118358022412677,1.1198126447928685,1.035922684538294,1.0422889377003304,1.1329520044981376,1.1012282828866202
1.2077230540377075,1.9822091903994339,1.0576072805197723,1.238486368203384,1.209274858312917,1.173600471020931,1.1498236905894177,0.964868282492118,1.1790520664718278,1.3580227681539476,1.0654576852277233,1.1675321878408853,1.1263452639813414,1.1500679927454307,1.0834657837697177,1.0334031940536748,0.9908854801222424,0.971797378829833,1.0118015765784725,1.1202257287305195,1.03114438826964,1.0412025461904462,1.1351234609427918,1.0984242938536217
1.2153105337003955,1.9884606484713527,1.0667714187047037,1.2423934034911412,1.2078629505299976,1.1763050127440133,1.1488407098132065,0.9655523705732176,1.1777029568261796,1.3610531009074172,1.0645388666728832,1.1669179938182082,1.1264588164052511,1.1496083189738875,1.0835576843397163,1.0361284184038342,0.9894595442121763,0.9728711300822807,1.0119700895516135,1.1226239574560333,1.033205160585606,1.0415488042293486,1.1644158015498323,1.0956566748076557
1.2183662646130482,1.9747817168311383,1.0650828252264992,1.249735918885008,1.2080930793288596,1.1735584193843493,1.1477225144601346,0.9616641103040109,1.1806569390896007,1.36687406226076,1.064737571605664,1.1771911891651636,1.13233411753874,1.1536212363229248,1.0810285756378206,1.0359166481525,0.9896363970160716,0.9725857063829312,1.0118944386639555,1.1225286971763502,1.0340265281591352,1.039769290804153,1.164705305043936,1.0962995947587484
1.221891602883942,1.9793543214939695,1.0691406496016762,1.2568764699114445,1.2107109230513764,1.1731895987747905,1.1491008026970888,0.9649006269818666,1.190810911856936,1.37234254975436,1.0682554859535351,1.180326985795467,1.135899996232047,1.1533156339685744,1.0849242155604164,1.0275940477879362,0.988563435924131,0.9736148787218052,1.011941199298995,1.123657455949586,1.0432400943371478,1.0457426720298328,1.1662296872858653,1.0978297527299097
1.2301017252178708,1.963534804462879,1.0665245708648958,1.258867196308504,1.2162340612162759,1.174099281791405,1.1493841266109643,0.9747659031080418,1.193617013977563,1.3810542036204185,1.0701566046111115,1.1819069684144552,1.1308830071726752,1.152052948937495,1.0876136247641555,1.0292123073786965,0.9876887140294179,0.9764966453102105,1.0120895496244284,1.1233027802020426,1.043819747848553,1.0455772513158388,1.165240860604894,1.0970589077716562
1.2358534367215,1.9462396991054252,1.057166007425151,1.2608856460774505,1.2162390259270197,1.17118421227651,1.1486809367033517,0.9774323003016093,1.1926274331320246,1.3811523471629967,1.068293276543386,1.1776108423455154,1.1279593122044769,1.1551035908935832,1.0856943290901202,1.033133749394662,0.9878114246380598,0.9790650035318106,1.0122690045987708,1.125213293583179,1.0418034972199934,1.0408922781766292,1.1591374895138393,1.100379125390386
1.2364419443150738,1.9785706183744196,1.0530942495230862,1.2613507241180661,1.2207683462545917,1.1718049271936017,1.1520152998182576,0.9737141637295837,1.1974137327417937,1.3866906225618556,1.066956687326212,1.177894541988662,1.1246941842660336,1.1502498303251016,1.0903305230922526,1.0340532888573708,0.989393713026664,0.9808496023501468,1.0121596256167236,1.127475087139348,1.041697048972167,1.0437201419137836,1.1562159255881486,1.099337289512386
1.2334373274589783,1.9760478267869663,1.0572706165389318,1.2671301037325775,1.2232202558544862,1.1793204985498595,1.1494292759248816,0.9691591111962257,1.2019816020312968,1.392959004029385,1.0648669325517488,1.1782901820813914,1.124214334160509,1.1501524804467231,1.0856178428895937,1.0326737866560698,0.9889605135093754,0.9828827509359664,1.01247426464807,1.1367466049097248,1.0351003528672567,1.0437382082518123,1.1605035696034098,1.1007744453173423
1.237051031993564,1.9821995724031163,1.0531467523485671,1.2778396698645134,1.2285730670139334,1.1772535962623956,1.145972708070155,0.9682552074320995,1.1921828309101976,1.3940906460488753,1.064443728102864,1.1810547363249484,1.1237614165133603,1.154283711657719,1.0874022441619315,1.0337845662555303,0.9891197844674731,0.9861795839587925,1.0126865194249508,1.1367205907186566,1.0377473315850998,1.0418456097167617,1.1570910530796767,1.1009624458388538
1.2369923851561988,1.9946941037510157,1.05128633750867,1.2872068546806668,1.2317404941645946,1.1801842410233976,1.1425438502265932,0.9725410322911275,1.1911942781104943,1.3963096667319344,1.0634625479942423,1.178855014423702,1.1258846831026414,1.155518495207503,1.0862730615281868,1.0391833142774165,0.988733402872368,0.9852683261685098,1.0129306678719359,1.1394300840452756,1.022112530753318,1.04490042681371,1.1638014864499169,1.103874721068563
1.2415687317664736,1.9816978502728104,1.0534129150429066,1.289159027923474,1.2238850013546358,1.1795008775062497,1.1486399930096285,0.9678919639851353,1.1921391301113722,1.3986344701144275,1.0666599893149635,1.1788279212386052,1.1235967045611115,1.15804080554911,1.085368416503545,1.0382154159608599,0.9881508097003459,0.9841106073026283,1.0131667331253253,1.1353957769549905,1.0301921515760586,1.0420903354130646,1.1635953827983392,1.1045743560195869
1.238585437590543,1.9907227250239177,1.054234042113102,1.2924978031581642,1.225369527052234,1.1767213872432047,1.147567598208059,0.9576931835439162,1.1951016552682971,1.3952418013646049,1.066925122951823,1.1838093985574638,1.124967285846386,1.168149486571366,1.0899446140018543,1.0389463792734352,0.9877258614069117,0.9814392413901334,1.0136686094106917,1.1357605445448082,1.030376710440673,1.0398012795159737,1.169079886279115,1.1055951011773666
1.2422315911978374,1.9722899160561242,1.055483596482396,1.2907750650667882,1.2257058435229828,1.1771771750943754,1.1433573303160134,0.9651170764336902,1.193569245925293,1.4038184143623984,1.0651999886305714,1.187975731980248,1.1277288940536656,1.1707305939823849,1.0908373345535702,1.0380939621372307,0.987546435082749,0.9810521922435719,1.01387425926572,1.1386222547190883,1.0332946076108243,1.0424906394763263,1.1670428187097102,1.1025598745513416
1.2465977669929293,1.9831710739155852,1.0555808362220278,1.2916579170303955,1.226968324924323,1.1752900618990503,1.1533484938656249,0.9632778095067649,1.20498101452873,1.4124075824995765,1.0673611341307232,1.1891154647843074,1.1270488411927788,1.17526353264735,1.0962116719182249,1.0410450811677987,0.9853212362959611,0.9802375886506753,1.0136851899881902,1.1388335760885595,1.0327372407596378,1.0394177336591128,1.1711174399895947,1.1028660782498951
1.2503595008001829,2.023872867879432,1.0582092577384261,1.2945893487425844,1.2416588809450269,1.1769755823291552,1.153419791970544,0.9651660457592279,1.2042008695640076,1.4148182717065352,1.0693375048699216,1.1888737643092724,1.1305238558128987,1.1767509234373548,1.095620845719884,1.0404276146271987,0.9856877910580455,0.9818428440295306,1.0138571020938059,1.1381372095756142,1.0378115551474143,1.0391653266032443,1.1715823606820244,1.1067231661889838
1.2509971132894395,2.0503856898276696,1.0622696972429986,1.2965726868768859,1.242250897265539,1.175651960813138,1.1563153785499958,0.9614560784037156,1.2153590315443574,1.4212382811207944,1.0698589094025013,1.1922063867441923,1.1312142725931118,1.1743062001622837,1.091545857240495,1.03731380676883,0.9858535212963642,0.9827055960304355,1.0137202932339187,1.1408077643138248,1.041279134060312,1.039455839078074,1.1798725203336875,1.1051730321413051
1.2596148191030017,2.051998650002109,1.0617599262589612,1.284629538422524,1.239978366637103,1.1771903400653785,1.151379970126661,0.9545769788000177,1.204436022779695,1.4230480338799838,1.0653277829896795,1.1902107373865183,1.1307155506296511,1.1813855219429157,1.0896222066479746,1.0408609675960245,0.9860323412697269,0.9854547673908515,1.0136141360256785,1.13938171158759,1.0411916255553773,1.038222420908468,1.1816092666227018,1.105523936372405
1.2639685159545706,2.0481267420646416,1.0641889844596801,1.2873294031543154,1.23664608068828,1.1770866172206833,1.1509723298425398,0.9487745278998129,1.203065078482988,1.4168239310437987,1.0687470886606996,1.1892070951243239,1.1308445198981638,1.1751987398200765,1.0936308303879267,1.0429543116229127,0.9869972637659925,0.9888317284181123,1.0138695732975538,1.138532697125799,1.04527924130258,1.0417771133503877,1.1721156895053932,1.1070388341550819
1.2672056420385123,2.06231059545617,1.0636872316940043,1.2954630151953128,1.2304364947117352,1.1790679894563658,1.1509569537826958,0.9448880676467757,1.202744709964648,1.4211060415735401,1.0701796075685692,1.1909558362211567,1.1349010255284888,1.179397486204009,1.0886241813847346,1.0427073425351137,0.9884355901864587,0.9881060365519743,1.0139667930063665,1.14242323106405,1.0437476946603288,1.042304178005889,1.1747321029020164,1.1071219534739178
1.272290976686137,2.059634196397048,1.0651799335628438,1.298106892392822,1.2333614351931266,1.1801409746124774,1.1549523344720025,0.9414433344910766,1.201678503916626,1.4270835194344842,1.0699449946573674,1.1937547951844227,1.1315911037047655,1.1823163573047222,1.099208482320403,1.0409707651578073,0.9883628818402992,0.9840448255269489,1.0142312377851008,1.1419547973075694,1.0318395434663925,1.0427157125563569,1.177622202956796,1.1085124366184362
1.2743852924499917,2.074625097367367,1.0646724500155027,1.3023893042262094,1.2302065518838685,1.1820216547311566,1.153212470310581,0.942990454796286,1.1984081328571088,1.4314735264129204,1.0669242926451012,1.1954298450121261,1.1333420844356479,1.1813393624428798,1.0981669171864452,1.03748593696196,0.9887463647941701,0.9830005571138304,1.0143749099601054,1.1419340755093772,1.0336527510327989,1.041448154114754,1.1756259696089042,1.1083577898242545
1.276357603097228,2.0746699877415304,1.0692489633352051,1.3044772164753295,1.2291949793330823,1.1857247700282274,1.1509067846808625,0.9434604015643893,1.196598518395106,1.4398864877747288,1.0681311061301926,1.1941178928217395,1.1353618401372025,1.180947205873081,1.099202383254187,1.0368453429636617,0.9902183693574028,0.9811109500909416,1.0139602432906714,1.142837264457537,1.0358392907757563,1.0411000657423426,1.1761112091957506,1.1109308311563608
1.2862831158029673,2.065121721019653,1.0659927336500894,1.3092339286317558,1.2266399212663643,1.1791918986912657,1.1528378732693199,0.9444182202176064,1.1945710579714592,1.4418403450020192,1.0684259347959968,1.1945139393509001,1.131642434925001,1.1822547782020316,1.098901854483006,1.0355153128018486,0.9910865627761906,0.9812871151792407,1.013867252176855,1.1447939734313186,1.0305221252712742,1.0417050506726317,1.1796384442833188,1.1113906335904125
1.2919236750020662,2.0893713762688817,1.0716222377607316,1.3056342388675604,1.2267615004861796,1.1711910721118954,1.1508383231964376,0.9510545204104723,1.1920974576451888,1.4386752532769727,1.0666965813205824,1.1995131944845412,1.1339290965756617,1.1871895734026099,1.0978875780821113,1.0344856081756282,0.991289146313072,0.9843599576271315,1.0139139499236414,1.1455056530267933,1.024562443987788,1.0438387897811632,1.174325982686853,1.1133274887989846
1.2890962414460634,2.1008674846961335,1.0668579435088898,1.3019838745930992,1.2257997690645515,1.170535043539502,1.148814163283613,0.951014321497491,1.1729342519127581,1.440634565427044,1.069706996457004,1.1983073441142742,1.1356614377940202,1.1828301304067408,1.1076944353883598,1.0394144670039578,0.990406673326696,0.9802995574212674,1.0140045781239135,1.1471261879369015,1.0210228025424535,1.0501564775229952,1.177065721670619,1.112660335419202
1.2925439924377555,2.1207556417677744,1.0711710262991792,1.2984169616553127,1.2270481144926095,1.1719818156430484,1.1355121159715706,0.9482120440763939,1.1794083633145431,1.4449598811646365,1.0732082864908972,1.1974727253072648,1.13612779664117,1.18602426370379,1.1058596062667976,1.040738312275662,0.9918766698904382,0.9796595793209071,1.0140462358595108,1.1474753384948733,1.021802930655039,1.0451643237873485,1.171985132572187,1.1125628990248255
1.2978925882482875,2.149844133308994,1.0717470889713945,1.293869584456167,1.2260283951969628,1.176481450896085,1.1342025877510777,0.9461349961598309,1.1790244774202017,1.4434751324377617,1.075026858655359,1.190031146186229,1.13326540049709,1.1834826242708898,1.1036650000886288,1.038521017852429,0.9927925130158872,0.9785267760864979,1.0140530621503887,1.1479453854257966,1.029626301757717,1.0475733999056211,1.1687033948114414,1.1140765983336534
1.3042805042300152,2.162448097933002,1.0775353143654003,1.2931343618429652,1.2256998974845577,1.1770835784317575,1.131425067934226,0.9476096973707482,1.180350209919453,1.4534633002131194,1.0758087902852478,1.1900443208887042,1.1379378815402406,1.182764516822313,1.1039328159646071,1.0343041270815323,0.9937645658747238,0.9749686883098408,1.013909250116757,1.148830306298175,1.0258454166262052,1.0484237350826506,1.1661635086271145,1.1159912648155081
1.3016211513047038,2.176969045873069,1.076667601558594,1.2863834171910533,1.2209251353764379,1.1746896154806605,1.1372057100750126,0.9438497684694459,1.1751098560302435,1.4554975643130992,1.0767544905744997,1.1896312148898018,1.1391103018769735,1.1832739093788198,1.1064715089286634,1.035174945307863,0.993888983481074,0.9762685393406196,1.0136727494339803,1.146464022379572,1.0241725916491915,1.0470288073669016,1.168067570456081,1.1173726578704375
1.30302887240121,2.172486176730089,1.0744089772411003,1.2906753140400897,1.215884772551509,1.1774629312675933,1.164343947421021,0.9475046278493683,1.1738087657115772,1.4583332544870133,1.0752572592279024,1.194728789063619,1.1438061388419911,1.1850090795895172,1.1007303970677713,1.034085448817223,0.9929242887361219,0.9763283940352541,1.0138589124891086,1.1483637954943637,1.0246075083826103,1.0454593893248836,1.1635555081012277,1.1174452487603135
1.3043257445964742,2.151208127546769,1.076602120471121,1.2900017652785334,1.2173275018839627,1.169744099208198,1.163861538347412,0.939759049661053,1.1759023094024343,1.4550881469211794,1.0756354035101094,1.1981040469978086,1.1491669344698345,1.1889616739312896,1.100181014524105,1.0319666483245693,0.9931727823966874,0.975903735743553,1.0142577903018397,1.1500320755630746,1.0179435326602297,1.048494434735433,1.1560085158691453,1.1163416660805658
1.3127031276248669,2.139570650418511,1.0806787407180418,1.2916149945265274,1.2217775226241363,1.1737979674045442,1.1606222491419627,0.937291366022526,1.181055639893093,1.4568635747112144,1.0778844134367005,1.1973944439338484,1.1492118960677036,1.1935458318678949,1.1010243582005041,1.0320121821373827,0.9923393063032064,0.975594763156232,1.014791781335489,1.146210266025861,1.0172246231530695,1.0487931249155629,1.1529381454328875,1.1165375298173748
1.3154816896309918,2.1526507629321157,1.0753966917144657,1.2878046037443482,1.2262906794024073,1.1772643428685186,1.1619830069154917,0.9361511793929223,1.188531439678993,1.4446889269242245,1.077566352768527,1.1936427652105872,1.1542573291133764,1.1966200470342387,1.0944867096270854,1.030843421998624,0.991994906950049,0.9755744437987254,1.0154188264789001,1.1486326835185132,1.0253154942401401,1.0426247000462727,1.1590061617157958,1.1192633022585998
1.3151020763537673,2.1329701498849127,1.0711426065734027,1.288766314688672,1.22259391933632,1.1743375661380935,1.1558283755102632,0.9363582194532274,1.1995105106762374,1.4462001702069216,1.0745817251908687,1.191481772337272,1.1540807814070406,1.1952878382157774,1.094874267683824,1.0312545492701957,0.9919304781289175,0.9808481992091213,1.0154593899460147,1.1494641267571342,1.0278588537431301,1.0373891838275806,1.1619768753532251,1.1215939950077085
1.3156514700618724,2.1453124115391446,1.0786350390460206,1.2968938913650943,1.2261807752582994,1.1755994274542563,1.1572026879983446,0.9326854578657529,1.1952386479242183,1.4496003631050376,1.070205647872625,1.190886789086089,1.1505666724344177,1.1947519828163802,1.0970619270664588,1.0300837966734484,0.9939278160612741,0.9808406860125051,1.0155487002403023,1.150569140584603,1.0243153260193014,1.0353371120957775,1.1574159661540477,1.1222487112694508
1.3150700506129929,2.1488788182899037,1.074253393185244,1.2994923732708088,1.225957973741996,1.1747434514121058,1.1574641992893122,0.9300675482258939,1.1968301971244444,1.4591225935461218,1.071401330124303,1.1943072702656825,1.1530066233067267,1.2063595518641952,1.0968941293195182,1.0284789490379174,0.9940793255597277,0.9825084773107697,1.0152656844003218,1.1491887548380122,1.0400226736165565,1.0382503883315972,1.1658109291244363,1.1226909862574197
1.3178663609966559,2.1553260278032407,1.0726869775338155,1.300773686972982,1.225932849952853,1.1693180512074315,1.161951107272242,0.9263602064841272,1.1927268435716873,1.4755377360631265,1.075623282758198,1.1954870524139496,1.1513571864012593,1.210471121812541,1.0979963154218768,1.0263326898496756,0.9946897848923693,0.981193948522012,1.0153794298562964,1.1460805080020882,1.0312878929875364,1.0407065741201198,1.1641748489874753,1.12411959322973
1.3170555339398078,2.1893244597926818,1.0722567187895187,1.3064641861859592,1.2270254723028742,1.1706654703275767,1.1624325755450582,0.9121389489827222,1.1943368657980962,1.4775012661472933,1.0746062429149963,1.1978863597439895,1.1504240792552733,1.204226119730998,1.091815694432261,1.0287470582798899,0.995069296142776,0.9785826644082379,1.015532415514391,1.1478735555080084,1.0304264826159544,1.0457642727449377,1.1635798275880336,1.1260975431809481
1.3257249809723919,2.197712098747427,1.071703249147446,1.310284671577509,1.2235783209900366,1.1701439178217405,1.1699990562523235,0.9111301467178682,1.1869671882441095,1.4728263027628485,1.0749320474261725,1.1976718140494431,1.1548072834491945,1.2030576232194932,1.0902291056175828,1.0290073784150673,0.9946584990827233,0.9759993906022219,1.0154199149243437,1.1484853101644992,1.0303847774866004,1.0440955492714061,1.1636596530287577,1.1264645254039993
1.329305427511891,2.1929055972509817,1.0765987144169245,1.3069249125726237,1.2304332110310097,1.170656168903561,1.1678561695037304,0.9099785259213357,1.1956189018287975,1.470706185571723,1.0760891898266614,1.1996914058787156,1.1489753106272786,1.2055775371776563,1.0938839540102494,1.0301804019257899,0.9946217402424247,0.9740690782836583,1.0151885497638589,1.1494714730592757,1.018139344535238,1.045440051808454,1.1675790080748583,1.1279133312104197
1.3329169650598816,2.211481549709189,1.0801457342919376,1.3099747325350606,1.2324129615338064,1.171833056921121,1.1653616853687532,0.9049108503203461,1.2097122828055638,1.4751801039653805,1.0779228013894053,1.1960924254090355,1.155295212727193,1.2092729686627537,1.1059374842042866,1.027768000184308,0.9953490751193929,0.9746043920314046,1.0150291728906753,1.1485551090301596,1.0231403923514344,1.0503758909865917,1.169301147098713,1.129958197653671
1.3379941925694572,2.2156597905535462,1.0777910686955383,1.3109633642892413,1.2336711773670133,1.1732097273448239,1.1622504896571635,0.8961729711383702,1.213817713515284,1.4759762792745803,1.0775166863044814,1.1977795723476612,1.1554334063537144,1.2117578537957325,1.108459482291443,1.0276020693286931,0.9944981635742793,0.9738137601165566,1.0145827372212994,1.1480953161637824,1.0265775081130295,1.0544116750743628,1.1686609209551575,1.1321746441485305
1.3434072467705205,2.2141012148279797,1.0768389154972602,1.3201098130349165,1.2379420811871775,1.1662153201562224,1.166017095121698,0.9009287397211556,1.2203724534770237,1.477121056970865,1.076351272287382,1.2011420584610197,1.1596485906100724,1.2185135983629278,1.105691360099732,1.0264268566820716,0.9945057992290238,0.9713708000545895,1.014656585854434,1.1438777189168257,1.0260473885171961,1.0535406454376959,1.1681699646828674,1.1340707771863012
1.3346467339488677,2.221256959386334,1.0796059059722558,1.3252338364062248,1.233033954514205,1.1722206153914592,1.1586760968438912,0.9036551949786501,1.2186840061451667,1.475369696298274,1.0743121995917202,1.2174428027847266,1.162141433036583,1.2193230609170271,1.1017499200374605,1.0325254471889205,0.994479859558354,0.9679973472315163,1.0147507085635652,1.1448799812876886,1.028309026988106,1.048309402675821,1.1722160507232906,1.1343724835426214
1.3422542976195415,2.221852802984753,1.0820671791664884,1.3221734242588257,1.2305541862053844,1.1760629243522382,1.1559768364576832,0.9054533729247921,1.215989589501698,1.4786237299597218,1.0745829300127354,1.2189482875380808,1.1634670365807187,1.2197841808018337,1.1007787176036707,1.030292305295748,0.9960903047304426,0.9701418791221289,1.0145687234477438,1.1421521401633874,1.0272735595389082,1.053777357987232,1.172951923569965,1.136084189041395
1.3450970632708812,2.197057283852931,1.0850808134020133,1.3187544654699852,1.2301927214548238,1.1785373269092567,1.1554384011102503,0.9108567254533083,1.208285339459111,1.4784178606409377,1.0750235157376764,1.222159993876971,1.1633591732012907,1.22301904752013,1.1086656760867895,1.0303361251718863,0.9966173366182952,0.9684057963555428,1.0144604890823934,1.1427959092178341,1.0340518126022173,1.0579982875700342,1.1747020600917923,1.1353562156991492
1.3548346787496435,2.20730778057976,1.0829265628064393,1.3151561466378818,1.2266406369220233,1.1881149818004981,1.1593140379103604,0.9106312607374114,1.2074199714448346,1.483180382831674,1.078778381168111,1.2283904411713429,1.1637729092443578,1.220531120360891,1.1104922312407761,1.0326149784831102,0.9968664380055118,0.9674943263142759,1.0155084094429567,1.1438386015643245,1.0142987226334654,1.0571778259669427,1.168579831197317,1.135522319851603
1.3462509084182068,2.2242183678848635,1.0864515547675464,1.311386706383549,1.2284829676893358,1.191985505433549,1.1577787885474276,0.9065789318542408,1.2159716888693552,1.4868145914384292,1.0780844778912129,1.228099278956379,1.1607839640605513,1.2227073376069089,1.1138583121321068,1.0294586469100537,0.9955975397004584,0.9674780118453565,1.015684855861579,1.139571116492994,1.0109791292554786,1.0566158793297478,1.169583667630595,1.1407642430924565
1.343174688883774,2.2057965934716455,1.0875140015916651,1.3094511796232746,1.2282634678604876,1.2023701792236043,1.1585710230324258,0.916290994909025,1.2118812133372543,1.4892943971462407,1.081813075929227,1.2275848734148416,1.162365299260603,1.2216331601563495,1.1100146200552605,1.0284216866068188,0.994981140207753,0.9658865307829712,1.0153415040425744,1.1387356903149242,1.009632811170619,1.0544515402304842,1.1735832337655434,1.1433315920435787
1.3372436835007144,2.217211480863993,1.0861709434636602,1.312217709863612,1.2323384746393595,1.2005639292089034,1.1611660939781983,0.9177447549654582,1.214911079942554,1.5072662986300058,1.0836763474104318,1.2252234497049979,1.1621517448746017,1.220255076432914,1.1109314127869696,1.0287480871695818,0.9943808247563056,0.9678258373343136,1.0158081317227572,1.1387966385026642,1.011380293320622,1.0553991246452705,1.1709244619168746,1.1418657574430924
1.341601065282204,2.2317207964047947,1.0888868967268626,1.312684797827939,1.2347233443160655,1.1996779097777603,1.1591796003942905,0.9059520813191687,1.221716036962937,1.5132942721324105,1.0815386896277814,1.2268139914996878,1.1663745032470747,1.2178213809385205,1.108021545332209,1.0292385905763932,0.994077469007145,0.9696401664474412,1.0160283611470293,1.1408768065268626,1.0016642036400976,1.0563549722928884,1.1745515069310712,1.1436702708388868
1.339504597186125,2.221161807810345,1.0896444629533457,1.3090225923568715,1.2413191842316915,1.1999740125096148,1.1702360101053464,0.9069757880469302,1.231518315813986,1.5210454017553514,1.0802848012507942,1.2284407315956885,1.1680493692726621,1.2195252768907925,1.109613103833028,1.0300150039384723,0.9941707064315461,0.967236539908955,1.0161050202392194,1.1400191773993682,1.0025591580661568,1.0543726025770699,1.170694076847763,1.143902653440709
1.3358803549537537,2.2460563689057524,1.0884404748487575,1.3073464296428445,1.2404174781813178,1.2010691589547409,1.1684761066961156,0.9078294719281247,1.2396925863154806,1.5290765892597735,1.0802967754964528,1.2313996573516721,1.1651794863049583,1.222692297553164,1.1059492084186062,1.032816557175273,0.9949464488921126,0.9701395596228025,1.0160779577613561,1.1410504237770391,1.0005136054606212,1.052657827486697,1.1773541676664756,1.1437713546487709
1.3421399583869258,2.252876018122828,1.0905571807427525,1.305668187423375,1.2395667635969274,1.1914595202797365,1.1657372476031937,0.9031444782893207,1.2418680735630079,1.5335009419207906,1.0809274389908847,1.2274844125286701,1.1618174481601073,1.2234558491501109,1.1054307076596752,1.0402918269828312,0.9962885983212755,0.9700269063954668,1.015964769684376,1.1404392024316508,1.0084267026782414,1.0459856954902456,1.1774412495433717,1.1444203116799223
1.3370638846352774,2.2939325289086714,1.0930744160818675,1.3077119131325956,1.244921011357308,1.1921560233248265,1.1604994254333387,0.8968392452760628,1.2473424481853683,1.5326833546117877,1.0819964954471872,1.230060590420749,1.156249483626508,1.2193417931511052,1.1079943922787554,1.0433794901855176,0.9963995687116878,0.9736228826499348,1.0157896627247847,1.1424855379461616,1.0153007323482715,1.0479523138826878,1.1772530286006386,1.143411102270222
1.3353960981962465,2.2954303669673903,1.0952986498560735,1.3150127154639837,1.2464005047121935,1.1947153341386796,1.158895578705015,0.8964301538337106,1.2413737227043888,1.538604323691218,1.0848570044881407,1.2327057183744994,1.160135880706424,1.2207739470213186,1.1109793915886697,1.0400325100061272,0.997763909601016,0.9709844866721389,1.0157533094819844,1.1410526676589896,1.0185366553012007,1.0481430490737116,1.1837623972042526,1.1442763582773963
1.341287754659228,2.301331259108289,1.0949206989234426,1.313939059050856,1.2429586771107426,1.1907238000449907,1.162648722810577,0.8964616609824432,1.247537333045534,1.541301994244802,1.0825562208556982,1.234870406276445,1.1583814443191656,1.2219216574676135,1.1114354392050274,1.0363897948687422,0.9971628318651257,0.9701928024343849,1.0160589676823906,1.1409584889720639,1.0156076389980633,1.0492626183622011,1.1833722040247425,1.1452335781987928
1.3341543499791149,2.301192956757784,1.0981533702636823,1.3047406916067628,1.240195212548792,1.1882316851566397,1.164210586357754,0.897646535925541,1.2512444369078979,1.5453009376993263,1.0825167482173252,1.2318718526747752,1.1589892882033168,1.2217248708985289,1.1128596258667975,1.0366650908406492,0.9965144113468977,0.9732103222446968,1.0164205767410681,1.143162601078325,1.0184265462413673,1.0502461200706756,1.1798960693707552,1.1455352590229224
1.338118264268481,2.289116572927662,1.099098489222403,1.298984637658729,1.2431734700142207,1.1852999486462783,1.1654856813842658,0.9005811612012586,1.2377832986003277,1.551555603250512,1.0839895527045051,1.2353814335679039,1.1522900560562188,1.223029489140301,1.112349581084913,1.0350701852507074,0.9963001034841774,0.9720100661649929,1.0162002193974187,1.1418785059952152,1.0259367445463496,1.0532529976754408,1.226930616885377,1.1452683556445649
1.343761120093988,2.307494617583456,1.0946674426970018,1.2967910551109507,1.242847623862311,1.1880777133134741,1.1622509375914205,0.9068537330699332,1.242468606272488,1.5578089574176723,1.0869829222381386,1.237340855141428,1.1500504985712192,1.2289620493438045,1.1095070380439338,1.0317960337826126,0.9958786309948098,0.9678718029355283,1.0162858287291823,1.1465667165413977,1.0307938366854046,1.0526594316464928,1.2301110730990568,1.149059807671237
1.3450039676612904,2.3254854501324917,1.0902803792183964,1.3036059751456777,1.2414796186850614,1.1856165669235286,1.1674836853092914,0.9118809034615438,1.243573132900773,1.5553576326993317,1.0855754026281956,1.2363382043530897,1.1452402232074006,1.2311514374324422,1.1077900906797615,1.036122593527829,0.9965122316352161,0.9644375840222091,1.0161870596829694,1.148330556315287,1.0280423135806975,1.050910231173321,1.2292385463893172,1.1489100437857396
1.336187294602903,2.344933931552267,1.089206514843536,1.2971018660608835,1.2392007520918855,1.1928946134329093,1.1734772869127925,0.9193810558172404,1.230291105079835,1.5518142438330276,1.0845739206007567,1.2345430584289636,1.1464925220979991,1.243473894389631,1.1098753720995098,1.0425244701309981,0.9976663955478603,0.9602225430703726,1.0166189252370261,1.145417523918276,1.0355978794348981,1.0476175414168476,1.224277684541526,1.1483879079900212
1.335088927627681,2.3306304923340457,1.0862556725724604,1.3002502391831305,1.2358189330160314,1.1927140374281702,1.1792445295761536,0.9193285813183609,1.2373332544748696,1.550690666197771,1.0867142903977471,1.2298038660539456,1.1434540227758028,1.244017953919354,1.1044612008506611,1.0408869738981816,0.9975384230802197,0.9569623013253773,1.0164796786817176,1.1466667011022589,1.0349687039487612,1.0503517086136214,1.2253230857791129,1.1461669120338531
1.3405060363884658,2.357744823575513,1.090113667487081,1.3011571340276227,1.2379706565594233,1.190357775879728,1.1804472670377344,0.9185168592223139,1.2383326837516744,1.5545893448137094,1.0875389316978434,1.232437659045245,1.1429847568389973,1.2466928623410425,1.1051144606786054,1.0432722042235931,0.995519311803124,0.9567799752946742,1.0163978016496407,1.1491609471620285,1.038120233680909,1.0480621719195715,1.2257290659082123,1.1470974481119913
1.3443006644532896,2.425349087104472,1.095839841023381,1.3063534060277393,1.2379815940615435,1.1905471521059898,1.18052001440574,0.9167819465885085,1.231263634527777,1.5551336560564892,1.0885827876477463,1.2324384041121135,1.1401954328476285,1.247170610821661,1.1101122482616366,1.0445123109934,0.995333952721176,0.9548288971630848,1.0164448499026506,1.1479849779923688,1.035482400977657,1.046176299500167,1.233315198598338,1.1488127786750288
1.3461744691878876,2.436444094086113,1.0952998164554144,1.3010626256539977,1.2384089417988877,1.1921945024628129,1.1755138650139847,0.9016636720498674,1.2344253802519036,1.5543103070593847,1.0905569429576465,1.2362504839141029,1.1462427277166483,1.2491153160258424,1.1107985527713988,1.0410400627314074,0.9958775009035447,0.9545154638740685,1.0167609675817193,1.147880400127666,1.0466068339515098,1.0466760087973204,1.2303066919766552,1.151124400321635
